Using pre-set license
Built from '2022.3/staging' branch; Version is '2022.3.22f1 (887be4894c44) revision 8944612'; Using compiler version '192829333'; Build Type 'Release'
OS: 'Windows 10  (10.0.19045) 64bit Core' Language: 'de' Physical Memory: 32689 MB
BatchMode: 1, IsHumanControllingUs: 0, StartBugReporterOnCrash: 0, Is64bit: 1, IsPro: 1

COMMAND LINE ARGUMENTS:
C:\Program Files\Unity\Hub\Editor\2022.3.22f1\Editor\Unity.exe
-adb2
-batchMode
-noUpm
-name
AssetImportWorker2
-projectPath
E:/Projekte/[Github] Repository/Crystal Alchemist/CrystalAlchemist/Crystal Alchemist
-logFile
Logs/AssetImportWorker2.log
-srvPort
56768
Successfully changed project path to: E:/Projekte/[Github] Repository/Crystal Alchemist/CrystalAlchemist/Crystal Alchemist
E:/Projekte/[Github] Repository/Crystal Alchemist/CrystalAlchemist/Crystal Alchemist
[UnityMemory] Configuration Parameters - Can be set up in boot.config
    "memorysetup-bucket-allocator-granularity=16"
    "memorysetup-bucket-allocator-bucket-count=8"
    "memorysetup-bucket-allocator-block-size=33554432"
    "memorysetup-bucket-allocator-block-count=8"
    "memorysetup-main-allocator-block-size=16777216"
    "memorysetup-thread-allocator-block-size=16777216"
    "memorysetup-gfx-main-allocator-block-size=16777216"
    "memorysetup-gfx-thread-allocator-block-size=16777216"
    "memorysetup-cache-allocator-block-size=4194304"
    "memorysetup-typetree-allocator-block-size=2097152"
    "memorysetup-profiler-bucket-allocator-granularity=16"
    "memorysetup-profiler-bucket-allocator-bucket-count=8"
    "memorysetup-profiler-bucket-allocator-block-size=33554432"
    "memorysetup-profiler-bucket-allocator-block-count=8"
    "memorysetup-profiler-allocator-block-size=16777216"
    "memorysetup-profiler-editor-allocator-block-size=1048576"
    "memorysetup-temp-allocator-size-main=16777216"
    "memorysetup-job-temp-allocator-block-size=2097152"
    "memorysetup-job-temp-allocator-block-size-background=1048576"
    "memorysetup-job-temp-allocator-reduction-small-platforms=262144"
    "memorysetup-allocator-temp-initial-block-size-main=262144"
    "memorysetup-allocator-temp-initial-block-size-worker=262144"
    "memorysetup-temp-allocator-size-background-worker=32768"
    "memorysetup-temp-allocator-size-job-worker=262144"
    "memorysetup-temp-allocator-size-preload-manager=33554432"
    "memorysetup-temp-allocator-size-nav-mesh-worker=65536"
    "memorysetup-temp-allocator-size-audio-worker=65536"
    "memorysetup-temp-allocator-size-cloud-worker=32768"
    "memorysetup-temp-allocator-size-gi-baking-worker=262144"
    "memorysetup-temp-allocator-size-gfx=262144"
Player connection [10972] Host "[IP] 192.168.178.62 [Port] 0 [Flags] 2 [Guid] 1226142556 [EditorId] 1226142556 [Version] 1048832 [Id] WindowsEditor(7,DESKTOP-LB0NI17) [Debug] 1 [PackageName] WindowsEditor [ProjectName] Editor" joined multi-casting on [225.0.0.222:54997]...

Player connection [10972] Host "[IP] 192.168.178.62 [Port] 0 [Flags] 2 [Guid] 1226142556 [EditorId] 1226142556 [Version] 1048832 [Id] WindowsEditor(7,DESKTOP-LB0NI17) [Debug] 1 [PackageName] WindowsEditor [ProjectName] Editor" joined alternative multi-casting on [225.0.0.222:34997]...

[Physics::Module] Initialized MultithreadedJobDispatcher with 11 workers.
Refreshing native plugins compatible for Editor in 17.99 ms, found 3 plugins.
Preloading 0 native plugins for Editor in 0.00 ms.
Initialize engine version: 2022.3.22f1 (887be4894c44)
[Subsystems] Discovering subsystems at path C:/Program Files/Unity/Hub/Editor/2022.3.22f1/Editor/Data/Resources/UnitySubsystems
[Subsystems] Discovering subsystems at path E:/Projekte/[Github] Repository/Crystal Alchemist/CrystalAlchemist/Crystal Alchemist/Assets
GfxDevice: creating device client; threaded=0; jobified=0
Direct3D:
    Version:  Direct3D 11.0 [level 11.1]
    Renderer: NVIDIA GeForce RTX 3070 (ID=0x2488)
    Vendor:   NVIDIA
    VRAM:     8018 MB
    Driver:   31.0.15.5123
Initialize mono
Mono path[0] = 'C:/Program Files/Unity/Hub/Editor/2022.3.22f1/Editor/Data/Managed'
Mono path[1] = 'C:/Program Files/Unity/Hub/Editor/2022.3.22f1/Editor/Data/MonoBleedingEdge/lib/mono/unityjit-win32'
Mono config path = 'C:/Program Files/Unity/Hub/Editor/2022.3.22f1/Editor/Data/MonoBleedingEdge/etc'
Using monoOptions --debugger-agent=transport=dt_socket,embedding=1,server=y,suspend=n,address=127.0.0.1:56332
Begin MonoManager ReloadAssembly
Registering precompiled unity dll's ...
Register platform support module: C:/Program Files/Unity/Hub/Editor/2022.3.22f1/Editor/Data/PlaybackEngines/AndroidPlayer/UnityEditor.Android.Extensions.dll
Register platform support module: C:/Program Files/Unity/Hub/Editor/2022.3.22f1/Editor/Data/PlaybackEngines/WindowsStandaloneSupport/UnityEditor.WindowsStandalone.Extensions.dll
Registered in 0.013932 seconds.
- Loaded All Assemblies, in  0.308 seconds
Native extension for WindowsStandalone target not found
Native extension for Android target not found
Android Extension - Scanning For ADB Devices 242 ms
Mono: successfully reloaded assembly
- Finished resetting the current domain, in  0.509 seconds
Domain Reload Profiling: 813ms
	BeginReloadAssembly (99ms)
		ExecutionOrderSort (0ms)
		DisableScriptedObjects (0ms)
		BackupInstance (0ms)
		ReleaseScriptingObjects (0ms)
		CreateAndSetChildDomain (1ms)
	RebuildCommonClasses (27ms)
	RebuildNativeTypeToScriptingClass (9ms)
	initialDomainReloadingComplete (61ms)
	LoadAllAssembliesAndSetupDomain (108ms)
		LoadAssemblies (96ms)
		RebuildTransferFunctionScriptingTraits (0ms)
		AnalyzeDomain (106ms)
			TypeCache.Refresh (105ms)
				TypeCache.ScanAssembly (96ms)
			ScanForSourceGeneratedMonoScriptInfo (0ms)
			ResolveRequiredComponents (0ms)
	FinalizeReload (509ms)
		ReleaseScriptCaches (0ms)
		RebuildScriptCaches (0ms)
		SetupLoadedEditorAssemblies (462ms)
			LogAssemblyErrors (0ms)
			InitializePlatformSupportModulesInManaged (339ms)
			SetLoadedEditorAssemblies (3ms)
			RefreshPlugins (0ms)
			BeforeProcessingInitializeOnLoad (3ms)
			ProcessInitializeOnLoadAttributes (85ms)
			ProcessInitializeOnLoadMethodAttributes (32ms)
			AfterProcessingInitializeOnLoad (0ms)
			EditorAssembliesLoaded (0ms)
		ExecutionOrderSort2 (0ms)
		AwakeInstancesAfterBackupRestoration (0ms)
========================================================================
Worker process is ready to serve import requests
Begin MonoManager ReloadAssembly
Symbol file LoadedFromMemory is not a mono symbol file
- Loaded All Assemblies, in  0.728 seconds
Refreshing native plugins compatible for Editor in 6.29 ms, found 3 plugins.
Native extension for WindowsStandalone target not found
Native extension for Android target not found
Package Manager log level set to [2]
[Package Manager] Server::EnsureServerProcessIsRunning -- launch failed, reason: Unity was launched with the -noUpm command-line argument
[Package Manager] UpmClient::Send -- Unable to send message (not connected to UPM process).
[Package Manager] Cannot connect to Unity Package Manager local server
Launched and connected shader compiler UnityShaderCompiler.exe after 0.04 seconds
Mono: successfully reloaded assembly
- Finished resetting the current domain, in  1.944 seconds
Domain Reload Profiling: 2668ms
	BeginReloadAssembly (122ms)
		ExecutionOrderSort (0ms)
		DisableScriptedObjects (4ms)
		BackupInstance (0ms)
		ReleaseScriptingObjects (0ms)
		CreateAndSetChildDomain (18ms)
	RebuildCommonClasses (24ms)
	RebuildNativeTypeToScriptingClass (8ms)
	initialDomainReloadingComplete (41ms)
	LoadAllAssembliesAndSetupDomain (528ms)
		LoadAssemblies (378ms)
		RebuildTransferFunctionScriptingTraits (0ms)
		AnalyzeDomain (223ms)
			TypeCache.Refresh (175ms)
				TypeCache.ScanAssembly (156ms)
			ScanForSourceGeneratedMonoScriptInfo (34ms)
			ResolveRequiredComponents (14ms)
	FinalizeReload (1945ms)
		ReleaseScriptCaches (0ms)
		RebuildScriptCaches (0ms)
		SetupLoadedEditorAssemblies (1760ms)
			LogAssemblyErrors (0ms)
			InitializePlatformSupportModulesInManaged (25ms)
			SetLoadedEditorAssemblies (4ms)
			RefreshPlugins (0ms)
			BeforeProcessingInitializeOnLoad (122ms)
			ProcessInitializeOnLoadAttributes (1329ms)
			ProcessInitializeOnLoadMethodAttributes (265ms)
			AfterProcessingInitializeOnLoad (14ms)
			EditorAssembliesLoaded (0ms)
		ExecutionOrderSort2 (0ms)
		AwakeInstancesAfterBackupRestoration (5ms)
Refreshing native plugins compatible for Editor in 8.35 ms, found 3 plugins.
Preloading 0 native plugins for Editor in 0.00 ms.
Unloading 6465 Unused Serialized files (Serialized files now loaded: 0)
Unloading 149 unused Assets / (3.2 MB). Loaded Objects now: 6949.
Memory consumption went from 272.0 MB to 268.8 MB.
Total: 16.950800 ms (FindLiveObjects: 0.581000 ms CreateObjectMapping: 0.353100 ms MarkObjects: 14.857300 ms  DeleteObjects: 1.158700 ms)

AssetImportParameters requested are different than current active one (requested -> active):
  custom:container-demuxer-ogg: 62fdf1f143b41e24485cea50d1cbac27 -> 
  custom:video-decoder-ogg-theora: a1e56fd34408186e4bbccfd4996cb3dc -> 
  custom:scripting/monoscript/fileName/Cutscene.cs: b48d314a7bd0254c2a6d0267e621de43 -> 
  custom:framework-win-MediaFoundation: 216162199b28c13a410421893ffa2e32 -> 
  custom:CustomObjectIndexerAttribute: 72b91833f83ae208fae7752999fa3104 -> 
  custom:container-demuxer-webm: 4f35f7cbe854078d1ac9338744f61a02 -> 
  custom:container-muxer-webm: aa71ff27fc2769a1b78a27578f13a17b -> 
  custom:video-decoder-webm-vp8: 9c59270c3fd7afecdb556c50c9e8de78 -> 
  custom:SearchIndexIgnoredProperties: e643bd26f0fe6173181afceb89e7c659 -> 
  custom:AudioImporter_EditorPlatform: d09bf68614088b80899f8185d706f6e7 -> 
  custom:scripting/monoscript/fileName/CustomEvent.cs: 5e78259ed3d36b8757eca6fb45d668b1 -> e882e03c3066f644b478f7801ba4f72b
  custom:scripting/monoscript/fileName/Goddess.cs: c78d2f053f97759377a4ee13e811f021 -> 
  custom:scripting/monoscript/fileName/SkipCutscene.cs: 8a94bc49eb3b0fa2d2bef4b3782e7944 -> c43346a55a349eae9ec7b54b6088a1a2
  custom:video-encoder-webm-vp8: eb34c28f22e8b96e1ab97ce403110664 -> 
  custom:audio-decoder-ogg-vorbis: bf7c407c2cedff20999df2af8eb42d56 -> 
  custom:audio-encoder-webm-vorbis: bf7c407c2cedff20999df2af8eb42d56 -> 
  custom:scripting/monoscript/fileName/CutsceneCharacterMovement.cs: d266e7130a9c0007cbb7e86424a5cebf -> bad45eee895100f51ecc1701c9ab68c2
  custom:scripting/monoscript/fileName/PlayCutscene.cs: b351b9fc28864a6275c5a25c8823f0a1 -> 82f6fb680737ab96ef8cb55f7ca42e9b
========================================================================
Received Import Request.
  Time since last request: 193467.422841 seconds.
  path: Assets/TilePallets/Base Colors/Snow.asset
  artifactKey: Guid(491f4c6caa8424a4b9ebd86aab0c3e0e) Importer(2089858483,0ecaa5967403d082aa24f35e1b516d23)
Start importing Assets/TilePallets/Base Colors/Snow.asset using Guid(491f4c6caa8424a4b9ebd86aab0c3e0e) Importer(2089858483,0ecaa5967403d082aa24f35e1b516d23)  -> (artifact id: '5101270d75de85e982705a263b631859') in 0.194050 seconds
Number of updated asset objects reloaded before import = 0
Number of asset objects unloaded after import = 3
========================================================================
Received Import Request.
  Time since last request: 0.000016 seconds.
  path: Assets/TilePallets/Cave/cave_27.asset
  artifactKey: Guid(3be9a24fbf196034eae3c1b966ed376a) Importer(2089858483,0ecaa5967403d082aa24f35e1b516d23)
Start importing Assets/TilePallets/Cave/cave_27.asset using Guid(3be9a24fbf196034eae3c1b966ed376a) Importer(2089858483,0ecaa5967403d082aa24f35e1b516d23)  -> (artifact id: 'be62f1b2d9ca79e29ebdfcadf366269b') in 0.005932 seconds
Number of updated asset objects reloaded before import = 0
Number of asset objects unloaded after import = 3
========================================================================
Received Import Request.
  Time since last request: 0.000018 seconds.
  path: Assets/TilePallets/Cave/cave_37.asset
  artifactKey: Guid(6060b0e1e7d40ec41aeb5053c4537786) Importer(2089858483,0ecaa5967403d082aa24f35e1b516d23)
Start importing Assets/TilePallets/Cave/cave_37.asset using Guid(6060b0e1e7d40ec41aeb5053c4537786) Importer(2089858483,0ecaa5967403d082aa24f35e1b516d23)  -> (artifact id: 'fdbf7a757518907282cf39038bea6b2a') in 0.006191 seconds
Number of updated asset objects reloaded before import = 0
Number of asset objects unloaded after import = 3
========================================================================
Received Import Request.
  Time since last request: 0.000018 seconds.
  path: Assets/TilePallets/Cave/cave_95.asset
  artifactKey: Guid(6676b995e05ddd445aeb0d30bc4da3d3) Importer(2089858483,0ecaa5967403d082aa24f35e1b516d23)
Start importing Assets/TilePallets/Cave/cave_95.asset using Guid(6676b995e05ddd445aeb0d30bc4da3d3) Importer(2089858483,0ecaa5967403d082aa24f35e1b516d23)  -> (artifact id: 'bd0f99c9be68d06ec6e428bdf0e77e36') in 0.006207 seconds
Number of updated asset objects reloaded before import = 0
Number of asset objects unloaded after import = 3
========================================================================
Received Import Request.
  Time since last request: 0.000012 seconds.
  path: Assets/TilePallets/Cave/Cliff 33.asset
  artifactKey: Guid(cda6c16a880fc5446a6a782721801f94) Importer(2089858483,0ecaa5967403d082aa24f35e1b516d23)
Start importing Assets/TilePallets/Cave/Cliff 33.asset using Guid(cda6c16a880fc5446a6a782721801f94) Importer(2089858483,0ecaa5967403d082aa24f35e1b516d23)  -> (artifact id: 'bf99d0f4f8a84239dfc60b24cc609a9f') in 0.005484 seconds
Number of updated asset objects reloaded before import = 0
Number of asset objects unloaded after import = 3
========================================================================
Received Import Request.
  Time since last request: 0.000011 seconds.
  path: Assets/TilePallets/Cave/cave_77.asset
  artifactKey: Guid(84fa8caa7fbfa624dbc75f8c7123cd8d) Importer(2089858483,0ecaa5967403d082aa24f35e1b516d23)
Start importing Assets/TilePallets/Cave/cave_77.asset using Guid(84fa8caa7fbfa624dbc75f8c7123cd8d) Importer(2089858483,0ecaa5967403d082aa24f35e1b516d23)  -> (artifact id: 'b3863411ea1f352f17b9b949a8997971') in 0.005387 seconds
Number of updated asset objects reloaded before import = 0
Number of asset objects unloaded after import = 3
========================================================================
Received Import Request.
  Time since last request: 0.000011 seconds.
  path: Assets/TilePallets/Cave/cave_3.asset
  artifactKey: Guid(cfa999cc93be2714d8b342ddffeb73f6) Importer(2089858483,0ecaa5967403d082aa24f35e1b516d23)
Start importing Assets/TilePallets/Cave/cave_3.asset using Guid(cfa999cc93be2714d8b342ddffeb73f6) Importer(2089858483,0ecaa5967403d082aa24f35e1b516d23)  -> (artifact id: '5842bd90e0ec2de58c2a4c231cd0e19f') in 0.006695 seconds
Number of updated asset objects reloaded before import = 0
Number of asset objects unloaded after import = 3
========================================================================
Received Import Request.
  Time since last request: 0.000010 seconds.
  path: Assets/TilePallets/Cave/cave_9.asset
  artifactKey: Guid(a15ccc42d274e2949ab35bdd5ad92e07) Importer(2089858483,0ecaa5967403d082aa24f35e1b516d23)
Start importing Assets/TilePallets/Cave/cave_9.asset using Guid(a15ccc42d274e2949ab35bdd5ad92e07) Importer(2089858483,0ecaa5967403d082aa24f35e1b516d23)  -> (artifact id: 'c8fabddebe540c715c217d1f4bc3be79') in 0.005932 seconds
Number of updated asset objects reloaded before import = 0
Number of asset objects unloaded after import = 3
========================================================================
Received Import Request.
  Time since last request: 0.000010 seconds.
  path: Assets/TilePallets/Cave/cave_1.asset
  artifactKey: Guid(f64e186fbc545ff49b15972d28985a2e) Importer(2089858483,0ecaa5967403d082aa24f35e1b516d23)
Start importing Assets/TilePallets/Cave/cave_1.asset using Guid(f64e186fbc545ff49b15972d28985a2e) Importer(2089858483,0ecaa5967403d082aa24f35e1b516d23)  -> (artifact id: '66c0250d0f08851bd981f3b3deb90dac') in 0.005556 seconds
Number of updated asset objects reloaded before import = 0
Number of asset objects unloaded after import = 3
========================================================================
Received Import Request.
  Time since last request: 0.000012 seconds.
  path: Assets/TilePallets/Cave/cave_12.asset
  artifactKey: Guid(9beaaede3a03e6a4aaddb723d5b13c71) Importer(2089858483,0ecaa5967403d082aa24f35e1b516d23)
Start importing Assets/TilePallets/Cave/cave_12.asset using Guid(9beaaede3a03e6a4aaddb723d5b13c71) Importer(2089858483,0ecaa5967403d082aa24f35e1b516d23)  -> (artifact id: 'b25baffe9dbadb79396204f9a2c7af02') in 0.006358 seconds
Number of updated asset objects reloaded before import = 0
Number of asset objects unloaded after import = 3
========================================================================
Received Import Request.
  Time since last request: 0.000010 seconds.
  path: Assets/TilePallets/Cave/cave_81.asset
  artifactKey: Guid(e2aa515381adf7744aa95c2e0352b369) Importer(2089858483,0ecaa5967403d082aa24f35e1b516d23)
Start importing Assets/TilePallets/Cave/cave_81.asset using Guid(e2aa515381adf7744aa95c2e0352b369) Importer(2089858483,0ecaa5967403d082aa24f35e1b516d23)  -> (artifact id: 'f977b6e703ce2bd8f224433c4346460d') in 0.006307 seconds
Number of updated asset objects reloaded before import = 0
Number of asset objects unloaded after import = 3
========================================================================
Received Import Request.
  Time since last request: 0.000011 seconds.
  path: Assets/TilePallets/Cave/Cliff 12.asset
  artifactKey: Guid(5bf70b6a5b8404e4994b3e567274c57b) Importer(2089858483,0ecaa5967403d082aa24f35e1b516d23)
Start importing Assets/TilePallets/Cave/Cliff 12.asset using Guid(5bf70b6a5b8404e4994b3e567274c57b) Importer(2089858483,0ecaa5967403d082aa24f35e1b516d23)  -> (artifact id: '9d5f9d49127d3dd262f4d65aee786e14') in 0.005509 seconds
Number of updated asset objects reloaded before import = 0
Number of asset objects unloaded after import = 3
========================================================================
Received Import Request.
  Time since last request: 0.000012 seconds.
  path: Assets/TilePallets/Cave/cave_108.asset
  artifactKey: Guid(0b8e5cf2d9f190e42ad300b61ac8001f) Importer(2089858483,0ecaa5967403d082aa24f35e1b516d23)
Start importing Assets/TilePallets/Cave/cave_108.asset using Guid(0b8e5cf2d9f190e42ad300b61ac8001f) Importer(2089858483,0ecaa5967403d082aa24f35e1b516d23)  -> (artifact id: '23a1e1fe4c9ff16b06d1762da062a5e8') in 0.005896 seconds
Number of updated asset objects reloaded before import = 0
Number of asset objects unloaded after import = 3
========================================================================
Received Import Request.
  Time since last request: 0.000011 seconds.
  path: Assets/TilePallets/Cave/cave_46.asset
  artifactKey: Guid(77ec5013ccd7cdd498ac7cb286eb282d) Importer(2089858483,0ecaa5967403d082aa24f35e1b516d23)
Start importing Assets/TilePallets/Cave/cave_46.asset using Guid(77ec5013ccd7cdd498ac7cb286eb282d) Importer(2089858483,0ecaa5967403d082aa24f35e1b516d23)  -> (artifact id: 'bd41aac0f8d3de16c90ec1745d2b6197') in 0.005621 seconds
Number of updated asset objects reloaded before import = 0
Number of asset objects unloaded after import = 3
========================================================================
Received Import Request.
  Time since last request: 0.000011 seconds.
  path: Assets/TilePallets/Cave/cave_69.asset
  artifactKey: Guid(b3daca5723679df479b7d8dd8ded94c2) Importer(2089858483,0ecaa5967403d082aa24f35e1b516d23)
Start importing Assets/TilePallets/Cave/cave_69.asset using Guid(b3daca5723679df479b7d8dd8ded94c2) Importer(2089858483,0ecaa5967403d082aa24f35e1b516d23)  -> (artifact id: '0f39126f0f899ce192c6ab68120d19dd') in 0.006881 seconds
Number of updated asset objects reloaded before import = 0
Number of asset objects unloaded after import = 3
========================================================================
Received Import Request.
  Time since last request: 0.000015 seconds.
  path: Assets/TilePallets/Cave/cave_16.asset
  artifactKey: Guid(341c703cf88941c45ab94c909fef5c87) Importer(2089858483,0ecaa5967403d082aa24f35e1b516d23)
Start importing Assets/TilePallets/Cave/cave_16.asset using Guid(341c703cf88941c45ab94c909fef5c87) Importer(2089858483,0ecaa5967403d082aa24f35e1b516d23)  -> (artifact id: '1ca7f221dc556de0ea7bccd02cb1453e') in 0.007488 seconds
Number of updated asset objects reloaded before import = 0
Number of asset objects unloaded after import = 3
========================================================================
Received Import Request.
  Time since last request: 0.000014 seconds.
  path: Assets/TilePallets/Cave/cave_28.asset
  artifactKey: Guid(229cb70813f8f20458b9607d0cc36299) Importer(2089858483,0ecaa5967403d082aa24f35e1b516d23)
Start importing Assets/TilePallets/Cave/cave_28.asset using Guid(229cb70813f8f20458b9607d0cc36299) Importer(2089858483,0ecaa5967403d082aa24f35e1b516d23)  -> (artifact id: '274503cad306a7160ac672eab4d145cf') in 0.008500 seconds
Number of updated asset objects reloaded before import = 0
Number of asset objects unloaded after import = 3
========================================================================
Received Import Request.
  Time since last request: 0.000019 seconds.
  path: Assets/TilePallets/Cave/Cliff 19.asset
  artifactKey: Guid(6de6f14233af0064a9e47a82ee41a86a) Importer(2089858483,0ecaa5967403d082aa24f35e1b516d23)
Start importing Assets/TilePallets/Cave/Cliff 19.asset using Guid(6de6f14233af0064a9e47a82ee41a86a) Importer(2089858483,0ecaa5967403d082aa24f35e1b516d23)  -> (artifact id: 'ea51c3dc9a9c91a79243d9f33150ab5c') in 0.006669 seconds
Number of updated asset objects reloaded before import = 0
Number of asset objects unloaded after import = 3
========================================================================
Received Import Request.
  Time since last request: 0.000014 seconds.
  path: Assets/TilePallets/Cave/Cliff 34.asset
  artifactKey: Guid(aff6942b125d53d499f5320e0c787774) Importer(2089858483,0ecaa5967403d082aa24f35e1b516d23)
Start importing Assets/TilePallets/Cave/Cliff 34.asset using Guid(aff6942b125d53d499f5320e0c787774) Importer(2089858483,0ecaa5967403d082aa24f35e1b516d23)  -> (artifact id: '41f7052eeafd26bcf7deaa293ad613d4') in 0.006845 seconds
Number of updated asset objects reloaded before import = 0
Number of asset objects unloaded after import = 3
========================================================================
Received Import Request.
  Time since last request: 0.000017 seconds.
  path: Assets/TilePallets/Cave/cave_111.asset
  artifactKey: Guid(625e458095162bc4cad18225ff4386a3) Importer(2089858483,0ecaa5967403d082aa24f35e1b516d23)
Start importing Assets/TilePallets/Cave/cave_111.asset using Guid(625e458095162bc4cad18225ff4386a3) Importer(2089858483,0ecaa5967403d082aa24f35e1b516d23)  -> (artifact id: '082a8f4a88a1beeca9ba24645f9fb35d') in 0.005955 seconds
Number of updated asset objects reloaded before import = 0
Number of asset objects unloaded after import = 3
========================================================================
Received Import Request.
  Time since last request: 0.000017 seconds.
  path: Assets/TilePallets/Cave/cave_73.asset
  artifactKey: Guid(7fa49db0b2e63a94185eb4b1b282e055) Importer(2089858483,0ecaa5967403d082aa24f35e1b516d23)
Start importing Assets/TilePallets/Cave/cave_73.asset using Guid(7fa49db0b2e63a94185eb4b1b282e055) Importer(2089858483,0ecaa5967403d082aa24f35e1b516d23)  -> (artifact id: 'dc0458a0c16f0d371a9cd6ec119ab6a5') in 0.006581 seconds
Number of updated asset objects reloaded before import = 0
Number of asset objects unloaded after import = 3
========================================================================
Received Import Request.
  Time since last request: 0.000010 seconds.
  path: Assets/TilePallets/Cave/Cliff 14.asset
  artifactKey: Guid(af601a5a724ad5a49b69afb69c9b86a4) Importer(2089858483,0ecaa5967403d082aa24f35e1b516d23)
Start importing Assets/TilePallets/Cave/Cliff 14.asset using Guid(af601a5a724ad5a49b69afb69c9b86a4) Importer(2089858483,0ecaa5967403d082aa24f35e1b516d23)  -> (artifact id: '33a7840180a16d4fb6213609da87cca6') in 0.005523 seconds
Number of updated asset objects reloaded before import = 0
Number of asset objects unloaded after import = 3
========================================================================
Received Import Request.
  Time since last request: 0.000010 seconds.
  path: Assets/TilePallets/Cave/cave_113.asset
  artifactKey: Guid(d14e00ddd23eb464e9f4a58c4671c3ab) Importer(2089858483,0ecaa5967403d082aa24f35e1b516d23)
Start importing Assets/TilePallets/Cave/cave_113.asset using Guid(d14e00ddd23eb464e9f4a58c4671c3ab) Importer(2089858483,0ecaa5967403d082aa24f35e1b516d23)  -> (artifact id: '2cc9ea9d90e9ffd072f0e973e0f7c25f') in 0.006257 seconds
Number of updated asset objects reloaded before import = 0
Number of asset objects unloaded after import = 3
========================================================================
Received Import Request.
  Time since last request: 0.000010 seconds.
  path: Assets/TilePallets/Cave/cave_106.asset
  artifactKey: Guid(a13cbebbdee120743a84b90f1c7c18d5) Importer(2089858483,0ecaa5967403d082aa24f35e1b516d23)
Start importing Assets/TilePallets/Cave/cave_106.asset using Guid(a13cbebbdee120743a84b90f1c7c18d5) Importer(2089858483,0ecaa5967403d082aa24f35e1b516d23)  -> (artifact id: '24ab42504506ff32e49c6794b80534e6') in 0.007368 seconds
Number of updated asset objects reloaded before import = 0
Number of asset objects unloaded after import = 3
========================================================================
Received Import Request.
  Time since last request: 0.000013 seconds.
  path: Assets/TilePallets/Cave/cave_31.asset
  artifactKey: Guid(08e0fdaee0a460b46b23bcdb84c3924a) Importer(2089858483,0ecaa5967403d082aa24f35e1b516d23)
Start importing Assets/TilePallets/Cave/cave_31.asset using Guid(08e0fdaee0a460b46b23bcdb84c3924a) Importer(2089858483,0ecaa5967403d082aa24f35e1b516d23)  -> (artifact id: '2a7498ee8bad82bbb1bce718abcd1827') in 0.006912 seconds
Number of updated asset objects reloaded before import = 0
Number of asset objects unloaded after import = 3
========================================================================
Received Import Request.
  Time since last request: 0.000013 seconds.
  path: Assets/TilePallets/Cave/cave_87.asset
  artifactKey: Guid(0cbdb533f565fec408cac3aa57483e01) Importer(2089858483,0ecaa5967403d082aa24f35e1b516d23)
Start importing Assets/TilePallets/Cave/cave_87.asset using Guid(0cbdb533f565fec408cac3aa57483e01) Importer(2089858483,0ecaa5967403d082aa24f35e1b516d23)  -> (artifact id: '9f301b49aeccd65eb6f84604fdc1358e') in 0.005276 seconds
Number of updated asset objects reloaded before import = 0
Number of asset objects unloaded after import = 3
========================================================================
Received Import Request.
  Time since last request: 0.000011 seconds.
  path: Assets/TilePallets/Cave/cave_52.asset
  artifactKey: Guid(cd8dbdf2e9eb0b04284d95cb9993504f) Importer(2089858483,0ecaa5967403d082aa24f35e1b516d23)
Start importing Assets/TilePallets/Cave/cave_52.asset using Guid(cd8dbdf2e9eb0b04284d95cb9993504f) Importer(2089858483,0ecaa5967403d082aa24f35e1b516d23)  -> (artifact id: '2e61a75b8cee8989af4e63e93b288c2e') in 0.005733 seconds
Number of updated asset objects reloaded before import = 0
Number of asset objects unloaded after import = 3
========================================================================
Received Import Request.
  Time since last request: 0.000018 seconds.
  path: Assets/TilePallets/Cave/cave_49.asset
  artifactKey: Guid(498806d9440083f4c89d8ea82b3001f2) Importer(2089858483,0ecaa5967403d082aa24f35e1b516d23)
Start importing Assets/TilePallets/Cave/cave_49.asset using Guid(498806d9440083f4c89d8ea82b3001f2) Importer(2089858483,0ecaa5967403d082aa24f35e1b516d23)  -> (artifact id: 'd6dcca34a488eb89f95e77a7bfd2ceeb') in 0.007195 seconds
Number of updated asset objects reloaded before import = 0
Number of asset objects unloaded after import = 3
========================================================================
Received Import Request.
  Time since last request: 0.000011 seconds.
  path: Assets/TilePallets/Cave/Cliff 18.asset
  artifactKey: Guid(b887f04d473370c4f9e32deaf90506ee) Importer(2089858483,0ecaa5967403d082aa24f35e1b516d23)
Start importing Assets/TilePallets/Cave/Cliff 18.asset using Guid(b887f04d473370c4f9e32deaf90506ee) Importer(2089858483,0ecaa5967403d082aa24f35e1b516d23)  -> (artifact id: '4a616c08881d3abd62880082c60757d5') in 0.005747 seconds
Number of updated asset objects reloaded before import = 0
Number of asset objects unloaded after import = 3
========================================================================
Received Import Request.
  Time since last request: 0.000012 seconds.
  path: Assets/TilePallets/Cave/Cliff 2.asset
  artifactKey: Guid(62249f61abd62224bb973756f3bd88f8) Importer(2089858483,0ecaa5967403d082aa24f35e1b516d23)
Start importing Assets/TilePallets/Cave/Cliff 2.asset using Guid(62249f61abd62224bb973756f3bd88f8) Importer(2089858483,0ecaa5967403d082aa24f35e1b516d23)  -> (artifact id: 'ff12460e3bff739736c64e63c4a00d33') in 0.006225 seconds
Number of updated asset objects reloaded before import = 0
Number of asset objects unloaded after import = 3
========================================================================
Received Import Request.
  Time since last request: 0.000011 seconds.
  path: Assets/TilePallets/Cave/cave_89.asset
  artifactKey: Guid(fc4e11e60d361cf45963b6ad761c6d52) Importer(2089858483,0ecaa5967403d082aa24f35e1b516d23)
Start importing Assets/TilePallets/Cave/cave_89.asset using Guid(fc4e11e60d361cf45963b6ad761c6d52) Importer(2089858483,0ecaa5967403d082aa24f35e1b516d23)  -> (artifact id: 'e2ab24a349761325afc0626b2e0c363e') in 0.006522 seconds
Number of updated asset objects reloaded before import = 0
Number of asset objects unloaded after import = 3
========================================================================
Received Import Request.
  Time since last request: 0.000013 seconds.
  path: Assets/TilePallets/Cave/cave_92.asset
  artifactKey: Guid(dba6281024bd76441ab68f4162bee8fb) Importer(2089858483,0ecaa5967403d082aa24f35e1b516d23)
Start importing Assets/TilePallets/Cave/cave_92.asset using Guid(dba6281024bd76441ab68f4162bee8fb) Importer(2089858483,0ecaa5967403d082aa24f35e1b516d23)  -> (artifact id: '337e50d948e59692d0d4dd53324b63a9') in 0.043063 seconds
Number of updated asset objects reloaded before import = 0
Number of asset objects unloaded after import = 3
========================================================================
Received Import Request.
  Time since last request: 0.000015 seconds.
  path: Assets/TilePallets/Cave/cave_116.asset
  artifactKey: Guid(59c4c1bb4c212d9499c0f0760956e5fe) Importer(2089858483,0ecaa5967403d082aa24f35e1b516d23)
Start importing Assets/TilePallets/Cave/cave_116.asset using Guid(59c4c1bb4c212d9499c0f0760956e5fe) Importer(2089858483,0ecaa5967403d082aa24f35e1b516d23)  -> (artifact id: 'a941c90db781d7801a82cbba33d102a2') in 0.006673 seconds
Number of updated asset objects reloaded before import = 0
Number of asset objects unloaded after import = 3
========================================================================
Received Import Request.
  Time since last request: 0.000017 seconds.
  path: Assets/TilePallets/Cave/cave_5.asset
  artifactKey: Guid(8735b9bf0ca405c44aa8952e30afd1c2) Importer(2089858483,0ecaa5967403d082aa24f35e1b516d23)
Start importing Assets/TilePallets/Cave/cave_5.asset using Guid(8735b9bf0ca405c44aa8952e30afd1c2) Importer(2089858483,0ecaa5967403d082aa24f35e1b516d23)  -> (artifact id: '7d180123f4c28c44483d3c7c2a69f1f5') in 0.005432 seconds
Number of updated asset objects reloaded before import = 0
Number of asset objects unloaded after import = 3
========================================================================
Received Import Request.
  Time since last request: 0.000011 seconds.
  path: Assets/TilePallets/Cave/cave_72.asset
  artifactKey: Guid(0888ffebbf5cfb946b3efd33cc9837ca) Importer(2089858483,0ecaa5967403d082aa24f35e1b516d23)
Start importing Assets/TilePallets/Cave/cave_72.asset using Guid(0888ffebbf5cfb946b3efd33cc9837ca) Importer(2089858483,0ecaa5967403d082aa24f35e1b516d23)  -> (artifact id: '6677525bf9d6abde757655a36ffc9d5e') in 0.012377 seconds
Number of updated asset objects reloaded before import = 0
Number of asset objects unloaded after import = 3
========================================================================
Received Import Request.
  Time since last request: 0.000011 seconds.
  path: Assets/TilePallets/Cave/cave_65.asset
  artifactKey: Guid(aba74924502f44e42ae75662f94a05a8) Importer(2089858483,0ecaa5967403d082aa24f35e1b516d23)
Start importing Assets/TilePallets/Cave/cave_65.asset using Guid(aba74924502f44e42ae75662f94a05a8) Importer(2089858483,0ecaa5967403d082aa24f35e1b516d23)  -> (artifact id: '9e113344ef59b96b0d19391c44ea5d56') in 0.005603 seconds
Number of updated asset objects reloaded before import = 0
Number of asset objects unloaded after import = 3
========================================================================
Received Import Request.
  Time since last request: 0.000010 seconds.
  path: Assets/TilePallets/Cave/cave_75.asset
  artifactKey: Guid(de6de124d9060414f831004b9168ee78) Importer(2089858483,0ecaa5967403d082aa24f35e1b516d23)
Start importing Assets/TilePallets/Cave/cave_75.asset using Guid(de6de124d9060414f831004b9168ee78) Importer(2089858483,0ecaa5967403d082aa24f35e1b516d23)  -> (artifact id: '710cd0dcd51bb4f4dd271b0eebf3f40d') in 0.006643 seconds
Number of updated asset objects reloaded before import = 0
Number of asset objects unloaded after import = 3
========================================================================
Received Import Request.
  Time since last request: 2.255475 seconds.
  path: Assets/TilePallets/Cave/Cliff 35.asset
  artifactKey: Guid(f547c8c8d2f69f146b7ff22fabc1f30a) Importer(2089858483,0ecaa5967403d082aa24f35e1b516d23)
Start importing Assets/TilePallets/Cave/Cliff 35.asset using Guid(f547c8c8d2f69f146b7ff22fabc1f30a) Importer(2089858483,0ecaa5967403d082aa24f35e1b516d23)  -> (artifact id: '132301871d9ad87d767c129416918e5d') in 0.007128 seconds
Number of updated asset objects reloaded before import = 0
Number of asset objects unloaded after import = 3
========================================================================
Received Import Request.
  Time since last request: 0.000011 seconds.
  path: Assets/TilePallets/Haus/Inner_124.asset
  artifactKey: Guid(7b3879fa02723d54c9b827f567933335) Importer(2089858483,0ecaa5967403d082aa24f35e1b516d23)
Start importing Assets/TilePallets/Haus/Inner_124.asset using Guid(7b3879fa02723d54c9b827f567933335) Importer(2089858483,0ecaa5967403d082aa24f35e1b516d23)  -> (artifact id: '8b6bbf7c988249f584a8d17de84e27fe') in 0.041236 seconds
Number of updated asset objects reloaded before import = 0
Number of asset objects unloaded after import = 3
========================================================================
Received Import Request.
  Time since last request: 0.000011 seconds.
  path: Assets/TilePallets/Haus/Inner_156.asset
  artifactKey: Guid(72924e9ab287b4c4baf77f63df7369f3) Importer(2089858483,0ecaa5967403d082aa24f35e1b516d23)
Start importing Assets/TilePallets/Haus/Inner_156.asset using Guid(72924e9ab287b4c4baf77f63df7369f3) Importer(2089858483,0ecaa5967403d082aa24f35e1b516d23)  -> (artifact id: 'd910334a86d7f6970026f0ec380baa08') in 0.007149 seconds
Number of updated asset objects reloaded before import = 0
Number of asset objects unloaded after import = 3
========================================================================
Received Import Request.
  Time since last request: 0.000011 seconds.
  path: Assets/TilePallets/Cave/Wasserrand 16.asset
  artifactKey: Guid(d1e246ee7eb5b2245b424e3497f38252) Importer(2089858483,0ecaa5967403d082aa24f35e1b516d23)
Start importing Assets/TilePallets/Cave/Wasserrand 16.asset using Guid(d1e246ee7eb5b2245b424e3497f38252) Importer(2089858483,0ecaa5967403d082aa24f35e1b516d23)  -> (artifact id: '56bc7b02d3425ff1a4a0bf292f242c58') in 0.007199 seconds
Number of updated asset objects reloaded before import = 0
Number of asset objects unloaded after import = 3
========================================================================
Received Import Request.
  Time since last request: 0.000012 seconds.
  path: Assets/TilePallets/Cave/New 7.asset
  artifactKey: Guid(db59f912e9a27da4498af5f6e805bc4c) Importer(2089858483,0ecaa5967403d082aa24f35e1b516d23)
Start importing Assets/TilePallets/Cave/New 7.asset using Guid(db59f912e9a27da4498af5f6e805bc4c) Importer(2089858483,0ecaa5967403d082aa24f35e1b516d23)  -> (artifact id: 'e547bd8458044b38f8dc4c724922c9cd') in 0.006229 seconds
Number of updated asset objects reloaded before import = 0
Number of asset objects unloaded after import = 3
========================================================================
Received Import Request.
  Time since last request: 0.000011 seconds.
  path: Assets/TilePallets/Cave/Cliff 43.asset
  artifactKey: Guid(d807011f9ffef9c47ac22ac9350873ba) Importer(2089858483,0ecaa5967403d082aa24f35e1b516d23)
Start importing Assets/TilePallets/Cave/Cliff 43.asset using Guid(d807011f9ffef9c47ac22ac9350873ba) Importer(2089858483,0ecaa5967403d082aa24f35e1b516d23)  -> (artifact id: 'a6f7b7a1c834d2155d81b18853c1f3d4') in 0.005331 seconds
Number of updated asset objects reloaded before import = 0
Number of asset objects unloaded after import = 3
========================================================================
Received Import Request.
  Time since last request: 0.000011 seconds.
  path: Assets/TilePallets/Cave/New 10.asset
  artifactKey: Guid(365cbbf611ff42a4baec28aa7c34017e) Importer(2089858483,0ecaa5967403d082aa24f35e1b516d23)
Start importing Assets/TilePallets/Cave/New 10.asset using Guid(365cbbf611ff42a4baec28aa7c34017e) Importer(2089858483,0ecaa5967403d082aa24f35e1b516d23)  -> (artifact id: 'bf46ad762dc54add5f246aba5a8c5c20') in 0.007222 seconds
Number of updated asset objects reloaded before import = 0
Number of asset objects unloaded after import = 3
========================================================================
Received Import Request.
  Time since last request: 0.000012 seconds.
  path: Assets/TilePallets/Cave/Wasserrand 19.asset
  artifactKey: Guid(365e318631a3e494396c7e2e273db34e) Importer(2089858483,0ecaa5967403d082aa24f35e1b516d23)
Start importing Assets/TilePallets/Cave/Wasserrand 19.asset using Guid(365e318631a3e494396c7e2e273db34e) Importer(2089858483,0ecaa5967403d082aa24f35e1b516d23)  -> (artifact id: 'a3cdf8710131d4e03ce2cdf517cd1f12') in 0.006517 seconds
Number of updated asset objects reloaded before import = 0
Number of asset objects unloaded after import = 3
========================================================================
Received Import Request.
  Time since last request: 0.000011 seconds.
  path: Assets/TilePallets/Haus/Inner_120.asset
  artifactKey: Guid(cc24bc3226fe899469960d6f6e4ad847) Importer(2089858483,0ecaa5967403d082aa24f35e1b516d23)
Start importing Assets/TilePallets/Haus/Inner_120.asset using Guid(cc24bc3226fe899469960d6f6e4ad847) Importer(2089858483,0ecaa5967403d082aa24f35e1b516d23)  -> (artifact id: 'ba8834fc848e17961c1d51a41200d117') in 0.005822 seconds
Number of updated asset objects reloaded before import = 0
Number of asset objects unloaded after import = 3
========================================================================
Received Import Request.
  Time since last request: 0.000012 seconds.
  path: Assets/TilePallets/Haus/Inner_101.asset
  artifactKey: Guid(5dac77057e42a3b4bbd8afeedd759dce) Importer(2089858483,0ecaa5967403d082aa24f35e1b516d23)
Start importing Assets/TilePallets/Haus/Inner_101.asset using Guid(5dac77057e42a3b4bbd8afeedd759dce) Importer(2089858483,0ecaa5967403d082aa24f35e1b516d23)  -> (artifact id: '3111670691f82474ba508f7921057fc2') in 0.006180 seconds
Number of updated asset objects reloaded before import = 0
Number of asset objects unloaded after import = 3
========================================================================
Received Import Request.
  Time since last request: 0.000011 seconds.
  path: Assets/TilePallets/Haus/Inner_11.asset
  artifactKey: Guid(b4fa7a91ea3b80544b49ffcc2a51e707) Importer(2089858483,0ecaa5967403d082aa24f35e1b516d23)
Start importing Assets/TilePallets/Haus/Inner_11.asset using Guid(b4fa7a91ea3b80544b49ffcc2a51e707) Importer(2089858483,0ecaa5967403d082aa24f35e1b516d23)  -> (artifact id: '948d3738dbe9e282f01cb268380817da') in 0.006124 seconds
Number of updated asset objects reloaded before import = 0
Number of asset objects unloaded after import = 3
========================================================================
Received Import Request.
  Time since last request: 0.000018 seconds.
  path: Assets/TilePallets/Haus/Inner_108.asset
  artifactKey: Guid(178f903e376131246a9008707cdfd7a2) Importer(2089858483,0ecaa5967403d082aa24f35e1b516d23)
Start importing Assets/TilePallets/Haus/Inner_108.asset using Guid(178f903e376131246a9008707cdfd7a2) Importer(2089858483,0ecaa5967403d082aa24f35e1b516d23)  -> (artifact id: '6296baeeaaba38c10a1b666858f064c1') in 0.005804 seconds
Number of updated asset objects reloaded before import = 0
Number of asset objects unloaded after import = 3
========================================================================
Received Import Request.
  Time since last request: 0.000019 seconds.
  path: Assets/TilePallets/Cave/Green 10.asset
  artifactKey: Guid(427f7f040b800f94d91a1d3e0660bcbd) Importer(2089858483,0ecaa5967403d082aa24f35e1b516d23)
Start importing Assets/TilePallets/Cave/Green 10.asset using Guid(427f7f040b800f94d91a1d3e0660bcbd) Importer(2089858483,0ecaa5967403d082aa24f35e1b516d23)  -> (artifact id: '8e3c3a6a6085756de7519059de9eaf1d') in 0.005714 seconds
Number of updated asset objects reloaded before import = 0
Number of asset objects unloaded after import = 3
========================================================================
Received Import Request.
  Time since last request: 0.000011 seconds.
  path: Assets/TilePallets/Haus/Inner_106.asset
  artifactKey: Guid(28e7eb4541f2ab345ba014f5614a78e1) Importer(2089858483,0ecaa5967403d082aa24f35e1b516d23)
Start importing Assets/TilePallets/Haus/Inner_106.asset using Guid(28e7eb4541f2ab345ba014f5614a78e1) Importer(2089858483,0ecaa5967403d082aa24f35e1b516d23)  -> (artifact id: 'f36efb7d249e2a01fb034145ab11e249') in 0.006259 seconds
Number of updated asset objects reloaded before import = 0
Number of asset objects unloaded after import = 3
========================================================================
Received Import Request.
  Time since last request: 0.000011 seconds.
  path: Assets/TilePallets/Haus/Inner_111.asset
  artifactKey: Guid(510d262eaa1aab34d86647e659aaed50) Importer(2089858483,0ecaa5967403d082aa24f35e1b516d23)
Start importing Assets/TilePallets/Haus/Inner_111.asset using Guid(510d262eaa1aab34d86647e659aaed50) Importer(2089858483,0ecaa5967403d082aa24f35e1b516d23)  -> (artifact id: '4665d83ab389231864d97f1bb00cba14') in 0.005732 seconds
Number of updated asset objects reloaded before import = 0
Number of asset objects unloaded after import = 3
========================================================================
Received Import Request.
  Time since last request: 0.000011 seconds.
  path: Assets/TilePallets/Cave/Cliff 6.asset
  artifactKey: Guid(c2f75753c78d223499440c693972cdd1) Importer(2089858483,0ecaa5967403d082aa24f35e1b516d23)
Start importing Assets/TilePallets/Cave/Cliff 6.asset using Guid(c2f75753c78d223499440c693972cdd1) Importer(2089858483,0ecaa5967403d082aa24f35e1b516d23)  -> (artifact id: '59973c4347473a85089362b4fa1a60f1') in 0.005481 seconds
Number of updated asset objects reloaded before import = 0
Number of asset objects unloaded after import = 3
========================================================================
Received Import Request.
  Time since last request: 0.000015 seconds.
  path: Assets/TilePallets/Haus/Inner_159.asset
  artifactKey: Guid(2b424c92f8dfd4540b3de62fd1dcbd2b) Importer(2089858483,0ecaa5967403d082aa24f35e1b516d23)
Start importing Assets/TilePallets/Haus/Inner_159.asset using Guid(2b424c92f8dfd4540b3de62fd1dcbd2b) Importer(2089858483,0ecaa5967403d082aa24f35e1b516d23)  -> (artifact id: 'fe6cf432f842dcf5256b1839fe00779b') in 0.006371 seconds
Number of updated asset objects reloaded before import = 0
Number of asset objects unloaded after import = 3
========================================================================
Received Import Request.
  Time since last request: 0.000012 seconds.
  path: Assets/TilePallets/Haus/Inner_116.asset
  artifactKey: Guid(1266174a7b4c38b42b4826f8657bce64) Importer(2089858483,0ecaa5967403d082aa24f35e1b516d23)
Start importing Assets/TilePallets/Haus/Inner_116.asset using Guid(1266174a7b4c38b42b4826f8657bce64) Importer(2089858483,0ecaa5967403d082aa24f35e1b516d23)  -> (artifact id: 'c78b2d41cc0bca9da1041a4aa46c551f') in 0.006072 seconds
Number of updated asset objects reloaded before import = 0
Number of asset objects unloaded after import = 3
========================================================================
Received Import Request.
  Time since last request: 0.000011 seconds.
  path: Assets/TilePallets/Cave/New 13.asset
  artifactKey: Guid(5460e9ee3fb96c84cacf9ef8d83a8d4a) Importer(2089858483,0ecaa5967403d082aa24f35e1b516d23)
Start importing Assets/TilePallets/Cave/New 13.asset using Guid(5460e9ee3fb96c84cacf9ef8d83a8d4a) Importer(2089858483,0ecaa5967403d082aa24f35e1b516d23)  -> (artifact id: '987285d35006c5bd7fe9f33825bed963') in 0.006827 seconds
Number of updated asset objects reloaded before import = 0
Number of asset objects unloaded after import = 3
========================================================================
Received Import Request.
  Time since last request: 0.000010 seconds.
  path: Assets/TilePallets/Cave/Green 9.asset
  artifactKey: Guid(de07853ac3d286248a97c3eb367cdbc1) Importer(2089858483,0ecaa5967403d082aa24f35e1b516d23)
Start importing Assets/TilePallets/Cave/Green 9.asset using Guid(de07853ac3d286248a97c3eb367cdbc1) Importer(2089858483,0ecaa5967403d082aa24f35e1b516d23)  -> (artifact id: 'b3262166db5a0e37f8e7e04fdae785ef') in 0.006742 seconds
Number of updated asset objects reloaded before import = 0
Number of asset objects unloaded after import = 3
========================================================================
Received Import Request.
  Time since last request: 0.000015 seconds.
  path: Assets/TilePallets/Haus/Inner_17.asset
  artifactKey: Guid(fe107a0d279e4e94e8d8ffe469fc53e6) Importer(2089858483,0ecaa5967403d082aa24f35e1b516d23)
Start importing Assets/TilePallets/Haus/Inner_17.asset using Guid(fe107a0d279e4e94e8d8ffe469fc53e6) Importer(2089858483,0ecaa5967403d082aa24f35e1b516d23)  -> (artifact id: '2f618437fbcc7af25fb9ed008d9ba29f') in 0.006847 seconds
Number of updated asset objects reloaded before import = 0
Number of asset objects unloaded after import = 3
========================================================================
Received Import Request.
  Time since last request: 0.000011 seconds.
  path: Assets/TilePallets/Haus/Inner_169.asset
  artifactKey: Guid(da450acc1da89bf4288fa73474762527) Importer(2089858483,0ecaa5967403d082aa24f35e1b516d23)
Start importing Assets/TilePallets/Haus/Inner_169.asset using Guid(da450acc1da89bf4288fa73474762527) Importer(2089858483,0ecaa5967403d082aa24f35e1b516d23)  -> (artifact id: 'f2c563fddf3e4a52c149216ae9fd37c7') in 0.009215 seconds
Number of updated asset objects reloaded before import = 0
Number of asset objects unloaded after import = 3
========================================================================
Received Import Request.
  Time since last request: 0.000012 seconds.
  path: Assets/TilePallets/Cave/New 12.asset
  artifactKey: Guid(269e45e2be128d1469e8642ff6cf6686) Importer(2089858483,0ecaa5967403d082aa24f35e1b516d23)
Start importing Assets/TilePallets/Cave/New 12.asset using Guid(269e45e2be128d1469e8642ff6cf6686) Importer(2089858483,0ecaa5967403d082aa24f35e1b516d23)  -> (artifact id: '646b32b4b43e8417f969c70f8ded0ae9') in 0.006692 seconds
Number of updated asset objects reloaded before import = 0
Number of asset objects unloaded after import = 3
========================================================================
Received Import Request.
  Time since last request: 0.000013 seconds.
  path: Assets/TilePallets/Cave/Wasserrand 13.asset
  artifactKey: Guid(3012feb8093983b489a60b12509a2306) Importer(2089858483,0ecaa5967403d082aa24f35e1b516d23)
Start importing Assets/TilePallets/Cave/Wasserrand 13.asset using Guid(3012feb8093983b489a60b12509a2306) Importer(2089858483,0ecaa5967403d082aa24f35e1b516d23)  -> (artifact id: '8eedca57fb7bf23e09f7df04a76a7b85') in 0.005809 seconds
Number of updated asset objects reloaded before import = 0
Number of asset objects unloaded after import = 3
========================================================================
Received Import Request.
  Time since last request: 0.000015 seconds.
  path: Assets/TilePallets/Haus/Inner_10.asset
  artifactKey: Guid(ee6a51445a586a4469bb05e3c794d19d) Importer(2089858483,0ecaa5967403d082aa24f35e1b516d23)
Start importing Assets/TilePallets/Haus/Inner_10.asset using Guid(ee6a51445a586a4469bb05e3c794d19d) Importer(2089858483,0ecaa5967403d082aa24f35e1b516d23)  -> (artifact id: '38ae2d8bca8aa83a4e7e61a368cded1e') in 0.006909 seconds
Number of updated asset objects reloaded before import = 0
Number of asset objects unloaded after import = 3
========================================================================
Received Import Request.
  Time since last request: 0.000012 seconds.
  path: Assets/TilePallets/Cave/Wasserrand 4.asset
  artifactKey: Guid(ee22219a357df1a42a38bd9cc4d8cada) Importer(2089858483,0ecaa5967403d082aa24f35e1b516d23)
Start importing Assets/TilePallets/Cave/Wasserrand 4.asset using Guid(ee22219a357df1a42a38bd9cc4d8cada) Importer(2089858483,0ecaa5967403d082aa24f35e1b516d23)  -> (artifact id: '9319b6603910feefd3504f6b07c31aff') in 0.006308 seconds
Number of updated asset objects reloaded before import = 0
Number of asset objects unloaded after import = 3
========================================================================
Received Import Request.
  Time since last request: 0.000020 seconds.
  path: Assets/TilePallets/Haus/Inner_167.asset
  artifactKey: Guid(97b6a922114b3454980610144017137a) Importer(2089858483,0ecaa5967403d082aa24f35e1b516d23)
Start importing Assets/TilePallets/Haus/Inner_167.asset using Guid(97b6a922114b3454980610144017137a) Importer(2089858483,0ecaa5967403d082aa24f35e1b516d23)  -> (artifact id: '7dbf561fdbd340b793d77b779595b6e6') in 0.006219 seconds
Number of updated asset objects reloaded before import = 0
Number of asset objects unloaded after import = 3
========================================================================
Received Import Request.
  Time since last request: 0.000015 seconds.
  path: Assets/TilePallets/Cave/Cliff 44.asset
  artifactKey: Guid(b9dfa4104643bee4f861605be09dd12f) Importer(2089858483,0ecaa5967403d082aa24f35e1b516d23)
Start importing Assets/TilePallets/Cave/Cliff 44.asset using Guid(b9dfa4104643bee4f861605be09dd12f) Importer(2089858483,0ecaa5967403d082aa24f35e1b516d23)  -> (artifact id: '7b856981d605051ad16c25dd1c18e14b') in 0.006716 seconds
Number of updated asset objects reloaded before import = 0
Number of asset objects unloaded after import = 3
========================================================================
Received Import Request.
  Time since last request: 0.000018 seconds.
  path: Assets/TilePallets/Haus/Inner_109.asset
  artifactKey: Guid(d297fbe50a3e4e048a1d7ea3bfca7fac) Importer(2089858483,0ecaa5967403d082aa24f35e1b516d23)
Start importing Assets/TilePallets/Haus/Inner_109.asset using Guid(d297fbe50a3e4e048a1d7ea3bfca7fac) Importer(2089858483,0ecaa5967403d082aa24f35e1b516d23)  -> (artifact id: '4e69f3dd8daedbbb97ed8acef83b04e5') in 0.006781 seconds
Number of updated asset objects reloaded before import = 0
Number of asset objects unloaded after import = 3
========================================================================
Received Import Request.
  Time since last request: 0.000025 seconds.
  path: Assets/TilePallets/Cave/New 20.asset
  artifactKey: Guid(4388deb7c1ba6da44af4f5b1992775aa) Importer(2089858483,0ecaa5967403d082aa24f35e1b516d23)
Start importing Assets/TilePallets/Cave/New 20.asset using Guid(4388deb7c1ba6da44af4f5b1992775aa) Importer(2089858483,0ecaa5967403d082aa24f35e1b516d23)  -> (artifact id: '67ac60b298d0be6805a45ed33179eb2f') in 0.020581 seconds
Number of updated asset objects reloaded before import = 0
Number of asset objects unloaded after import = 3
========================================================================
Received Import Request.
  Time since last request: 0.000012 seconds.
  path: Assets/TilePallets/Haus/Inner_154.asset
  artifactKey: Guid(ad6971d92699da84e9c21ecfe9916700) Importer(2089858483,0ecaa5967403d082aa24f35e1b516d23)
Start importing Assets/TilePallets/Haus/Inner_154.asset using Guid(ad6971d92699da84e9c21ecfe9916700) Importer(2089858483,0ecaa5967403d082aa24f35e1b516d23)  -> (artifact id: '5e84c05b41a865c632922cd45589fb68') in 0.006212 seconds
Number of updated asset objects reloaded before import = 0
Number of asset objects unloaded after import = 3
========================================================================
Received Import Request.
  Time since last request: 0.000011 seconds.
  path: Assets/TilePallets/Haus/Inner_150.asset
  artifactKey: Guid(3c88072d06d7c6f40affc44fd9a151d9) Importer(2089858483,0ecaa5967403d082aa24f35e1b516d23)
Start importing Assets/TilePallets/Haus/Inner_150.asset using Guid(3c88072d06d7c6f40affc44fd9a151d9) Importer(2089858483,0ecaa5967403d082aa24f35e1b516d23)  -> (artifact id: 'ef8c6815c61b9358b3407f97fab0a401') in 0.006341 seconds
Number of updated asset objects reloaded before import = 0
Number of asset objects unloaded after import = 3
========================================================================
Received Import Request.
  Time since last request: 0.000011 seconds.
  path: Assets/TilePallets/Haus/Inner_107.asset
  artifactKey: Guid(2a3d53a3cfe8a224b9e7fb1235420403) Importer(2089858483,0ecaa5967403d082aa24f35e1b516d23)
Start importing Assets/TilePallets/Haus/Inner_107.asset using Guid(2a3d53a3cfe8a224b9e7fb1235420403) Importer(2089858483,0ecaa5967403d082aa24f35e1b516d23)  -> (artifact id: '5535e84f3dc1abd93ff382fb7064df5a') in 0.006386 seconds
Number of updated asset objects reloaded before import = 0
Number of asset objects unloaded after import = 3
========================================================================
Received Import Request.
  Time since last request: 0.000011 seconds.
  path: Assets/TilePallets/Haus/Inner_0.asset
  artifactKey: Guid(bb6517d3f2313d04cac33a1910bc58a6) Importer(2089858483,0ecaa5967403d082aa24f35e1b516d23)
Start importing Assets/TilePallets/Haus/Inner_0.asset using Guid(bb6517d3f2313d04cac33a1910bc58a6) Importer(2089858483,0ecaa5967403d082aa24f35e1b516d23)  -> (artifact id: '91777bc2c1f042da76d8375d115dcc1a') in 0.006149 seconds
Number of updated asset objects reloaded before import = 0
Number of asset objects unloaded after import = 3
========================================================================
Received Import Request.
  Time since last request: 0.000031 seconds.
  path: Assets/TilePallets/Cave/Green 13.asset
  artifactKey: Guid(8a236d2881902aa49b7975c24a49aa27) Importer(2089858483,0ecaa5967403d082aa24f35e1b516d23)
Start importing Assets/TilePallets/Cave/Green 13.asset using Guid(8a236d2881902aa49b7975c24a49aa27) Importer(2089858483,0ecaa5967403d082aa24f35e1b516d23)  -> (artifact id: 'd201e05c4038d10c9a772f21d83d33a9') in 0.005538 seconds
Number of updated asset objects reloaded before import = 0
Number of asset objects unloaded after import = 3
========================================================================
Received Import Request.
  Time since last request: 0.000022 seconds.
  path: Assets/TilePallets/Cave/New 14.asset
  artifactKey: Guid(59b5586bdafb4da43a48c4997476bff3) Importer(2089858483,0ecaa5967403d082aa24f35e1b516d23)
Start importing Assets/TilePallets/Cave/New 14.asset using Guid(59b5586bdafb4da43a48c4997476bff3) Importer(2089858483,0ecaa5967403d082aa24f35e1b516d23)  -> (artifact id: '8c563645e8081a1bbaa0bdbcabee1556') in 0.006412 seconds
Number of updated asset objects reloaded before import = 0
Number of asset objects unloaded after import = 3
========================================================================
Received Import Request.
  Time since last request: 0.000010 seconds.
  path: Assets/TilePallets/Haus/Inner_126.asset
  artifactKey: Guid(b3d0ecc607db1f545b29390487132b6f) Importer(2089858483,0ecaa5967403d082aa24f35e1b516d23)
Start importing Assets/TilePallets/Haus/Inner_126.asset using Guid(b3d0ecc607db1f545b29390487132b6f) Importer(2089858483,0ecaa5967403d082aa24f35e1b516d23)  -> (artifact id: 'd90f18bfb0ee27bb7e20cb7b2989895c') in 0.006261 seconds
Number of updated asset objects reloaded before import = 0
Number of asset objects unloaded after import = 3
========================================================================
Received Import Request.
  Time since last request: 0.000010 seconds.
  path: Assets/TilePallets/Haus/Inner_142.asset
  artifactKey: Guid(a0221006d0ba1ac46ab256ba91c92a84) Importer(2089858483,0ecaa5967403d082aa24f35e1b516d23)
Start importing Assets/TilePallets/Haus/Inner_142.asset using Guid(a0221006d0ba1ac46ab256ba91c92a84) Importer(2089858483,0ecaa5967403d082aa24f35e1b516d23)  -> (artifact id: 'ffc63720ac038e2a358b837667ed60e7') in 0.006080 seconds
Number of updated asset objects reloaded before import = 0
Number of asset objects unloaded after import = 3
========================================================================
Received Import Request.
  Time since last request: 0.000012 seconds.
  path: Assets/TilePallets/Cave/Wasserrand 3.asset
  artifactKey: Guid(246eb28ef8d41854c8d04c143b89d4d3) Importer(2089858483,0ecaa5967403d082aa24f35e1b516d23)
Start importing Assets/TilePallets/Cave/Wasserrand 3.asset using Guid(246eb28ef8d41854c8d04c143b89d4d3) Importer(2089858483,0ecaa5967403d082aa24f35e1b516d23)  -> (artifact id: '9357fd97cff582bac3dc14be6ca8b81b') in 0.006281 seconds
Number of updated asset objects reloaded before import = 0
Number of asset objects unloaded after import = 3
========================================================================
Received Import Request.
  Time since last request: 0.000011 seconds.
  path: Assets/TilePallets/Cave/Wasserrand 14.asset
  artifactKey: Guid(6ef8db9e924e6ff4cae936d856cfd486) Importer(2089858483,0ecaa5967403d082aa24f35e1b516d23)
Start importing Assets/TilePallets/Cave/Wasserrand 14.asset using Guid(6ef8db9e924e6ff4cae936d856cfd486) Importer(2089858483,0ecaa5967403d082aa24f35e1b516d23)  -> (artifact id: 'c7577014196dd172984498c6ac4512f0') in 0.006602 seconds
Number of updated asset objects reloaded before import = 0
Number of asset objects unloaded after import = 3
========================================================================
Received Import Request.
  Time since last request: 0.000010 seconds.
  path: Assets/TilePallets/Cave/New 21.asset
  artifactKey: Guid(60db6b480f7af83459a5ed7f7978c37c) Importer(2089858483,0ecaa5967403d082aa24f35e1b516d23)
Start importing Assets/TilePallets/Cave/New 21.asset using Guid(60db6b480f7af83459a5ed7f7978c37c) Importer(2089858483,0ecaa5967403d082aa24f35e1b516d23)  -> (artifact id: 'f679519f3ec595ed833f3c3306695d26') in 0.005967 seconds
Number of updated asset objects reloaded before import = 0
Number of asset objects unloaded after import = 3
========================================================================
Received Import Request.
  Time since last request: 0.000012 seconds.
  path: Assets/TilePallets/Haus/Inner_137.asset
  artifactKey: Guid(da3aa14ee3eb7644b9463edc066f2418) Importer(2089858483,0ecaa5967403d082aa24f35e1b516d23)
Start importing Assets/TilePallets/Haus/Inner_137.asset using Guid(da3aa14ee3eb7644b9463edc066f2418) Importer(2089858483,0ecaa5967403d082aa24f35e1b516d23)  -> (artifact id: 'db4cb579847362fe94fc6f25f735f106') in 0.006173 seconds
Number of updated asset objects reloaded before import = 0
Number of asset objects unloaded after import = 3
========================================================================
Received Import Request.
  Time since last request: 0.000011 seconds.
  path: Assets/TilePallets/Haus/Inner_132.asset
  artifactKey: Guid(4c9a1526e36d1364481cfb4945bc265c) Importer(2089858483,0ecaa5967403d082aa24f35e1b516d23)
Start importing Assets/TilePallets/Haus/Inner_132.asset using Guid(4c9a1526e36d1364481cfb4945bc265c) Importer(2089858483,0ecaa5967403d082aa24f35e1b516d23)  -> (artifact id: '9cf105708bc9d16432b6926cf96013b9') in 0.007630 seconds
Number of updated asset objects reloaded before import = 0
Number of asset objects unloaded after import = 3
========================================================================
Received Import Request.
  Time since last request: 0.000011 seconds.
  path: Assets/TilePallets/Haus/Inner_129.asset
  artifactKey: Guid(84c47211615d0f947b74212ffe71d426) Importer(2089858483,0ecaa5967403d082aa24f35e1b516d23)
Start importing Assets/TilePallets/Haus/Inner_129.asset using Guid(84c47211615d0f947b74212ffe71d426) Importer(2089858483,0ecaa5967403d082aa24f35e1b516d23)  -> (artifact id: '30324965742a53fff16da1633c48b07b') in 0.006667 seconds
Number of updated asset objects reloaded before import = 0
Number of asset objects unloaded after import = 3
========================================================================
Received Import Request.
  Time since last request: 0.000012 seconds.
  path: Assets/TilePallets/Haus/Inner_161.asset
  artifactKey: Guid(c621913fe8e8b234e867130dfdb816b0) Importer(2089858483,0ecaa5967403d082aa24f35e1b516d23)
Start importing Assets/TilePallets/Haus/Inner_161.asset using Guid(c621913fe8e8b234e867130dfdb816b0) Importer(2089858483,0ecaa5967403d082aa24f35e1b516d23)  -> (artifact id: '0b436fbddf54f2ecf2cdbf15887e109b') in 0.005846 seconds
Number of updated asset objects reloaded before import = 0
Number of asset objects unloaded after import = 3
========================================================================
Received Import Request.
  Time since last request: 0.000011 seconds.
  path: Assets/TilePallets/Haus/Inner_155.asset
  artifactKey: Guid(7e46323110df21e48a4f0714b7150002) Importer(2089858483,0ecaa5967403d082aa24f35e1b516d23)
Start importing Assets/TilePallets/Haus/Inner_155.asset using Guid(7e46323110df21e48a4f0714b7150002) Importer(2089858483,0ecaa5967403d082aa24f35e1b516d23)  -> (artifact id: 'ecc0f12caa9d49db0fb399f94b82cd8c') in 0.006300 seconds
Number of updated asset objects reloaded before import = 0
Number of asset objects unloaded after import = 3
========================================================================
Received Import Request.
  Time since last request: 0.000012 seconds.
  path: Assets/TilePallets/Cave/New 6.asset
  artifactKey: Guid(ddcebe42fd366844e9d93d6261a140c4) Importer(2089858483,0ecaa5967403d082aa24f35e1b516d23)
Start importing Assets/TilePallets/Cave/New 6.asset using Guid(ddcebe42fd366844e9d93d6261a140c4) Importer(2089858483,0ecaa5967403d082aa24f35e1b516d23)  -> (artifact id: '86c75ba4c0be58598f8dd1a60f3134e9') in 0.006266 seconds
Number of updated asset objects reloaded before import = 0
Number of asset objects unloaded after import = 3
========================================================================
Received Import Request.
  Time since last request: 2.210369 seconds.
  path: Assets/TilePallets/Haus/Inner_170.asset
  artifactKey: Guid(9929400a6518c3d46b5d5c0715f7d1c4) Importer(2089858483,0ecaa5967403d082aa24f35e1b516d23)
Start importing Assets/TilePallets/Haus/Inner_170.asset using Guid(9929400a6518c3d46b5d5c0715f7d1c4) Importer(2089858483,0ecaa5967403d082aa24f35e1b516d23)  -> (artifact id: '8e6d1cb07f089247f3bbc6f609bb5a21') in 0.008446 seconds
Number of updated asset objects reloaded before import = 0
Number of asset objects unloaded after import = 3
========================================================================
Received Import Request.
  Time since last request: 0.000014 seconds.
  path: Assets/TilePallets/Haus/Inner_32.asset
  artifactKey: Guid(be27163e2c7678c49997608450536399) Importer(2089858483,0ecaa5967403d082aa24f35e1b516d23)
Start importing Assets/TilePallets/Haus/Inner_32.asset using Guid(be27163e2c7678c49997608450536399) Importer(2089858483,0ecaa5967403d082aa24f35e1b516d23)  -> (artifact id: 'cafc81cc8239e74380bbe9032445252d') in 0.006166 seconds
Number of updated asset objects reloaded before import = 0
Number of asset objects unloaded after import = 3
========================================================================
Received Import Request.
  Time since last request: 0.000014 seconds.
  path: Assets/TilePallets/Village and Forest/Berg Wasserfall 19.asset
  artifactKey: Guid(e32643baae5109b418207987d607d0a1) Importer(2089858483,0ecaa5967403d082aa24f35e1b516d23)
Start importing Assets/TilePallets/Village and Forest/Berg Wasserfall 19.asset using Guid(e32643baae5109b418207987d607d0a1) Importer(2089858483,0ecaa5967403d082aa24f35e1b516d23)  -> (artifact id: '2c3990375bd5d75411be3c7e139d9129') in 0.052632 seconds
Number of updated asset objects reloaded before import = 0
Number of asset objects unloaded after import = 3
========================================================================
Received Import Request.
  Time since last request: 0.000014 seconds.
  path: Assets/TilePallets/Haus/Inner_78.asset
  artifactKey: Guid(40e62d8bb9d6a544eb5999903c1fea49) Importer(2089858483,0ecaa5967403d082aa24f35e1b516d23)
Start importing Assets/TilePallets/Haus/Inner_78.asset using Guid(40e62d8bb9d6a544eb5999903c1fea49) Importer(2089858483,0ecaa5967403d082aa24f35e1b516d23)  -> (artifact id: 'cd90f68627845cc92d892b7b63f2d716') in 0.006288 seconds
Number of updated asset objects reloaded before import = 0
Number of asset objects unloaded after import = 3
========================================================================
Received Import Request.
  Time since last request: 0.000021 seconds.
  path: Assets/TilePallets/Village and Forest/Berg Wasserfall 7.asset
  artifactKey: Guid(14a468225bf1a5846ba0b32de4497314) Importer(2089858483,0ecaa5967403d082aa24f35e1b516d23)
Start importing Assets/TilePallets/Village and Forest/Berg Wasserfall 7.asset using Guid(14a468225bf1a5846ba0b32de4497314) Importer(2089858483,0ecaa5967403d082aa24f35e1b516d23)  -> (artifact id: '0819c6a02bb6c934975119efc9fe40c7') in 0.007530 seconds
Number of updated asset objects reloaded before import = 0
Number of asset objects unloaded after import = 3
========================================================================
Received Import Request.
  Time since last request: 0.000011 seconds.
  path: Assets/TilePallets/Haus/Inner_247.asset
  artifactKey: Guid(889beb34dc2f3ed48b9da8e009c7354f) Importer(2089858483,0ecaa5967403d082aa24f35e1b516d23)
Start importing Assets/TilePallets/Haus/Inner_247.asset using Guid(889beb34dc2f3ed48b9da8e009c7354f) Importer(2089858483,0ecaa5967403d082aa24f35e1b516d23)  -> (artifact id: 'cf833009bd195df1f2e030a7d26a3bf9') in 0.005857 seconds
Number of updated asset objects reloaded before import = 0
Number of asset objects unloaded after import = 3
========================================================================
Received Import Request.
  Time since last request: 0.000014 seconds.
  path: Assets/TilePallets/Haus/Inner_246.asset
  artifactKey: Guid(2f4ef702c1ae88145ad4bd3a3739d18d) Importer(2089858483,0ecaa5967403d082aa24f35e1b516d23)
Start importing Assets/TilePallets/Haus/Inner_246.asset using Guid(2f4ef702c1ae88145ad4bd3a3739d18d) Importer(2089858483,0ecaa5967403d082aa24f35e1b516d23)  -> (artifact id: 'e440907d1e91ae5689d042c553ed2556') in 0.007294 seconds
Number of updated asset objects reloaded before import = 0
Number of asset objects unloaded after import = 3
========================================================================
Received Import Request.
  Time since last request: 0.000013 seconds.
  path: Assets/TilePallets/Haus/Inner_186.asset
  artifactKey: Guid(dc1389b369780e04ebe59c7510631e3d) Importer(2089858483,0ecaa5967403d082aa24f35e1b516d23)
Start importing Assets/TilePallets/Haus/Inner_186.asset using Guid(dc1389b369780e04ebe59c7510631e3d) Importer(2089858483,0ecaa5967403d082aa24f35e1b516d23)  -> (artifact id: 'c5931c02be04c6b6b4dbe74b81bac712') in 0.007247 seconds
Number of updated asset objects reloaded before import = 0
Number of asset objects unloaded after import = 3
========================================================================
Received Import Request.
  Time since last request: 0.000010 seconds.
  path: Assets/TilePallets/Haus/Inner_259.asset
  artifactKey: Guid(215f9754a0764d247965a3fc2d6368fb) Importer(2089858483,0ecaa5967403d082aa24f35e1b516d23)
Start importing Assets/TilePallets/Haus/Inner_259.asset using Guid(215f9754a0764d247965a3fc2d6368fb) Importer(2089858483,0ecaa5967403d082aa24f35e1b516d23)  -> (artifact id: '85c6aba9b1fcfc757240153b1c876880') in 0.013666 seconds
Number of updated asset objects reloaded before import = 0
Number of asset objects unloaded after import = 3
========================================================================
Received Import Request.
  Time since last request: 0.000019 seconds.
  path: Assets/TilePallets/Haus/Inner_75.asset
  artifactKey: Guid(6e434725bab6f124ba6f18d0d298bfd2) Importer(2089858483,0ecaa5967403d082aa24f35e1b516d23)
Start importing Assets/TilePallets/Haus/Inner_75.asset using Guid(6e434725bab6f124ba6f18d0d298bfd2) Importer(2089858483,0ecaa5967403d082aa24f35e1b516d23)  -> (artifact id: 'a4e089ffc379eb073897222c454291bb') in 0.005706 seconds
Number of updated asset objects reloaded before import = 0
Number of asset objects unloaded after import = 3
========================================================================
Received Import Request.
  Time since last request: 0.000012 seconds.
  path: Assets/TilePallets/Haus/Inner_194.asset
  artifactKey: Guid(9f4ea009bbd053d40ad2ee0e514666db) Importer(2089858483,0ecaa5967403d082aa24f35e1b516d23)
Start importing Assets/TilePallets/Haus/Inner_194.asset using Guid(9f4ea009bbd053d40ad2ee0e514666db) Importer(2089858483,0ecaa5967403d082aa24f35e1b516d23)  -> (artifact id: '41934b884e6953926ea8c1873c3ca1ce') in 0.011532 seconds
Number of updated asset objects reloaded before import = 0
Number of asset objects unloaded after import = 3
========================================================================
Received Import Request.
  Time since last request: 0.000015 seconds.
  path: Assets/TilePallets/Haus/Inner_254.asset
  artifactKey: Guid(1ddcff16c76d7db4a84f27f0618c18d4) Importer(2089858483,0ecaa5967403d082aa24f35e1b516d23)
Start importing Assets/TilePallets/Haus/Inner_254.asset using Guid(1ddcff16c76d7db4a84f27f0618c18d4) Importer(2089858483,0ecaa5967403d082aa24f35e1b516d23)  -> (artifact id: '97c01d853bc2f34bd8c63131bcdf5027') in 0.006275 seconds
Number of updated asset objects reloaded before import = 0
Number of asset objects unloaded after import = 3
========================================================================
Received Import Request.
  Time since last request: 0.000012 seconds.
  path: Assets/TilePallets/Village and Forest/Overworld New_1.asset
  artifactKey: Guid(fc6503a4185b06a48837d0bbc0e7f577) Importer(2089858483,0ecaa5967403d082aa24f35e1b516d23)
Start importing Assets/TilePallets/Village and Forest/Overworld New_1.asset using Guid(fc6503a4185b06a48837d0bbc0e7f577) Importer(2089858483,0ecaa5967403d082aa24f35e1b516d23)  -> (artifact id: 'acb569177824a010bf95377c3ddf209f') in 0.047688 seconds
Number of updated asset objects reloaded before import = 0
Number of asset objects unloaded after import = 2
========================================================================
Received Import Request.
  Time since last request: 0.000015 seconds.
  path: Assets/TilePallets/Village and Forest/Map.asset
  artifactKey: Guid(2e4369d6432bf1e48b5ba8d2cf94c7ea) Importer(2089858483,0ecaa5967403d082aa24f35e1b516d23)
Start importing Assets/TilePallets/Village and Forest/Map.asset using Guid(2e4369d6432bf1e48b5ba8d2cf94c7ea) Importer(2089858483,0ecaa5967403d082aa24f35e1b516d23)  -> (artifact id: 'ab0eb9ab886721087b18e6314cd29cb8') in 0.006834 seconds
Number of updated asset objects reloaded before import = 0
Number of asset objects unloaded after import = 3
========================================================================
Received Import Request.
  Time since last request: 0.000018 seconds.
  path: Assets/TilePallets/Haus/Inner_260.asset
  artifactKey: Guid(16abfc370e193864b8204dd22c3ec920) Importer(2089858483,0ecaa5967403d082aa24f35e1b516d23)
Start importing Assets/TilePallets/Haus/Inner_260.asset using Guid(16abfc370e193864b8204dd22c3ec920) Importer(2089858483,0ecaa5967403d082aa24f35e1b516d23)  -> (artifact id: '2db7add9bc8892639640819c602bc5be') in 0.047496 seconds
Number of updated asset objects reloaded before import = 0
Number of asset objects unloaded after import = 3
========================================================================
Received Import Request.
  Time since last request: 0.000013 seconds.
  path: Assets/TilePallets/Village and Forest/Overworld New_101.asset
  artifactKey: Guid(389d6d67f525b8a448ecdb3d0ed2f0b9) Importer(2089858483,0ecaa5967403d082aa24f35e1b516d23)
Start importing Assets/TilePallets/Village and Forest/Overworld New_101.asset using Guid(389d6d67f525b8a448ecdb3d0ed2f0b9) Importer(2089858483,0ecaa5967403d082aa24f35e1b516d23)  -> (artifact id: 'd811540f34cc46efbf43344d84d1501c') in 0.006107 seconds
Number of updated asset objects reloaded before import = 0
Number of asset objects unloaded after import = 2
========================================================================
Received Import Request.
  Time since last request: 0.000010 seconds.
  path: Assets/TilePallets/Haus/Inner_203.asset
  artifactKey: Guid(f35f0ea4d6e0a894eb2dcece0bfc2919) Importer(2089858483,0ecaa5967403d082aa24f35e1b516d23)
Start importing Assets/TilePallets/Haus/Inner_203.asset using Guid(f35f0ea4d6e0a894eb2dcece0bfc2919) Importer(2089858483,0ecaa5967403d082aa24f35e1b516d23)  -> (artifact id: 'bfdd86329ed2bb35907f3c9935bfbfb5') in 0.009201 seconds
Number of updated asset objects reloaded before import = 0
Number of asset objects unloaded after import = 3
========================================================================
Received Import Request.
  Time since last request: 0.000013 seconds.
  path: Assets/TilePallets/Haus/Inner_262.asset
  artifactKey: Guid(d393ffd02ad2e474da8619306a07ba34) Importer(2089858483,0ecaa5967403d082aa24f35e1b516d23)
Start importing Assets/TilePallets/Haus/Inner_262.asset using Guid(d393ffd02ad2e474da8619306a07ba34) Importer(2089858483,0ecaa5967403d082aa24f35e1b516d23)  -> (artifact id: 'f0dde2ff6099771d1fb1ed536d8f0983') in 0.006252 seconds
Number of updated asset objects reloaded before import = 0
Number of asset objects unloaded after import = 3
========================================================================
Received Import Request.
  Time since last request: 0.000010 seconds.
  path: Assets/TilePallets/Haus/Inner_255.asset
  artifactKey: Guid(7bef192febec1fb4ba6938747c4c98ea) Importer(2089858483,0ecaa5967403d082aa24f35e1b516d23)
Start importing Assets/TilePallets/Haus/Inner_255.asset using Guid(7bef192febec1fb4ba6938747c4c98ea) Importer(2089858483,0ecaa5967403d082aa24f35e1b516d23)  -> (artifact id: '5ee5e5ad9961fc3a4ad4cbcf090b8933') in 0.006379 seconds
Number of updated asset objects reloaded before import = 0
Number of asset objects unloaded after import = 3
========================================================================
Received Import Request.
  Time since last request: 0.000012 seconds.
  path: Assets/TilePallets/Haus/Inner_72.asset
  artifactKey: Guid(23589534eb1ece145acac9719d215ef6) Importer(2089858483,0ecaa5967403d082aa24f35e1b516d23)
Start importing Assets/TilePallets/Haus/Inner_72.asset using Guid(23589534eb1ece145acac9719d215ef6) Importer(2089858483,0ecaa5967403d082aa24f35e1b516d23)  -> (artifact id: '863cfd1e4b5a88ec6eb884153a912070') in 0.007866 seconds
Number of updated asset objects reloaded before import = 0
Number of asset objects unloaded after import = 3
========================================================================
Received Import Request.
  Time since last request: 0.000013 seconds.
  path: Assets/TilePallets/Haus/Inner_19.asset
  artifactKey: Guid(52ce4086d57797c4290084febe440a5a) Importer(2089858483,0ecaa5967403d082aa24f35e1b516d23)
Start importing Assets/TilePallets/Haus/Inner_19.asset using Guid(52ce4086d57797c4290084febe440a5a) Importer(2089858483,0ecaa5967403d082aa24f35e1b516d23)  -> (artifact id: '1cea97f163d2120c53a24b953ea0e803') in 0.006252 seconds
Number of updated asset objects reloaded before import = 0
Number of asset objects unloaded after import = 3
========================================================================
Received Import Request.
  Time since last request: 0.000011 seconds.
  path: Assets/TilePallets/Haus/Inner_234.asset
  artifactKey: Guid(47b372572c088fc4badbe5b5ef7eb9e0) Importer(2089858483,0ecaa5967403d082aa24f35e1b516d23)
Start importing Assets/TilePallets/Haus/Inner_234.asset using Guid(47b372572c088fc4badbe5b5ef7eb9e0) Importer(2089858483,0ecaa5967403d082aa24f35e1b516d23)  -> (artifact id: 'd340ec649bf744be250a96639108a639') in 0.008429 seconds
Number of updated asset objects reloaded before import = 0
Number of asset objects unloaded after import = 3
========================================================================
Received Import Request.
  Time since last request: 0.000011 seconds.
  path: Assets/TilePallets/Haus/Inner_256.asset
  artifactKey: Guid(320efa2b7c0a9ea488ed9a6a16369471) Importer(2089858483,0ecaa5967403d082aa24f35e1b516d23)
Start importing Assets/TilePallets/Haus/Inner_256.asset using Guid(320efa2b7c0a9ea488ed9a6a16369471) Importer(2089858483,0ecaa5967403d082aa24f35e1b516d23)  -> (artifact id: '853e515f068705e7dbc664b79f75115d') in 0.033204 seconds
Number of updated asset objects reloaded before import = 0
Number of asset objects unloaded after import = 3
========================================================================
Received Import Request.
  Time since last request: 0.000021 seconds.
  path: Assets/TilePallets/Haus/Inner_243.asset
  artifactKey: Guid(579b5901ff96e12488ee1d22cc52f2aa) Importer(2089858483,0ecaa5967403d082aa24f35e1b516d23)
Start importing Assets/TilePallets/Haus/Inner_243.asset using Guid(579b5901ff96e12488ee1d22cc52f2aa) Importer(2089858483,0ecaa5967403d082aa24f35e1b516d23)  -> (artifact id: '75f1dca18646024f4ed6da4d19e31ebb') in 0.006977 seconds
Number of updated asset objects reloaded before import = 0
Number of asset objects unloaded after import = 3
========================================================================
Received Import Request.
  Time since last request: 0.000015 seconds.
  path: Assets/TilePallets/Haus/Inner_46.asset
  artifactKey: Guid(d75135d5286c6c14fa4bf8b1268dca4f) Importer(2089858483,0ecaa5967403d082aa24f35e1b516d23)
Start importing Assets/TilePallets/Haus/Inner_46.asset using Guid(d75135d5286c6c14fa4bf8b1268dca4f) Importer(2089858483,0ecaa5967403d082aa24f35e1b516d23)  -> (artifact id: '8c2cdbfc5741f6b61a23c016cc9edb54') in 0.006052 seconds
Number of updated asset objects reloaded before import = 0
Number of asset objects unloaded after import = 3
========================================================================
Received Import Request.
  Time since last request: 0.000012 seconds.
  path: Assets/TilePallets/Haus/Inner_5.asset
  artifactKey: Guid(39160353cab4ff344ad84d4a93056c6f) Importer(2089858483,0ecaa5967403d082aa24f35e1b516d23)
Start importing Assets/TilePallets/Haus/Inner_5.asset using Guid(39160353cab4ff344ad84d4a93056c6f) Importer(2089858483,0ecaa5967403d082aa24f35e1b516d23)  -> (artifact id: 'f70c37973748472e8e6bf9a1f948bb98') in 0.005622 seconds
Number of updated asset objects reloaded before import = 0
Number of asset objects unloaded after import = 3
========================================================================
Received Import Request.
  Time since last request: 0.000012 seconds.
  path: Assets/TilePallets/Haus/Inner_18.asset
  artifactKey: Guid(6784954bbb4355c4cb4adafe74567776) Importer(2089858483,0ecaa5967403d082aa24f35e1b516d23)
Start importing Assets/TilePallets/Haus/Inner_18.asset using Guid(6784954bbb4355c4cb4adafe74567776) Importer(2089858483,0ecaa5967403d082aa24f35e1b516d23)  -> (artifact id: '8206bdabbeb711238e20cdd22b7cf020') in 0.005891 seconds
Number of updated asset objects reloaded before import = 0
Number of asset objects unloaded after import = 3
========================================================================
Received Import Request.
  Time since last request: 0.000011 seconds.
  path: Assets/TilePallets/Haus/Inner_245.asset
  artifactKey: Guid(8358b0ba0c29386438eba5d25267420b) Importer(2089858483,0ecaa5967403d082aa24f35e1b516d23)
Start importing Assets/TilePallets/Haus/Inner_245.asset using Guid(8358b0ba0c29386438eba5d25267420b) Importer(2089858483,0ecaa5967403d082aa24f35e1b516d23)  -> (artifact id: '273fc61fe6a1a8ff4a31ad3ebcffad64') in 0.006489 seconds
Number of updated asset objects reloaded before import = 0
Number of asset objects unloaded after import = 3
========================================================================
Received Import Request.
  Time since last request: 0.000010 seconds.
  path: Assets/TilePallets/Haus/Inner_90.asset
  artifactKey: Guid(69e4f6939e0040e41aeed613c1f90a94) Importer(2089858483,0ecaa5967403d082aa24f35e1b516d23)
Start importing Assets/TilePallets/Haus/Inner_90.asset using Guid(69e4f6939e0040e41aeed613c1f90a94) Importer(2089858483,0ecaa5967403d082aa24f35e1b516d23)  -> (artifact id: '0858ad3879ce383c45c823f78087de05') in 0.005916 seconds
Number of updated asset objects reloaded before import = 0
Number of asset objects unloaded after import = 3
========================================================================
Received Import Request.
  Time since last request: 0.000016 seconds.
  path: Assets/TilePallets/Haus/Inner_212.asset
  artifactKey: Guid(a96c9514007d64845bb7f4012b65daf7) Importer(2089858483,0ecaa5967403d082aa24f35e1b516d23)
Start importing Assets/TilePallets/Haus/Inner_212.asset using Guid(a96c9514007d64845bb7f4012b65daf7) Importer(2089858483,0ecaa5967403d082aa24f35e1b516d23)  -> (artifact id: '87dfd2fed639a3fad543e3c71029dbcd') in 0.006616 seconds
Number of updated asset objects reloaded before import = 0
Number of asset objects unloaded after import = 3
========================================================================
Received Import Request.
  Time since last request: 0.000013 seconds.
  path: Assets/TilePallets/Haus/Inner_237.asset
  artifactKey: Guid(8c99e26178847434f8ba85ce334bc0f5) Importer(2089858483,0ecaa5967403d082aa24f35e1b516d23)
Start importing Assets/TilePallets/Haus/Inner_237.asset using Guid(8c99e26178847434f8ba85ce334bc0f5) Importer(2089858483,0ecaa5967403d082aa24f35e1b516d23)  -> (artifact id: '40524c89d6cbbf0e298ec8a1d4085f0f') in 0.006487 seconds
Number of updated asset objects reloaded before import = 0
Number of asset objects unloaded after import = 3
========================================================================
Received Import Request.
  Time since last request: 0.000010 seconds.
  path: Assets/TilePallets/Haus/Inner_179.asset
  artifactKey: Guid(161553654b5961943a91c8656fd088bc) Importer(2089858483,0ecaa5967403d082aa24f35e1b516d23)
Start importing Assets/TilePallets/Haus/Inner_179.asset using Guid(161553654b5961943a91c8656fd088bc) Importer(2089858483,0ecaa5967403d082aa24f35e1b516d23)  -> (artifact id: '0e031b75507da87ce1d320a587dbbd00') in 0.006523 seconds
Number of updated asset objects reloaded before import = 0
Number of asset objects unloaded after import = 3
========================================================================
Received Import Request.
  Time since last request: 0.000021 seconds.
  path: Assets/TilePallets/Village and Forest/Berg Rand 1.asset
  artifactKey: Guid(0bee242c91626c24da1e0640ff0f9f4c) Importer(2089858483,0ecaa5967403d082aa24f35e1b516d23)
Start importing Assets/TilePallets/Village and Forest/Berg Rand 1.asset using Guid(0bee242c91626c24da1e0640ff0f9f4c) Importer(2089858483,0ecaa5967403d082aa24f35e1b516d23)  -> (artifact id: '34bd43bcbcea5d528bc84c81b369eda2') in 0.006014 seconds
Number of updated asset objects reloaded before import = 0
Number of asset objects unloaded after import = 3
========================================================================
Received Import Request.
  Time since last request: 0.000012 seconds.
  path: Assets/TilePallets/Haus/Inner_177.asset
  artifactKey: Guid(60a82086294547247bc07b745f4219a1) Importer(2089858483,0ecaa5967403d082aa24f35e1b516d23)
Start importing Assets/TilePallets/Haus/Inner_177.asset using Guid(60a82086294547247bc07b745f4219a1) Importer(2089858483,0ecaa5967403d082aa24f35e1b516d23)  -> (artifact id: '2713306adc4721b079d07937fd61e7f1') in 0.006687 seconds
Number of updated asset objects reloaded before import = 0
Number of asset objects unloaded after import = 3
========================================================================
Received Import Request.
  Time since last request: 0.000011 seconds.
  path: Assets/TilePallets/Village and Forest/Overworld New_0.asset
  artifactKey: Guid(e59af56880fc4f04ebf0a40f517bfe66) Importer(2089858483,0ecaa5967403d082aa24f35e1b516d23)
Start importing Assets/TilePallets/Village and Forest/Overworld New_0.asset using Guid(e59af56880fc4f04ebf0a40f517bfe66) Importer(2089858483,0ecaa5967403d082aa24f35e1b516d23)  -> (artifact id: '166482bd4f883f44c6dba9a2273ae56b') in 0.006414 seconds
Number of updated asset objects reloaded before import = 0
Number of asset objects unloaded after import = 2
========================================================================
Received Import Request.
  Time since last request: 0.000010 seconds.
  path: Assets/TilePallets/Haus/Inner_197.asset
  artifactKey: Guid(bdc924e87e2119942b587d61fe944b26) Importer(2089858483,0ecaa5967403d082aa24f35e1b516d23)
Start importing Assets/TilePallets/Haus/Inner_197.asset using Guid(bdc924e87e2119942b587d61fe944b26) Importer(2089858483,0ecaa5967403d082aa24f35e1b516d23)  -> (artifact id: '94f44a4b2d390a6ec0fafa35302cdcf7') in 0.006905 seconds
Number of updated asset objects reloaded before import = 0
Number of asset objects unloaded after import = 3
========================================================================
Received Import Request.
  Time since last request: 0.000011 seconds.
  path: Assets/TilePallets/Haus/Inner_41.asset
  artifactKey: Guid(003eb8a7364b95943822508a4d976cb3) Importer(2089858483,0ecaa5967403d082aa24f35e1b516d23)
Start importing Assets/TilePallets/Haus/Inner_41.asset using Guid(003eb8a7364b95943822508a4d976cb3) Importer(2089858483,0ecaa5967403d082aa24f35e1b516d23)  -> (artifact id: 'd805c925d45e64b6cacc8db8349e5743') in 0.006075 seconds
Number of updated asset objects reloaded before import = 0
Number of asset objects unloaded after import = 3
========================================================================
Received Import Request.
  Time since last request: 0.000011 seconds.
  path: Assets/TilePallets/Haus/Inner_83.asset
  artifactKey: Guid(fc1548b3eb0c0c9448416930eb7b9ec0) Importer(2089858483,0ecaa5967403d082aa24f35e1b516d23)
Start importing Assets/TilePallets/Haus/Inner_83.asset using Guid(fc1548b3eb0c0c9448416930eb7b9ec0) Importer(2089858483,0ecaa5967403d082aa24f35e1b516d23)  -> (artifact id: 'a1da284c57a46183d6ea0bee508c6cb2') in 0.005631 seconds
Number of updated asset objects reloaded before import = 0
Number of asset objects unloaded after import = 3
========================================================================
Received Import Request.
  Time since last request: 0.000015 seconds.
  path: Assets/TilePallets/Haus/Inner_226.asset
  artifactKey: Guid(083cbb1682c04ff48b5bbda8114ea352) Importer(2089858483,0ecaa5967403d082aa24f35e1b516d23)
Start importing Assets/TilePallets/Haus/Inner_226.asset using Guid(083cbb1682c04ff48b5bbda8114ea352) Importer(2089858483,0ecaa5967403d082aa24f35e1b516d23)  -> (artifact id: '2254758608d47ea610f41de989cafbca') in 0.005792 seconds
Number of updated asset objects reloaded before import = 0
Number of asset objects unloaded after import = 3
========================================================================
Received Import Request.
  Time since last request: 0.000016 seconds.
  path: Assets/TilePallets/Haus/Inner_86.asset
  artifactKey: Guid(5fdc6182ac9262249869ad6547efc973) Importer(2089858483,0ecaa5967403d082aa24f35e1b516d23)
Start importing Assets/TilePallets/Haus/Inner_86.asset using Guid(5fdc6182ac9262249869ad6547efc973) Importer(2089858483,0ecaa5967403d082aa24f35e1b516d23)  -> (artifact id: 'bf66dc1358b132104fb22b2ddcc73a91') in 0.005618 seconds
Number of updated asset objects reloaded before import = 0
Number of asset objects unloaded after import = 3
========================================================================
Received Import Request.
  Time since last request: 0.000010 seconds.
  path: Assets/TilePallets/Haus/Inner_181.asset
  artifactKey: Guid(7b590daa69ac9694b8fc59560d791c59) Importer(2089858483,0ecaa5967403d082aa24f35e1b516d23)
Start importing Assets/TilePallets/Haus/Inner_181.asset using Guid(7b590daa69ac9694b8fc59560d791c59) Importer(2089858483,0ecaa5967403d082aa24f35e1b516d23)  -> (artifact id: '1c51e01620211701c6a97a16445c7880') in 0.006118 seconds
Number of updated asset objects reloaded before import = 0
Number of asset objects unloaded after import = 3
========================================================================
Received Import Request.
  Time since last request: 0.000011 seconds.
  path: Assets/TilePallets/Haus/Inner_250.asset
  artifactKey: Guid(6e3be13978cb9094095ff9764b648696) Importer(2089858483,0ecaa5967403d082aa24f35e1b516d23)
Start importing Assets/TilePallets/Haus/Inner_250.asset using Guid(6e3be13978cb9094095ff9764b648696) Importer(2089858483,0ecaa5967403d082aa24f35e1b516d23)  -> (artifact id: '7adb1b749ff9633e5afa09936894d70e') in 0.006634 seconds
Number of updated asset objects reloaded before import = 0
Number of asset objects unloaded after import = 3
========================================================================
Received Import Request.
  Time since last request: 0.000011 seconds.
  path: Assets/TilePallets/Haus/Inner_36.asset
  artifactKey: Guid(b639d12e278bf684aaa5c7aa39eb1245) Importer(2089858483,0ecaa5967403d082aa24f35e1b516d23)
Start importing Assets/TilePallets/Haus/Inner_36.asset using Guid(b639d12e278bf684aaa5c7aa39eb1245) Importer(2089858483,0ecaa5967403d082aa24f35e1b516d23)  -> (artifact id: 'c4459291e30276b7785bf6713f01a320') in 0.006379 seconds
Number of updated asset objects reloaded before import = 0
Number of asset objects unloaded after import = 3
========================================================================
Received Import Request.
  Time since last request: 0.000010 seconds.
  path: Assets/TilePallets/Haus/Inner_34.asset
  artifactKey: Guid(ef9b018bbb808f34689f541b68cee843) Importer(2089858483,0ecaa5967403d082aa24f35e1b516d23)
Start importing Assets/TilePallets/Haus/Inner_34.asset using Guid(ef9b018bbb808f34689f541b68cee843) Importer(2089858483,0ecaa5967403d082aa24f35e1b516d23)  -> (artifact id: 'ceea765e6fc004ce62a0c9bdbfa9bf49') in 0.005554 seconds
Number of updated asset objects reloaded before import = 0
Number of asset objects unloaded after import = 3
========================================================================
Received Import Request.
  Time since last request: 0.000016 seconds.
  path: Assets/TilePallets/Haus/Inner_191.asset
  artifactKey: Guid(eb8ae1f75badd8b4fa576f0783401082) Importer(2089858483,0ecaa5967403d082aa24f35e1b516d23)
Start importing Assets/TilePallets/Haus/Inner_191.asset using Guid(eb8ae1f75badd8b4fa576f0783401082) Importer(2089858483,0ecaa5967403d082aa24f35e1b516d23)  -> (artifact id: 'a6005c99c96b1a13b72ff46c393860ea') in 0.007512 seconds
Number of updated asset objects reloaded before import = 0
Number of asset objects unloaded after import = 3
========================================================================
Received Import Request.
  Time since last request: 0.000010 seconds.
  path: Assets/TilePallets/Haus/Inner_189.asset
  artifactKey: Guid(216d2371114f14f40810bf9486a96428) Importer(2089858483,0ecaa5967403d082aa24f35e1b516d23)
Start importing Assets/TilePallets/Haus/Inner_189.asset using Guid(216d2371114f14f40810bf9486a96428) Importer(2089858483,0ecaa5967403d082aa24f35e1b516d23)  -> (artifact id: '214e862323dd7931a5c69218c79e2df4') in 0.005385 seconds
Number of updated asset objects reloaded before import = 0
Number of asset objects unloaded after import = 3
========================================================================
Received Import Request.
  Time since last request: 0.000015 seconds.
  path: Assets/TilePallets/Haus/Inner_183.asset
  artifactKey: Guid(30f47834a75d7bf4a8c81e8f848b8931) Importer(2089858483,0ecaa5967403d082aa24f35e1b516d23)
Start importing Assets/TilePallets/Haus/Inner_183.asset using Guid(30f47834a75d7bf4a8c81e8f848b8931) Importer(2089858483,0ecaa5967403d082aa24f35e1b516d23)  -> (artifact id: '9cf4a6613c5ce8fce32cbfe0b94a4ca4') in 0.007186 seconds
Number of updated asset objects reloaded before import = 0
Number of asset objects unloaded after import = 3
========================================================================
Received Import Request.
  Time since last request: 0.000011 seconds.
  path: Assets/TilePallets/Village and Forest/Busch.asset
  artifactKey: Guid(78417ca506778bb42a7c9e01a3ca8840) Importer(2089858483,0ecaa5967403d082aa24f35e1b516d23)
Start importing Assets/TilePallets/Village and Forest/Busch.asset using Guid(78417ca506778bb42a7c9e01a3ca8840) Importer(2089858483,0ecaa5967403d082aa24f35e1b516d23)  -> (artifact id: '79481d99ec0fd4aacfe3979b62336987') in 0.026323 seconds
Number of updated asset objects reloaded before import = 0
Number of asset objects unloaded after import = 3
========================================================================
Received Import Request.
  Time since last request: 0.000015 seconds.
  path: Assets/TilePallets/Village and Forest/Overworld New_100.asset
  artifactKey: Guid(b8defeef475d508499c5dfbbd6b5d094) Importer(2089858483,0ecaa5967403d082aa24f35e1b516d23)
Start importing Assets/TilePallets/Village and Forest/Overworld New_100.asset using Guid(b8defeef475d508499c5dfbbd6b5d094) Importer(2089858483,0ecaa5967403d082aa24f35e1b516d23)  -> (artifact id: '994567aad9eda94307699beb6b961485') in 0.005687 seconds
Number of updated asset objects reloaded before import = 0
Number of asset objects unloaded after import = 2
========================================================================
Received Import Request.
  Time since last request: 0.000013 seconds.
  path: Assets/TilePallets/Haus/Inner_242.asset
  artifactKey: Guid(f75bacb0124eced418687872017bfe97) Importer(2089858483,0ecaa5967403d082aa24f35e1b516d23)
Start importing Assets/TilePallets/Haus/Inner_242.asset using Guid(f75bacb0124eced418687872017bfe97) Importer(2089858483,0ecaa5967403d082aa24f35e1b516d23)  -> (artifact id: '80bd6d1da675dce93b4c5ca4e076c5b5') in 0.007223 seconds
Number of updated asset objects reloaded before import = 0
Number of asset objects unloaded after import = 3
========================================================================
Received Import Request.
  Time since last request: 0.000016 seconds.
  path: Assets/TilePallets/Haus/Inner_30.asset
  artifactKey: Guid(73e51fb0689764a4082cee61675d019b) Importer(2089858483,0ecaa5967403d082aa24f35e1b516d23)
Start importing Assets/TilePallets/Haus/Inner_30.asset using Guid(73e51fb0689764a4082cee61675d019b) Importer(2089858483,0ecaa5967403d082aa24f35e1b516d23)  -> (artifact id: '1380fa2196c9f1b535b106b41ffca8d7') in 0.006008 seconds
Number of updated asset objects reloaded before import = 0
Number of asset objects unloaded after import = 3
========================================================================
Received Import Request.
  Time since last request: 0.000018 seconds.
  path: Assets/TilePallets/Haus/Inner_223.asset
  artifactKey: Guid(121a00a79e80dfb4b9374f5f5e19d502) Importer(2089858483,0ecaa5967403d082aa24f35e1b516d23)
Start importing Assets/TilePallets/Haus/Inner_223.asset using Guid(121a00a79e80dfb4b9374f5f5e19d502) Importer(2089858483,0ecaa5967403d082aa24f35e1b516d23)  -> (artifact id: 'a77437b1c0b0a65849c4cbbcf0051564') in 0.006818 seconds
Number of updated asset objects reloaded before import = 0
Number of asset objects unloaded after import = 3
========================================================================
Received Import Request.
  Time since last request: 0.000011 seconds.
  path: Assets/TilePallets/Haus/Inner_91.asset
  artifactKey: Guid(ebb1e842ed3fb584297891a1f2d8081a) Importer(2089858483,0ecaa5967403d082aa24f35e1b516d23)
Start importing Assets/TilePallets/Haus/Inner_91.asset using Guid(ebb1e842ed3fb584297891a1f2d8081a) Importer(2089858483,0ecaa5967403d082aa24f35e1b516d23)  -> (artifact id: 'f67c8dc94e58c0d2774c09316df078e4') in 0.005992 seconds
Number of updated asset objects reloaded before import = 0
Number of asset objects unloaded after import = 3
========================================================================
Received Import Request.
  Time since last request: 0.000010 seconds.
  path: Assets/TilePallets/Haus/Inner_98.asset
  artifactKey: Guid(b45b38eef734dc84d9a3cfed34fcf48c) Importer(2089858483,0ecaa5967403d082aa24f35e1b516d23)
Start importing Assets/TilePallets/Haus/Inner_98.asset using Guid(b45b38eef734dc84d9a3cfed34fcf48c) Importer(2089858483,0ecaa5967403d082aa24f35e1b516d23)  -> (artifact id: '3f2c4b1342eb416caaba6cd612debef6') in 0.006286 seconds
Number of updated asset objects reloaded before import = 0
Number of asset objects unloaded after import = 3
========================================================================
Received Import Request.
  Time since last request: 0.000010 seconds.
  path: Assets/TilePallets/Haus/Inner_236.asset
  artifactKey: Guid(427ee5b950c442446825be41e77ed987) Importer(2089858483,0ecaa5967403d082aa24f35e1b516d23)
Start importing Assets/TilePallets/Haus/Inner_236.asset using Guid(427ee5b950c442446825be41e77ed987) Importer(2089858483,0ecaa5967403d082aa24f35e1b516d23)  -> (artifact id: '9ad0fe1ef22b7122dcd56b7572853cf4') in 0.005505 seconds
Number of updated asset objects reloaded before import = 0
Number of asset objects unloaded after import = 3
========================================================================
Received Import Request.
  Time since last request: 0.000014 seconds.
  path: Assets/TilePallets/Haus/Inner_220.asset
  artifactKey: Guid(7fda52bab39bb844c8cc78043842f4c6) Importer(2089858483,0ecaa5967403d082aa24f35e1b516d23)
Start importing Assets/TilePallets/Haus/Inner_220.asset using Guid(7fda52bab39bb844c8cc78043842f4c6) Importer(2089858483,0ecaa5967403d082aa24f35e1b516d23)  -> (artifact id: '111545c377af8f53d058f875ed080229') in 0.006462 seconds
Number of updated asset objects reloaded before import = 0
Number of asset objects unloaded after import = 3
========================================================================
Received Import Request.
  Time since last request: 0.000011 seconds.
  path: Assets/TilePallets/Haus/Inner_4.asset
  artifactKey: Guid(088b2acd9eadaac42b86c7ad4aae1e1f) Importer(2089858483,0ecaa5967403d082aa24f35e1b516d23)
Start importing Assets/TilePallets/Haus/Inner_4.asset using Guid(088b2acd9eadaac42b86c7ad4aae1e1f) Importer(2089858483,0ecaa5967403d082aa24f35e1b516d23)  -> (artifact id: '7d720db2aa96810e077d5f55e61191c5') in 0.005744 seconds
Number of updated asset objects reloaded before import = 0
Number of asset objects unloaded after import = 3
========================================================================
Received Import Request.
  Time since last request: 0.000011 seconds.
  path: Assets/TilePallets/Haus/Inner_192.asset
  artifactKey: Guid(27da5eb4944864d4bbcbf13dae918d64) Importer(2089858483,0ecaa5967403d082aa24f35e1b516d23)
Start importing Assets/TilePallets/Haus/Inner_192.asset using Guid(27da5eb4944864d4bbcbf13dae918d64) Importer(2089858483,0ecaa5967403d082aa24f35e1b516d23)  -> (artifact id: 'fb143701e4c248502c4136de7d0a5905') in 0.007186 seconds
Number of updated asset objects reloaded before import = 0
Number of asset objects unloaded after import = 3
========================================================================
Received Import Request.
  Time since last request: 0.000014 seconds.
  path: Assets/TilePallets/Haus/Inner_7.asset
  artifactKey: Guid(85b988b9fe033bd4484f14b022fc513f) Importer(2089858483,0ecaa5967403d082aa24f35e1b516d23)
Start importing Assets/TilePallets/Haus/Inner_7.asset using Guid(85b988b9fe033bd4484f14b022fc513f) Importer(2089858483,0ecaa5967403d082aa24f35e1b516d23)  -> (artifact id: '2c476e64fdd48836d026359d1793c30e') in 0.006962 seconds
Number of updated asset objects reloaded before import = 0
Number of asset objects unloaded after import = 3
========================================================================
Received Import Request.
  Time since last request: 0.000011 seconds.
  path: Assets/TilePallets/Haus/Inner_42.asset
  artifactKey: Guid(dfa6357393723da40b7b7fda423fe697) Importer(2089858483,0ecaa5967403d082aa24f35e1b516d23)
Start importing Assets/TilePallets/Haus/Inner_42.asset using Guid(dfa6357393723da40b7b7fda423fe697) Importer(2089858483,0ecaa5967403d082aa24f35e1b516d23)  -> (artifact id: '7e69fca144ccc837d4ff96da22f0c12c') in 0.005785 seconds
Number of updated asset objects reloaded before import = 0
Number of asset objects unloaded after import = 3
========================================================================
Received Import Request.
  Time since last request: 0.000010 seconds.
  path: Assets/TilePallets/Haus/Inner_44.asset
  artifactKey: Guid(99f5d2e1d75856d4da3683e8739293db) Importer(2089858483,0ecaa5967403d082aa24f35e1b516d23)
Start importing Assets/TilePallets/Haus/Inner_44.asset using Guid(99f5d2e1d75856d4da3683e8739293db) Importer(2089858483,0ecaa5967403d082aa24f35e1b516d23)  -> (artifact id: 'a221eb987c6893aa15196d53d5ba0bba') in 0.006214 seconds
Number of updated asset objects reloaded before import = 0
Number of asset objects unloaded after import = 3
========================================================================
Received Import Request.
  Time since last request: 0.000012 seconds.
  path: Assets/TilePallets/Haus/Inner_230.asset
  artifactKey: Guid(f7d8b078ba1a0bb42bcc80328011388f) Importer(2089858483,0ecaa5967403d082aa24f35e1b516d23)
Start importing Assets/TilePallets/Haus/Inner_230.asset using Guid(f7d8b078ba1a0bb42bcc80328011388f) Importer(2089858483,0ecaa5967403d082aa24f35e1b516d23)  -> (artifact id: 'e7d6a1d5374b30946fed0adb20c104f4') in 0.007415 seconds
Number of updated asset objects reloaded before import = 0
Number of asset objects unloaded after import = 3
========================================================================
Received Import Request.
  Time since last request: 0.000013 seconds.
  path: Assets/TilePallets/Haus/Inner_188.asset
  artifactKey: Guid(99fcd6469e4079f43bd5634fe30bbb8b) Importer(2089858483,0ecaa5967403d082aa24f35e1b516d23)
Start importing Assets/TilePallets/Haus/Inner_188.asset using Guid(99fcd6469e4079f43bd5634fe30bbb8b) Importer(2089858483,0ecaa5967403d082aa24f35e1b516d23)  -> (artifact id: '91fde1c160a8d324749737aa30205ab9') in 0.007120 seconds
Number of updated asset objects reloaded before import = 0
Number of asset objects unloaded after import = 3
========================================================================
Received Import Request.
  Time since last request: 0.000015 seconds.
  path: Assets/TilePallets/Haus/Inner_180.asset
  artifactKey: Guid(57d3faf069eaa144faef7e2c1c115340) Importer(2089858483,0ecaa5967403d082aa24f35e1b516d23)
Start importing Assets/TilePallets/Haus/Inner_180.asset using Guid(57d3faf069eaa144faef7e2c1c115340) Importer(2089858483,0ecaa5967403d082aa24f35e1b516d23)  -> (artifact id: 'dfdf7cd0efe3bd3e08263d7fd092aaf6') in 0.006115 seconds
Number of updated asset objects reloaded before import = 0
Number of asset objects unloaded after import = 3
========================================================================
Received Import Request.
  Time since last request: 0.000019 seconds.
  path: Assets/TilePallets/Haus/Inner_67.asset
  artifactKey: Guid(5140eddf7975fb24882ad514c456cc49) Importer(2089858483,0ecaa5967403d082aa24f35e1b516d23)
Start importing Assets/TilePallets/Haus/Inner_67.asset using Guid(5140eddf7975fb24882ad514c456cc49) Importer(2089858483,0ecaa5967403d082aa24f35e1b516d23)  -> (artifact id: '9b149b1ea1a6c6f5b5873a46c6cb8df2') in 0.006335 seconds
Number of updated asset objects reloaded before import = 0
Number of asset objects unloaded after import = 3
========================================================================
Received Import Request.
  Time since last request: 0.000010 seconds.
  path: Assets/TilePallets/Haus/Inner_51.asset
  artifactKey: Guid(b615e8393e7f64644ba008e645aa944c) Importer(2089858483,0ecaa5967403d082aa24f35e1b516d23)
Start importing Assets/TilePallets/Haus/Inner_51.asset using Guid(b615e8393e7f64644ba008e645aa944c) Importer(2089858483,0ecaa5967403d082aa24f35e1b516d23)  -> (artifact id: 'b0898d3f32344ea77d1fe5cccd066b3e') in 0.006147 seconds
Number of updated asset objects reloaded before import = 0
Number of asset objects unloaded after import = 3
========================================================================
Received Import Request.
  Time since last request: 0.000019 seconds.
  path: Assets/TilePallets/Haus/Inner_40.asset
  artifactKey: Guid(97bcaca9f5d0020459e563b5a5befe4b) Importer(2089858483,0ecaa5967403d082aa24f35e1b516d23)
Start importing Assets/TilePallets/Haus/Inner_40.asset using Guid(97bcaca9f5d0020459e563b5a5befe4b) Importer(2089858483,0ecaa5967403d082aa24f35e1b516d23)  -> (artifact id: '53ea0ba92f5f513a638b75fa259f03e3') in 0.007549 seconds
Number of updated asset objects reloaded before import = 0
Number of asset objects unloaded after import = 3
========================================================================
Received Import Request.
  Time since last request: 1.481323 seconds.
  path: Assets/TilePallets/Village and Forest/Overworld New_102.asset
  artifactKey: Guid(b14b9c4318cc13e42a2394c8a4b373c4) Importer(2089858483,0ecaa5967403d082aa24f35e1b516d23)
Start importing Assets/TilePallets/Village and Forest/Overworld New_102.asset using Guid(b14b9c4318cc13e42a2394c8a4b373c4) Importer(2089858483,0ecaa5967403d082aa24f35e1b516d23)  -> (artifact id: '0d1c8c984b4b357f79baea7720260ac0') in 0.006977 seconds
Number of updated asset objects reloaded before import = 0
Number of asset objects unloaded after import = 2
========================================================================
Received Import Request.
  Time since last request: 0.000013 seconds.
  path: Assets/TilePallets/Village and Forest/Overworld New_220.asset
  artifactKey: Guid(ac9cff181aa96624fb036859a7b744d9) Importer(2089858483,0ecaa5967403d082aa24f35e1b516d23)
Start importing Assets/TilePallets/Village and Forest/Overworld New_220.asset using Guid(ac9cff181aa96624fb036859a7b744d9) Importer(2089858483,0ecaa5967403d082aa24f35e1b516d23)  -> (artifact id: '03b0d9578926906857e6792100f1162a') in 0.030116 seconds
Number of updated asset objects reloaded before import = 0
Number of asset objects unloaded after import = 2
========================================================================
Received Import Request.
  Time since last request: 0.000011 seconds.
  path: Assets/TilePallets/Village and Forest/Overworld New_163.asset
  artifactKey: Guid(d65bd5aa2a02a314893ce86453063eb6) Importer(2089858483,0ecaa5967403d082aa24f35e1b516d23)
Start importing Assets/TilePallets/Village and Forest/Overworld New_163.asset using Guid(d65bd5aa2a02a314893ce86453063eb6) Importer(2089858483,0ecaa5967403d082aa24f35e1b516d23)  -> (artifact id: '719fa889582e125e3157111e4a5a4f10') in 0.005714 seconds
Number of updated asset objects reloaded before import = 0
Number of asset objects unloaded after import = 2
========================================================================
Received Import Request.
  Time since last request: 0.000017 seconds.
  path: Assets/TilePallets/Village and Forest/Overworld New_126.asset
  artifactKey: Guid(1947bc8135d4e184a905c3e2bc3b8af8) Importer(2089858483,0ecaa5967403d082aa24f35e1b516d23)
Start importing Assets/TilePallets/Village and Forest/Overworld New_126.asset using Guid(1947bc8135d4e184a905c3e2bc3b8af8) Importer(2089858483,0ecaa5967403d082aa24f35e1b516d23)  -> (artifact id: '866827b358217b13d5f6cfc535924de1') in 0.011442 seconds
Number of updated asset objects reloaded before import = 0
Number of asset objects unloaded after import = 2
========================================================================
Received Import Request.
  Time since last request: 0.000016 seconds.
  path: Assets/TilePallets/Village and Forest/Overworld New_299.asset
  artifactKey: Guid(e57bdeb379e52c146a313edb068d5f0e) Importer(2089858483,0ecaa5967403d082aa24f35e1b516d23)
Start importing Assets/TilePallets/Village and Forest/Overworld New_299.asset using Guid(e57bdeb379e52c146a313edb068d5f0e) Importer(2089858483,0ecaa5967403d082aa24f35e1b516d23)  -> (artifact id: '7d6d3485b5dffdc762e397539b9adb38') in 0.005689 seconds
Number of updated asset objects reloaded before import = 0
Number of asset objects unloaded after import = 2
========================================================================
Received Import Request.
  Time since last request: 0.000011 seconds.
  path: Assets/TilePallets/Village and Forest/Overworld New_118.asset
  artifactKey: Guid(ced110104c10f0d44a7f0257d558ffe9) Importer(2089858483,0ecaa5967403d082aa24f35e1b516d23)
Start importing Assets/TilePallets/Village and Forest/Overworld New_118.asset using Guid(ced110104c10f0d44a7f0257d558ffe9) Importer(2089858483,0ecaa5967403d082aa24f35e1b516d23)  -> (artifact id: 'd841b3464d3381084c95df53500c07ee') in 0.006463 seconds
Number of updated asset objects reloaded before import = 0
Number of asset objects unloaded after import = 2
========================================================================
Received Import Request.
  Time since last request: 0.000011 seconds.
  path: Assets/TilePallets/Village and Forest/Overworld New_154.asset
  artifactKey: Guid(70ec4f41f18cead48a63831734738d72) Importer(2089858483,0ecaa5967403d082aa24f35e1b516d23)
Start importing Assets/TilePallets/Village and Forest/Overworld New_154.asset using Guid(70ec4f41f18cead48a63831734738d72) Importer(2089858483,0ecaa5967403d082aa24f35e1b516d23)  -> (artifact id: 'a5276bb8882843018d70cf7e9321c76f') in 0.005514 seconds
Number of updated asset objects reloaded before import = 0
Number of asset objects unloaded after import = 2
========================================================================
Received Import Request.
  Time since last request: 0.000018 seconds.
  path: Assets/TilePallets/Village and Forest/Overworld New_160.asset
  artifactKey: Guid(de39f1f0778742f4bb868a1656e25eee) Importer(2089858483,0ecaa5967403d082aa24f35e1b516d23)
Start importing Assets/TilePallets/Village and Forest/Overworld New_160.asset using Guid(de39f1f0778742f4bb868a1656e25eee) Importer(2089858483,0ecaa5967403d082aa24f35e1b516d23)  -> (artifact id: 'b3f296e0324a7be5b3443f6bbf0ea85c') in 0.005934 seconds
Number of updated asset objects reloaded before import = 0
Number of asset objects unloaded after import = 2
========================================================================
Received Import Request.
  Time since last request: 0.000013 seconds.
  path: Assets/TilePallets/Village and Forest/Overworld New_274.asset
  artifactKey: Guid(6c195190c1c13e74dbfeac583938be56) Importer(2089858483,0ecaa5967403d082aa24f35e1b516d23)
Start importing Assets/TilePallets/Village and Forest/Overworld New_274.asset using Guid(6c195190c1c13e74dbfeac583938be56) Importer(2089858483,0ecaa5967403d082aa24f35e1b516d23)  -> (artifact id: '918673984e29018d836d2a208f13d5fd') in 0.005471 seconds
Number of updated asset objects reloaded before import = 0
Number of asset objects unloaded after import = 2
========================================================================
Received Import Request.
  Time since last request: 0.000011 seconds.
  path: Assets/TilePallets/Village and Forest/Overworld New_109.asset
  artifactKey: Guid(d31f33d9c9a498a429fcde034cfc4cf5) Importer(2089858483,0ecaa5967403d082aa24f35e1b516d23)
Start importing Assets/TilePallets/Village and Forest/Overworld New_109.asset using Guid(d31f33d9c9a498a429fcde034cfc4cf5) Importer(2089858483,0ecaa5967403d082aa24f35e1b516d23)  -> (artifact id: '118b04c7f7eb082470e57ce081387eca') in 0.006025 seconds
Number of updated asset objects reloaded before import = 0
Number of asset objects unloaded after import = 2
========================================================================
Received Import Request.
  Time since last request: 0.000010 seconds.
  path: Assets/TilePallets/Village and Forest/Overworld New_142.asset
  artifactKey: Guid(833429fda0fcda548b87524a2301551f) Importer(2089858483,0ecaa5967403d082aa24f35e1b516d23)
Start importing Assets/TilePallets/Village and Forest/Overworld New_142.asset using Guid(833429fda0fcda548b87524a2301551f) Importer(2089858483,0ecaa5967403d082aa24f35e1b516d23)  -> (artifact id: '5c7cfb9aaae53e0101813eb0f48fb7e1') in 0.005861 seconds
Number of updated asset objects reloaded before import = 0
Number of asset objects unloaded after import = 2
========================================================================
Received Import Request.
  Time since last request: 0.000016 seconds.
  path: Assets/TilePallets/Village and Forest/Overworld New_113.asset
  artifactKey: Guid(404df1c8480d1cc43b2215eee9dc3a4c) Importer(2089858483,0ecaa5967403d082aa24f35e1b516d23)
Start importing Assets/TilePallets/Village and Forest/Overworld New_113.asset using Guid(404df1c8480d1cc43b2215eee9dc3a4c) Importer(2089858483,0ecaa5967403d082aa24f35e1b516d23)  -> (artifact id: '08b5532666b83ba4b46e319485d4fac6') in 0.006094 seconds
Number of updated asset objects reloaded before import = 0
Number of asset objects unloaded after import = 2
========================================================================
Received Import Request.
  Time since last request: 0.000012 seconds.
  path: Assets/TilePallets/Village and Forest/Overworld New_117.asset
  artifactKey: Guid(0c889054d11667748ab701d359675aea) Importer(2089858483,0ecaa5967403d082aa24f35e1b516d23)
Start importing Assets/TilePallets/Village and Forest/Overworld New_117.asset using Guid(0c889054d11667748ab701d359675aea) Importer(2089858483,0ecaa5967403d082aa24f35e1b516d23)  -> (artifact id: '2fdda334ebb8cfcd4f09d43bffff8d50') in 0.006206 seconds
Number of updated asset objects reloaded before import = 0
Number of asset objects unloaded after import = 2
========================================================================
Received Import Request.
  Time since last request: 0.000011 seconds.
  path: Assets/TilePallets/Village and Forest/Overworld New_178.asset
  artifactKey: Guid(3d756a81a8a7da94c9f6c4d439577aba) Importer(2089858483,0ecaa5967403d082aa24f35e1b516d23)
Start importing Assets/TilePallets/Village and Forest/Overworld New_178.asset using Guid(3d756a81a8a7da94c9f6c4d439577aba) Importer(2089858483,0ecaa5967403d082aa24f35e1b516d23)  -> (artifact id: '832d6831b0408f0f8c41e9a991b946eb') in 0.042198 seconds
Number of updated asset objects reloaded before import = 0
Number of asset objects unloaded after import = 2
========================================================================
Received Import Request.
  Time since last request: 0.000013 seconds.
  path: Assets/TilePallets/Village and Forest/Overworld New_164.asset
  artifactKey: Guid(f05e83fb758e2ec438cfba0a2f470b18) Importer(2089858483,0ecaa5967403d082aa24f35e1b516d23)
Start importing Assets/TilePallets/Village and Forest/Overworld New_164.asset using Guid(f05e83fb758e2ec438cfba0a2f470b18) Importer(2089858483,0ecaa5967403d082aa24f35e1b516d23)  -> (artifact id: '9542c23c3432ea6b8047d1fd77fc9162') in 0.005483 seconds
Number of updated asset objects reloaded before import = 0
Number of asset objects unloaded after import = 2
========================================================================
Received Import Request.
  Time since last request: 0.000020 seconds.
  path: Assets/TilePallets/Village and Forest/Overworld New_190.asset
  artifactKey: Guid(bffe537b318aac74b9f59565d8c932da) Importer(2089858483,0ecaa5967403d082aa24f35e1b516d23)
Start importing Assets/TilePallets/Village and Forest/Overworld New_190.asset using Guid(bffe537b318aac74b9f59565d8c932da) Importer(2089858483,0ecaa5967403d082aa24f35e1b516d23)  -> (artifact id: '4c13e18900a58a08f44b4798de602b15') in 0.006080 seconds
Number of updated asset objects reloaded before import = 0
Number of asset objects unloaded after import = 2
========================================================================
Received Import Request.
  Time since last request: 0.000012 seconds.
  path: Assets/TilePallets/Village and Forest/Overworld New_159.asset
  artifactKey: Guid(bfdacfc8634353349b9a7e59689f0395) Importer(2089858483,0ecaa5967403d082aa24f35e1b516d23)
Start importing Assets/TilePallets/Village and Forest/Overworld New_159.asset using Guid(bfdacfc8634353349b9a7e59689f0395) Importer(2089858483,0ecaa5967403d082aa24f35e1b516d23)  -> (artifact id: '7973f7f5dee417a78e2789ce4c70a382') in 0.005383 seconds
Number of updated asset objects reloaded before import = 0
Number of asset objects unloaded after import = 2
========================================================================
Received Import Request.
  Time since last request: 0.000011 seconds.
  path: Assets/TilePallets/Village and Forest/Overworld New_22.asset
  artifactKey: Guid(16bd7844bf08d1048ba9b68e99047d8f) Importer(2089858483,0ecaa5967403d082aa24f35e1b516d23)
Start importing Assets/TilePallets/Village and Forest/Overworld New_22.asset using Guid(16bd7844bf08d1048ba9b68e99047d8f) Importer(2089858483,0ecaa5967403d082aa24f35e1b516d23)  -> (artifact id: 'bad520416712874b44ba14fbc2be96a7') in 0.005860 seconds
Number of updated asset objects reloaded before import = 0
Number of asset objects unloaded after import = 2
========================================================================
Received Import Request.
  Time since last request: 0.000012 seconds.
  path: Assets/TilePallets/Village and Forest/Overworld New_139.asset
  artifactKey: Guid(f43e40dbcc9e7b3449cf2d13a39ae191) Importer(2089858483,0ecaa5967403d082aa24f35e1b516d23)
Start importing Assets/TilePallets/Village and Forest/Overworld New_139.asset using Guid(f43e40dbcc9e7b3449cf2d13a39ae191) Importer(2089858483,0ecaa5967403d082aa24f35e1b516d23)  -> (artifact id: '5e27a6c552208e21eadedbf0426229fa') in 0.005474 seconds
Number of updated asset objects reloaded before import = 0
Number of asset objects unloaded after import = 2
========================================================================
Received Import Request.
  Time since last request: 0.000011 seconds.
  path: Assets/TilePallets/Village and Forest/Overworld New_18.asset
  artifactKey: Guid(b2fbc36f73352194dbdbcefba5a8b02b) Importer(2089858483,0ecaa5967403d082aa24f35e1b516d23)
Start importing Assets/TilePallets/Village and Forest/Overworld New_18.asset using Guid(b2fbc36f73352194dbdbcefba5a8b02b) Importer(2089858483,0ecaa5967403d082aa24f35e1b516d23)  -> (artifact id: '4679316f87539a1822b3f14acf0b7b50') in 0.006543 seconds
Number of updated asset objects reloaded before import = 0
Number of asset objects unloaded after import = 2
========================================================================
Received Import Request.
  Time since last request: 0.000013 seconds.
  path: Assets/TilePallets/Village and Forest/Overworld New_198.asset
  artifactKey: Guid(3f5d8e09fc625bb4aaa4c5337a3c6fbb) Importer(2089858483,0ecaa5967403d082aa24f35e1b516d23)
Start importing Assets/TilePallets/Village and Forest/Overworld New_198.asset using Guid(3f5d8e09fc625bb4aaa4c5337a3c6fbb) Importer(2089858483,0ecaa5967403d082aa24f35e1b516d23)  -> (artifact id: 'ee480ae4701f47c03bca5002e33aa31c') in 0.006105 seconds
Number of updated asset objects reloaded before import = 0
Number of asset objects unloaded after import = 2
========================================================================
Received Import Request.
  Time since last request: 0.000011 seconds.
  path: Assets/TilePallets/Village and Forest/Overworld New_254.asset
  artifactKey: Guid(c43588026752576409592e74b23abda7) Importer(2089858483,0ecaa5967403d082aa24f35e1b516d23)
Start importing Assets/TilePallets/Village and Forest/Overworld New_254.asset using Guid(c43588026752576409592e74b23abda7) Importer(2089858483,0ecaa5967403d082aa24f35e1b516d23)  -> (artifact id: 'a132a9a04ba16627b12355e37a2db6df') in 0.005521 seconds
Number of updated asset objects reloaded before import = 0
Number of asset objects unloaded after import = 2
========================================================================
Received Import Request.
  Time since last request: 0.000011 seconds.
  path: Assets/TilePallets/Village and Forest/Overworld New_205.asset
  artifactKey: Guid(bf30dd03f06e773479aee517e91d33c4) Importer(2089858483,0ecaa5967403d082aa24f35e1b516d23)
Start importing Assets/TilePallets/Village and Forest/Overworld New_205.asset using Guid(bf30dd03f06e773479aee517e91d33c4) Importer(2089858483,0ecaa5967403d082aa24f35e1b516d23)  -> (artifact id: '046bd837e79fc10fec79ce51399c750f') in 0.006121 seconds
Number of updated asset objects reloaded before import = 0
Number of asset objects unloaded after import = 2
========================================================================
Received Import Request.
  Time since last request: 0.000011 seconds.
  path: Assets/TilePallets/Village and Forest/Overworld New_157.asset
  artifactKey: Guid(dfb2996f5eea5ec4a8eb82f0addb73ae) Importer(2089858483,0ecaa5967403d082aa24f35e1b516d23)
Start importing Assets/TilePallets/Village and Forest/Overworld New_157.asset using Guid(dfb2996f5eea5ec4a8eb82f0addb73ae) Importer(2089858483,0ecaa5967403d082aa24f35e1b516d23)  -> (artifact id: '6411cd17cd72a5b37d526d2594126095') in 0.005161 seconds
Number of updated asset objects reloaded before import = 0
Number of asset objects unloaded after import = 2
========================================================================
Received Import Request.
  Time since last request: 0.000010 seconds.
  path: Assets/TilePallets/Village and Forest/Overworld New_14.asset
  artifactKey: Guid(15662fc9aec77d046986b8da36073ab3) Importer(2089858483,0ecaa5967403d082aa24f35e1b516d23)
Start importing Assets/TilePallets/Village and Forest/Overworld New_14.asset using Guid(15662fc9aec77d046986b8da36073ab3) Importer(2089858483,0ecaa5967403d082aa24f35e1b516d23)  -> (artifact id: '868274fb39f4fa93b48b0c7d463f9d09') in 0.006804 seconds
Number of updated asset objects reloaded before import = 0
Number of asset objects unloaded after import = 2
========================================================================
Received Import Request.
  Time since last request: 0.000013 seconds.
  path: Assets/TilePallets/Village and Forest/Overworld New_3.asset
  artifactKey: Guid(0d73a9768f3cc994aba02e1911326d76) Importer(2089858483,0ecaa5967403d082aa24f35e1b516d23)
Start importing Assets/TilePallets/Village and Forest/Overworld New_3.asset using Guid(0d73a9768f3cc994aba02e1911326d76) Importer(2089858483,0ecaa5967403d082aa24f35e1b516d23)  -> (artifact id: '6f918488cee9f6356d6c659520517ddc') in 0.005415 seconds
Number of updated asset objects reloaded before import = 0
Number of asset objects unloaded after import = 2
========================================================================
Received Import Request.
  Time since last request: 0.000010 seconds.
  path: Assets/TilePallets/Village and Forest/Overworld New_106.asset
  artifactKey: Guid(2c085c58d02c39c4b9f9f8d0f3ac6b02) Importer(2089858483,0ecaa5967403d082aa24f35e1b516d23)
Start importing Assets/TilePallets/Village and Forest/Overworld New_106.asset using Guid(2c085c58d02c39c4b9f9f8d0f3ac6b02) Importer(2089858483,0ecaa5967403d082aa24f35e1b516d23)  -> (artifact id: '56c7117fb5fb64d4d03b1b8d3af5a219') in 0.005849 seconds
Number of updated asset objects reloaded before import = 0
Number of asset objects unloaded after import = 2
========================================================================
Received Import Request.
  Time since last request: 0.000011 seconds.
  path: Assets/TilePallets/Village and Forest/Overworld New_272.asset
  artifactKey: Guid(115ccd4ebe082994895ef18465b5af33) Importer(2089858483,0ecaa5967403d082aa24f35e1b516d23)
Start importing Assets/TilePallets/Village and Forest/Overworld New_272.asset using Guid(115ccd4ebe082994895ef18465b5af33) Importer(2089858483,0ecaa5967403d082aa24f35e1b516d23)  -> (artifact id: 'e04752f72153c55cfed2aac258bda722') in 0.005196 seconds
Number of updated asset objects reloaded before import = 0
Number of asset objects unloaded after import = 2
========================================================================
Received Import Request.
  Time since last request: 0.000012 seconds.
  path: Assets/TilePallets/Village and Forest/Overworld New_290.asset
  artifactKey: Guid(268d01d652ef0144395117932d48be68) Importer(2089858483,0ecaa5967403d082aa24f35e1b516d23)
Start importing Assets/TilePallets/Village and Forest/Overworld New_290.asset using Guid(268d01d652ef0144395117932d48be68) Importer(2089858483,0ecaa5967403d082aa24f35e1b516d23)  -> (artifact id: '0eb68c16a21e369b8ca524f47b90228d') in 0.006063 seconds
Number of updated asset objects reloaded before import = 0
Number of asset objects unloaded after import = 2
========================================================================
Received Import Request.
  Time since last request: 0.000013 seconds.
  path: Assets/TilePallets/Village and Forest/Overworld New_123.asset
  artifactKey: Guid(d4dfc28eca3729f4dba5d3e58207bdd6) Importer(2089858483,0ecaa5967403d082aa24f35e1b516d23)
Start importing Assets/TilePallets/Village and Forest/Overworld New_123.asset using Guid(d4dfc28eca3729f4dba5d3e58207bdd6) Importer(2089858483,0ecaa5967403d082aa24f35e1b516d23)  -> (artifact id: '7303f82996eb78ebec1966b3edb76a49') in 0.006167 seconds
Number of updated asset objects reloaded before import = 0
Number of asset objects unloaded after import = 2
========================================================================
Received Import Request.
  Time since last request: 0.000020 seconds.
  path: Assets/TilePallets/Village and Forest/Overworld New_282.asset
  artifactKey: Guid(6d8993f58776e184fba346877cbb52ca) Importer(2089858483,0ecaa5967403d082aa24f35e1b516d23)
Start importing Assets/TilePallets/Village and Forest/Overworld New_282.asset using Guid(6d8993f58776e184fba346877cbb52ca) Importer(2089858483,0ecaa5967403d082aa24f35e1b516d23)  -> (artifact id: '7947cab063110aa58e085e1dd4450a7b') in 0.005970 seconds
Number of updated asset objects reloaded before import = 0
Number of asset objects unloaded after import = 2
========================================================================
Received Import Request.
  Time since last request: 0.000012 seconds.
  path: Assets/TilePallets/Village and Forest/Overworld New_151.asset
  artifactKey: Guid(283fc5a04e2ab354981e6e92c9eb0bd4) Importer(2089858483,0ecaa5967403d082aa24f35e1b516d23)
Start importing Assets/TilePallets/Village and Forest/Overworld New_151.asset using Guid(283fc5a04e2ab354981e6e92c9eb0bd4) Importer(2089858483,0ecaa5967403d082aa24f35e1b516d23)  -> (artifact id: '33b0dacc8c01f2d5169371b3d3cd2366') in 0.005781 seconds
Number of updated asset objects reloaded before import = 0
Number of asset objects unloaded after import = 2
========================================================================
Received Import Request.
  Time since last request: 0.000013 seconds.
  path: Assets/TilePallets/Village and Forest/Overworld New_13.asset
  artifactKey: Guid(f619404ded80cc04da8b270df0582b93) Importer(2089858483,0ecaa5967403d082aa24f35e1b516d23)
Start importing Assets/TilePallets/Village and Forest/Overworld New_13.asset using Guid(f619404ded80cc04da8b270df0582b93) Importer(2089858483,0ecaa5967403d082aa24f35e1b516d23)  -> (artifact id: 'fe17409f9e04b6cfa1f372599010a461') in 0.029458 seconds
Number of updated asset objects reloaded before import = 0
Number of asset objects unloaded after import = 2
========================================================================
Received Import Request.
  Time since last request: 0.000046 seconds.
  path: Assets/TilePallets/Village and Forest/Overworld New_253.asset
  artifactKey: Guid(aba7c149d0a585e49bdc718aeea16539) Importer(2089858483,0ecaa5967403d082aa24f35e1b516d23)
Start importing Assets/TilePallets/Village and Forest/Overworld New_253.asset using Guid(aba7c149d0a585e49bdc718aeea16539) Importer(2089858483,0ecaa5967403d082aa24f35e1b516d23)  -> (artifact id: '217ac46f9b7e578591b0b66f47da061d') in 0.006362 seconds
Number of updated asset objects reloaded before import = 0
Number of asset objects unloaded after import = 2
========================================================================
Received Import Request.
  Time since last request: 0.000011 seconds.
  path: Assets/TilePallets/Village and Forest/Overworld New_226.asset
  artifactKey: Guid(91fe687c21de4f44b92a7631675479e2) Importer(2089858483,0ecaa5967403d082aa24f35e1b516d23)
Start importing Assets/TilePallets/Village and Forest/Overworld New_226.asset using Guid(91fe687c21de4f44b92a7631675479e2) Importer(2089858483,0ecaa5967403d082aa24f35e1b516d23)  -> (artifact id: '28e0e6c4b3371ae44fe625c819b3c99e') in 0.006364 seconds
Number of updated asset objects reloaded before import = 0
Number of asset objects unloaded after import = 2
========================================================================
Received Import Request.
  Time since last request: 0.000011 seconds.
  path: Assets/TilePallets/Village and Forest/Overworld New_207.asset
  artifactKey: Guid(6df68492d4be78247b836e4b60ad5f8f) Importer(2089858483,0ecaa5967403d082aa24f35e1b516d23)
Start importing Assets/TilePallets/Village and Forest/Overworld New_207.asset using Guid(6df68492d4be78247b836e4b60ad5f8f) Importer(2089858483,0ecaa5967403d082aa24f35e1b516d23)  -> (artifact id: 'b90cd18f4793010b13bff7fb1633cf6b') in 0.007438 seconds
Number of updated asset objects reloaded before import = 0
Number of asset objects unloaded after import = 2
========================================================================
Received Import Request.
  Time since last request: 0.000013 seconds.
  path: Assets/TilePallets/Village and Forest/Overworld New_146.asset
  artifactKey: Guid(c0ee50deb0b7b8b44a97725633f03495) Importer(2089858483,0ecaa5967403d082aa24f35e1b516d23)
Start importing Assets/TilePallets/Village and Forest/Overworld New_146.asset using Guid(c0ee50deb0b7b8b44a97725633f03495) Importer(2089858483,0ecaa5967403d082aa24f35e1b516d23)  -> (artifact id: '3dc8a4eb607a191cac344d98a5736295') in 0.006266 seconds
Number of updated asset objects reloaded before import = 0
Number of asset objects unloaded after import = 2
========================================================================
Received Import Request.
  Time since last request: 0.000011 seconds.
  path: Assets/TilePallets/Village and Forest/Overworld New_152.asset
  artifactKey: Guid(16a7e93685eb96646a754e33d2bee50f) Importer(2089858483,0ecaa5967403d082aa24f35e1b516d23)
Start importing Assets/TilePallets/Village and Forest/Overworld New_152.asset using Guid(16a7e93685eb96646a754e33d2bee50f) Importer(2089858483,0ecaa5967403d082aa24f35e1b516d23)  -> (artifact id: '56e49135250406a0231d8fa5fd56629f') in 0.005352 seconds
Number of updated asset objects reloaded before import = 0
Number of asset objects unloaded after import = 2
========================================================================
Received Import Request.
  Time since last request: 0.000017 seconds.
  path: Assets/TilePallets/Village and Forest/Overworld New_283.asset
  artifactKey: Guid(ce7d5de11d3179d46adcc5c072913091) Importer(2089858483,0ecaa5967403d082aa24f35e1b516d23)
Start importing Assets/TilePallets/Village and Forest/Overworld New_283.asset using Guid(ce7d5de11d3179d46adcc5c072913091) Importer(2089858483,0ecaa5967403d082aa24f35e1b516d23)  -> (artifact id: '5bb3d65f88ba330967e8bc68cf636a4f') in 0.006999 seconds
Number of updated asset objects reloaded before import = 0
Number of asset objects unloaded after import = 2
========================================================================
Received Import Request.
  Time since last request: 0.000021 seconds.
  path: Assets/TilePallets/Village and Forest/Overworld New_176.asset
  artifactKey: Guid(fca501645dfaf944f8f9b100a41b20eb) Importer(2089858483,0ecaa5967403d082aa24f35e1b516d23)
Start importing Assets/TilePallets/Village and Forest/Overworld New_176.asset using Guid(fca501645dfaf944f8f9b100a41b20eb) Importer(2089858483,0ecaa5967403d082aa24f35e1b516d23)  -> (artifact id: 'a5520036a6511ab563e7508dc4f37e66') in 0.006005 seconds
Number of updated asset objects reloaded before import = 0
Number of asset objects unloaded after import = 2
========================================================================
Received Import Request.
  Time since last request: 0.000013 seconds.
  path: Assets/TilePallets/Village and Forest/Overworld New_286.asset
  artifactKey: Guid(e16966f7448c44e4bbc2a7c241e62322) Importer(2089858483,0ecaa5967403d082aa24f35e1b516d23)
Start importing Assets/TilePallets/Village and Forest/Overworld New_286.asset using Guid(e16966f7448c44e4bbc2a7c241e62322) Importer(2089858483,0ecaa5967403d082aa24f35e1b516d23)  -> (artifact id: '9f759e48b65c4f25e0376ab684294f02') in 0.005696 seconds
Number of updated asset objects reloaded before import = 0
Number of asset objects unloaded after import = 2
========================================================================
Received Import Request.
  Time since last request: 0.000011 seconds.
  path: Assets/TilePallets/Village and Forest/Overworld New_302.asset
  artifactKey: Guid(6e97076dd2ddcc549895ddfa0316ffbf) Importer(2089858483,0ecaa5967403d082aa24f35e1b516d23)
Start importing Assets/TilePallets/Village and Forest/Overworld New_302.asset using Guid(6e97076dd2ddcc549895ddfa0316ffbf) Importer(2089858483,0ecaa5967403d082aa24f35e1b516d23)  -> (artifact id: '99f879e9315d12788de066fa8accdec2') in 0.005481 seconds
Number of updated asset objects reloaded before import = 0
Number of asset objects unloaded after import = 2
========================================================================
Received Import Request.
  Time since last request: 0.000010 seconds.
  path: Assets/TilePallets/Village and Forest/Overworld New_292.asset
  artifactKey: Guid(e5ec0b4326bfc8e47bbe5dfe124c0c98) Importer(2089858483,0ecaa5967403d082aa24f35e1b516d23)
Start importing Assets/TilePallets/Village and Forest/Overworld New_292.asset using Guid(e5ec0b4326bfc8e47bbe5dfe124c0c98) Importer(2089858483,0ecaa5967403d082aa24f35e1b516d23)  -> (artifact id: '884dcd86672f00e2fbb30783d51021ef') in 0.007665 seconds
Number of updated asset objects reloaded before import = 0
Number of asset objects unloaded after import = 2
========================================================================
Received Import Request.
  Time since last request: 0.000011 seconds.
  path: Assets/TilePallets/Village and Forest/Overworld New_138.asset
  artifactKey: Guid(adeee5e8ead3c734a87acc06a8cf6c67) Importer(2089858483,0ecaa5967403d082aa24f35e1b516d23)
Start importing Assets/TilePallets/Village and Forest/Overworld New_138.asset using Guid(adeee5e8ead3c734a87acc06a8cf6c67) Importer(2089858483,0ecaa5967403d082aa24f35e1b516d23)  -> (artifact id: '4edd3f325999da83653ddaf28a068cc8') in 0.006007 seconds
Number of updated asset objects reloaded before import = 0
Number of asset objects unloaded after import = 2
========================================================================
Received Import Request.
  Time since last request: 0.000011 seconds.
  path: Assets/TilePallets/Village and Forest/Overworld New_119.asset
  artifactKey: Guid(58b2ccd0708362845a9d842e5d38b012) Importer(2089858483,0ecaa5967403d082aa24f35e1b516d23)
Start importing Assets/TilePallets/Village and Forest/Overworld New_119.asset using Guid(58b2ccd0708362845a9d842e5d38b012) Importer(2089858483,0ecaa5967403d082aa24f35e1b516d23)  -> (artifact id: 'b004915cf56bd10fc2a26faeb8abf444') in 0.005925 seconds
Number of updated asset objects reloaded before import = 0
Number of asset objects unloaded after import = 2
========================================================================
Received Import Request.
  Time since last request: 0.000011 seconds.
  path: Assets/TilePallets/Village and Forest/Overworld New_268.asset
  artifactKey: Guid(103626a9a85bca04a927e2e47e6dd2a6) Importer(2089858483,0ecaa5967403d082aa24f35e1b516d23)
Start importing Assets/TilePallets/Village and Forest/Overworld New_268.asset using Guid(103626a9a85bca04a927e2e47e6dd2a6) Importer(2089858483,0ecaa5967403d082aa24f35e1b516d23)  -> (artifact id: '6eefe66bb6eda20ae91a076aee6aac52') in 0.005835 seconds
Number of updated asset objects reloaded before import = 0
Number of asset objects unloaded after import = 2
========================================================================
Received Import Request.
  Time since last request: 0.000012 seconds.
  path: Assets/TilePallets/Village and Forest/Overworld New_140.asset
  artifactKey: Guid(91f4d532089551443bfc848086159267) Importer(2089858483,0ecaa5967403d082aa24f35e1b516d23)
Start importing Assets/TilePallets/Village and Forest/Overworld New_140.asset using Guid(91f4d532089551443bfc848086159267) Importer(2089858483,0ecaa5967403d082aa24f35e1b516d23)  -> (artifact id: '452577001ef773fc36559c0043f811aa') in 0.005678 seconds
Number of updated asset objects reloaded before import = 0
Number of asset objects unloaded after import = 2
========================================================================
Received Import Request.
  Time since last request: 0.000079 seconds.
  path: Assets/TilePallets/Village and Forest/Overworld New_181.asset
  artifactKey: Guid(2443ac3d48b25834295dbe87d5537c07) Importer(2089858483,0ecaa5967403d082aa24f35e1b516d23)
Start importing Assets/TilePallets/Village and Forest/Overworld New_181.asset using Guid(2443ac3d48b25834295dbe87d5537c07) Importer(2089858483,0ecaa5967403d082aa24f35e1b516d23)  -> (artifact id: '89e2853fe3c69035d22275c71adfc535') in 0.018258 seconds
Number of updated asset objects reloaded before import = 0
Number of asset objects unloaded after import = 2
========================================================================
Received Import Request.
  Time since last request: 0.000010 seconds.
  path: Assets/TilePallets/Village and Forest/Overworld New_144.asset
  artifactKey: Guid(b6e845e7e9f596d47991eb87b0bad4ea) Importer(2089858483,0ecaa5967403d082aa24f35e1b516d23)
Start importing Assets/TilePallets/Village and Forest/Overworld New_144.asset using Guid(b6e845e7e9f596d47991eb87b0bad4ea) Importer(2089858483,0ecaa5967403d082aa24f35e1b516d23)  -> (artifact id: '75fff9a7fa2823336f143246e134abfb') in 0.052677 seconds
Number of updated asset objects reloaded before import = 0
Number of asset objects unloaded after import = 2
========================================================================
Received Import Request.
  Time since last request: 0.000011 seconds.
  path: Assets/TilePallets/Village and Forest/Overworld New_162.asset
  artifactKey: Guid(6fbce98abf4fe134bb05c53f45bbee10) Importer(2089858483,0ecaa5967403d082aa24f35e1b516d23)
Start importing Assets/TilePallets/Village and Forest/Overworld New_162.asset using Guid(6fbce98abf4fe134bb05c53f45bbee10) Importer(2089858483,0ecaa5967403d082aa24f35e1b516d23)  -> (artifact id: '484b963692d47246f841fbb851455eb3') in 0.007608 seconds
Number of updated asset objects reloaded before import = 0
Number of asset objects unloaded after import = 2
========================================================================
Received Import Request.
  Time since last request: 0.000013 seconds.
  path: Assets/TilePallets/Village and Forest/Overworld New_128.asset
  artifactKey: Guid(41b664a35e267c44f8bd36f92dbaf746) Importer(2089858483,0ecaa5967403d082aa24f35e1b516d23)
Start importing Assets/TilePallets/Village and Forest/Overworld New_128.asset using Guid(41b664a35e267c44f8bd36f92dbaf746) Importer(2089858483,0ecaa5967403d082aa24f35e1b516d23)  -> (artifact id: '1c9437df9cc475381e65660559b1a443') in 0.005785 seconds
Number of updated asset objects reloaded before import = 0
Number of asset objects unloaded after import = 2
========================================================================
Received Import Request.
  Time since last request: 0.000022 seconds.
  path: Assets/TilePallets/Village and Forest/Overworld New_297.asset
  artifactKey: Guid(346b7602d7d9718418a2e13213520422) Importer(2089858483,0ecaa5967403d082aa24f35e1b516d23)
Start importing Assets/TilePallets/Village and Forest/Overworld New_297.asset using Guid(346b7602d7d9718418a2e13213520422) Importer(2089858483,0ecaa5967403d082aa24f35e1b516d23)  -> (artifact id: '5d47f3b964831c46f98f99be35c5f9ab') in 0.006096 seconds
Number of updated asset objects reloaded before import = 0
Number of asset objects unloaded after import = 2
========================================================================
Received Import Request.
  Time since last request: 0.000010 seconds.
  path: Assets/TilePallets/Village and Forest/Overworld New_127.asset
  artifactKey: Guid(86ebbb254ffde434db21c4f9f2888508) Importer(2089858483,0ecaa5967403d082aa24f35e1b516d23)
Start importing Assets/TilePallets/Village and Forest/Overworld New_127.asset using Guid(86ebbb254ffde434db21c4f9f2888508) Importer(2089858483,0ecaa5967403d082aa24f35e1b516d23)  -> (artifact id: '2bbd15028d7be806dd1614c19ac95bc3') in 0.015290 seconds
Number of updated asset objects reloaded before import = 0
Number of asset objects unloaded after import = 2
========================================================================
Received Import Request.
  Time since last request: 0.000014 seconds.
  path: Assets/TilePallets/Village and Forest/Overworld New_295.asset
  artifactKey: Guid(dcf2c9719aecb2e41a70bf545b8d6762) Importer(2089858483,0ecaa5967403d082aa24f35e1b516d23)
Start importing Assets/TilePallets/Village and Forest/Overworld New_295.asset using Guid(dcf2c9719aecb2e41a70bf545b8d6762) Importer(2089858483,0ecaa5967403d082aa24f35e1b516d23)  -> (artifact id: '5291f8e382dc9f6fd76accb727171688') in 0.005721 seconds
Number of updated asset objects reloaded before import = 0
Number of asset objects unloaded after import = 2
========================================================================
Received Import Request.
  Time since last request: 0.000016 seconds.
  path: Assets/TilePallets/Village and Forest/Overworld New_264.asset
  artifactKey: Guid(5b554028351469c4d93fb2d113a3c7eb) Importer(2089858483,0ecaa5967403d082aa24f35e1b516d23)
Start importing Assets/TilePallets/Village and Forest/Overworld New_264.asset using Guid(5b554028351469c4d93fb2d113a3c7eb) Importer(2089858483,0ecaa5967403d082aa24f35e1b516d23)  -> (artifact id: 'b0ff036b0a1e8955ba60330c8cf98c0e') in 0.008690 seconds
Number of updated asset objects reloaded before import = 0
Number of asset objects unloaded after import = 2
========================================================================
Received Import Request.
  Time since last request: 0.000011 seconds.
  path: Assets/TilePallets/Village and Forest/Overworld New_266.asset
  artifactKey: Guid(8939140ffd65bcb41a484d65ff08e119) Importer(2089858483,0ecaa5967403d082aa24f35e1b516d23)
Start importing Assets/TilePallets/Village and Forest/Overworld New_266.asset using Guid(8939140ffd65bcb41a484d65ff08e119) Importer(2089858483,0ecaa5967403d082aa24f35e1b516d23)  -> (artifact id: 'ae0ecb60ae20c1aaf10a57c004b8882d') in 0.064833 seconds
Number of updated asset objects reloaded before import = 0
Number of asset objects unloaded after import = 2
========================================================================
Received Import Request.
  Time since last request: 0.000010 seconds.
  path: Assets/TilePallets/Village and Forest/Overworld New_28.asset
  artifactKey: Guid(0cef36e7123871c4285aea3b3c1e152b) Importer(2089858483,0ecaa5967403d082aa24f35e1b516d23)
Start importing Assets/TilePallets/Village and Forest/Overworld New_28.asset using Guid(0cef36e7123871c4285aea3b3c1e152b) Importer(2089858483,0ecaa5967403d082aa24f35e1b516d23)  -> (artifact id: 'c6679d090f01d1d0450ef521af37ea54') in 0.006332 seconds
Number of updated asset objects reloaded before import = 0
Number of asset objects unloaded after import = 2
========================================================================
Received Import Request.
  Time since last request: 0.000011 seconds.
  path: Assets/TilePallets/Village and Forest/Overworld New_247.asset
  artifactKey: Guid(9cf1d7323f064da4e921f30bd030b3c5) Importer(2089858483,0ecaa5967403d082aa24f35e1b516d23)
Start importing Assets/TilePallets/Village and Forest/Overworld New_247.asset using Guid(9cf1d7323f064da4e921f30bd030b3c5) Importer(2089858483,0ecaa5967403d082aa24f35e1b516d23)  -> (artifact id: '450cdd92b11ebecdd48afb7abc36c50d') in 0.006071 seconds
Number of updated asset objects reloaded before import = 0
Number of asset objects unloaded after import = 2
========================================================================
Received Import Request.
  Time since last request: 0.000011 seconds.
  path: Assets/TilePallets/Village and Forest/Overworld New_270.asset
  artifactKey: Guid(29467f2ffa69f1543823797ec8918725) Importer(2089858483,0ecaa5967403d082aa24f35e1b516d23)
Start importing Assets/TilePallets/Village and Forest/Overworld New_270.asset using Guid(29467f2ffa69f1543823797ec8918725) Importer(2089858483,0ecaa5967403d082aa24f35e1b516d23)  -> (artifact id: 'b2734e043a309b5b25c3a535f3a52897') in 0.007122 seconds
Number of updated asset objects reloaded before import = 0
Number of asset objects unloaded after import = 2
========================================================================
Received Import Request.
  Time since last request: 0.000014 seconds.
  path: Assets/TilePallets/Village and Forest/Overworld New_161.asset
  artifactKey: Guid(1da1fccf2e7787d4ab2b489f9780e4a3) Importer(2089858483,0ecaa5967403d082aa24f35e1b516d23)
Start importing Assets/TilePallets/Village and Forest/Overworld New_161.asset using Guid(1da1fccf2e7787d4ab2b489f9780e4a3) Importer(2089858483,0ecaa5967403d082aa24f35e1b516d23)  -> (artifact id: '3800b31aa24d339f2874791b253852c5') in 0.006525 seconds
Number of updated asset objects reloaded before import = 0
Number of asset objects unloaded after import = 2
========================================================================
Received Import Request.
  Time since last request: 0.000018 seconds.
  path: Assets/TilePallets/Village and Forest/Overworld New_192.asset
  artifactKey: Guid(1f35e62b31a389648b84decc26fe497b) Importer(2089858483,0ecaa5967403d082aa24f35e1b516d23)
Start importing Assets/TilePallets/Village and Forest/Overworld New_192.asset using Guid(1f35e62b31a389648b84decc26fe497b) Importer(2089858483,0ecaa5967403d082aa24f35e1b516d23)  -> (artifact id: '1e8d7b75f8dbb46b361c5cd91509a7da') in 0.005865 seconds
Number of updated asset objects reloaded before import = 0
Number of asset objects unloaded after import = 2
========================================================================
Received Import Request.
  Time since last request: 0.000014 seconds.
  path: Assets/TilePallets/Village and Forest/Overworld New_29.asset
  artifactKey: Guid(638ea67e494818144b69dbfa7910fe9b) Importer(2089858483,0ecaa5967403d082aa24f35e1b516d23)
Start importing Assets/TilePallets/Village and Forest/Overworld New_29.asset using Guid(638ea67e494818144b69dbfa7910fe9b) Importer(2089858483,0ecaa5967403d082aa24f35e1b516d23)  -> (artifact id: 'e81a6c99978c36e4d7a902f197df9b1c') in 0.005778 seconds
Number of updated asset objects reloaded before import = 0
Number of asset objects unloaded after import = 2
========================================================================
Received Import Request.
  Time since last request: 0.000011 seconds.
  path: Assets/TilePallets/Village and Forest/Overworld New_285.asset
  artifactKey: Guid(5e2708604f424864c9da1b2fa16c3510) Importer(2089858483,0ecaa5967403d082aa24f35e1b516d23)
Start importing Assets/TilePallets/Village and Forest/Overworld New_285.asset using Guid(5e2708604f424864c9da1b2fa16c3510) Importer(2089858483,0ecaa5967403d082aa24f35e1b516d23)  -> (artifact id: '388518f7486a864d9dff8aab174a1118') in 0.005594 seconds
Number of updated asset objects reloaded before import = 0
Number of asset objects unloaded after import = 2
========================================================================
Received Import Request.
  Time since last request: 0.000011 seconds.
  path: Assets/TilePallets/Village and Forest/Overworld New_244.asset
  artifactKey: Guid(19148e468576c594cb63bb44e2520c5b) Importer(2089858483,0ecaa5967403d082aa24f35e1b516d23)
Start importing Assets/TilePallets/Village and Forest/Overworld New_244.asset using Guid(19148e468576c594cb63bb44e2520c5b) Importer(2089858483,0ecaa5967403d082aa24f35e1b516d23)  -> (artifact id: '84ab3c094a012501c4acd9e4523456b5') in 0.005681 seconds
Number of updated asset objects reloaded before import = 0
Number of asset objects unloaded after import = 2
========================================================================
Received Import Request.
  Time since last request: 0.000025 seconds.
  path: Assets/TilePallets/Village and Forest/Overworld New_218.asset
  artifactKey: Guid(f2bfc331eeb73ed4bb8e545fc0b2fe81) Importer(2089858483,0ecaa5967403d082aa24f35e1b516d23)
Start importing Assets/TilePallets/Village and Forest/Overworld New_218.asset using Guid(f2bfc331eeb73ed4bb8e545fc0b2fe81) Importer(2089858483,0ecaa5967403d082aa24f35e1b516d23)  -> (artifact id: 'e31b5ff7c061189289cdf7b414ebad35') in 0.006149 seconds
Number of updated asset objects reloaded before import = 0
Number of asset objects unloaded after import = 2
========================================================================
Received Import Request.
  Time since last request: 0.000014 seconds.
  path: Assets/TilePallets/Village and Forest/Overworld New_214.asset
  artifactKey: Guid(74e56cdc201cb174ba2d72cd79da1603) Importer(2089858483,0ecaa5967403d082aa24f35e1b516d23)
Start importing Assets/TilePallets/Village and Forest/Overworld New_214.asset using Guid(74e56cdc201cb174ba2d72cd79da1603) Importer(2089858483,0ecaa5967403d082aa24f35e1b516d23)  -> (artifact id: '52987eccb61b5d98c9ae97a61b7f9207') in 0.006026 seconds
Number of updated asset objects reloaded before import = 0
Number of asset objects unloaded after import = 2
========================================================================
Received Import Request.
  Time since last request: 0.000014 seconds.
  path: Assets/TilePallets/Village and Forest/Overworld New_167.asset
  artifactKey: Guid(434fa50d09224b04985f292c8a420109) Importer(2089858483,0ecaa5967403d082aa24f35e1b516d23)
Start importing Assets/TilePallets/Village and Forest/Overworld New_167.asset using Guid(434fa50d09224b04985f292c8a420109) Importer(2089858483,0ecaa5967403d082aa24f35e1b516d23)  -> (artifact id: '39a5361eaa500bbe57f67e3526cb6590') in 0.006045 seconds
Number of updated asset objects reloaded before import = 0
Number of asset objects unloaded after import = 2
========================================================================
Received Import Request.
  Time since last request: 1.540196 seconds.
  path: Assets/TilePallets/Village and Forest/Overworld New_303.asset
  artifactKey: Guid(fde25bb893c86be4287ff6900b09b174) Importer(2089858483,0ecaa5967403d082aa24f35e1b516d23)
Start importing Assets/TilePallets/Village and Forest/Overworld New_303.asset using Guid(fde25bb893c86be4287ff6900b09b174) Importer(2089858483,0ecaa5967403d082aa24f35e1b516d23)  -> (artifact id: '5785f059381055ce33ecc7557bb01563') in 0.006135 seconds
Number of updated asset objects reloaded before import = 0
Number of asset objects unloaded after import = 2
========================================================================
Received Import Request.
  Time since last request: 0.000016 seconds.
  path: Assets/TilePallets/Village and Forest/Village and Forest_171.asset
  artifactKey: Guid(63df2e76e48d428408aa628d9e2cb31f) Importer(2089858483,0ecaa5967403d082aa24f35e1b516d23)
Start importing Assets/TilePallets/Village and Forest/Village and Forest_171.asset using Guid(63df2e76e48d428408aa628d9e2cb31f) Importer(2089858483,0ecaa5967403d082aa24f35e1b516d23)  -> (artifact id: 'c28a72be2435ffa2b45ef58910ca4746') in 0.007393 seconds
Number of updated asset objects reloaded before import = 0
Number of asset objects unloaded after import = 3
========================================================================
Received Import Request.
  Time since last request: 0.000018 seconds.
  path: Assets/TilePallets/Village and Forest/Overworld New_323.asset
  artifactKey: Guid(e9e3692d138ce2445be7dc27becb20b2) Importer(2089858483,0ecaa5967403d082aa24f35e1b516d23)
Start importing Assets/TilePallets/Village and Forest/Overworld New_323.asset using Guid(e9e3692d138ce2445be7dc27becb20b2) Importer(2089858483,0ecaa5967403d082aa24f35e1b516d23)  -> (artifact id: '3eee617dbce8f490361e28c4100bae18') in 0.005731 seconds
Number of updated asset objects reloaded before import = 0
Number of asset objects unloaded after import = 2
========================================================================
Received Import Request.
  Time since last request: 0.000011 seconds.
  path: Assets/TilePallets/Village and Forest/Overworld New_84.asset
  artifactKey: Guid(04511b46c5866d64ea83b87ccef153d8) Importer(2089858483,0ecaa5967403d082aa24f35e1b516d23)
Start importing Assets/TilePallets/Village and Forest/Overworld New_84.asset using Guid(04511b46c5866d64ea83b87ccef153d8) Importer(2089858483,0ecaa5967403d082aa24f35e1b516d23)  -> (artifact id: '17c563f43d693a618e464126af06339d') in 0.006223 seconds
Number of updated asset objects reloaded before import = 0
Number of asset objects unloaded after import = 2
========================================================================
Received Import Request.
  Time since last request: 0.000011 seconds.
  path: Assets/TilePallets/Village and Forest/Overworld New_346.asset
  artifactKey: Guid(aa41126770da047408f633eceafc1dba) Importer(2089858483,0ecaa5967403d082aa24f35e1b516d23)
Start importing Assets/TilePallets/Village and Forest/Overworld New_346.asset using Guid(aa41126770da047408f633eceafc1dba) Importer(2089858483,0ecaa5967403d082aa24f35e1b516d23)  -> (artifact id: 'e7fb31dd31d11dc66b0106c31a210e79') in 0.005473 seconds
Number of updated asset objects reloaded before import = 0
Number of asset objects unloaded after import = 2
========================================================================
Received Import Request.
  Time since last request: 0.000011 seconds.
  path: Assets/TilePallets/Village and Forest/Overworld New_334.asset
  artifactKey: Guid(4e28aafd8005b2f4aa60ece2a55d898c) Importer(2089858483,0ecaa5967403d082aa24f35e1b516d23)
Start importing Assets/TilePallets/Village and Forest/Overworld New_334.asset using Guid(4e28aafd8005b2f4aa60ece2a55d898c) Importer(2089858483,0ecaa5967403d082aa24f35e1b516d23)  -> (artifact id: 'd1c98c4a37ed5216c10f6fea3b6db436') in 0.005471 seconds
Number of updated asset objects reloaded before import = 0
Number of asset objects unloaded after import = 2
========================================================================
Received Import Request.
  Time since last request: 0.000011 seconds.
  path: Assets/TilePallets/Village and Forest/Village and Forest_18.asset
  artifactKey: Guid(05a15ac119003c148ad4218244ef3cdf) Importer(2089858483,0ecaa5967403d082aa24f35e1b516d23)
Start importing Assets/TilePallets/Village and Forest/Village and Forest_18.asset using Guid(05a15ac119003c148ad4218244ef3cdf) Importer(2089858483,0ecaa5967403d082aa24f35e1b516d23)  -> (artifact id: 'cfe752bba9f9d2691ef7bb66f3eb4424') in 0.006765 seconds
Number of updated asset objects reloaded before import = 0
Number of asset objects unloaded after import = 3
========================================================================
Received Import Request.
  Time since last request: 0.000010 seconds.
  path: Assets/TilePallets/Village and Forest/Overworld New_308.asset
  artifactKey: Guid(337319ab4be7ce842835d77098d66081) Importer(2089858483,0ecaa5967403d082aa24f35e1b516d23)
Start importing Assets/TilePallets/Village and Forest/Overworld New_308.asset using Guid(337319ab4be7ce842835d77098d66081) Importer(2089858483,0ecaa5967403d082aa24f35e1b516d23)  -> (artifact id: 'a848fa58de39a9da14036c53ee5521c5') in 0.005502 seconds
Number of updated asset objects reloaded before import = 0
Number of asset objects unloaded after import = 2
========================================================================
Received Import Request.
  Time since last request: 0.000011 seconds.
  path: Assets/TilePallets/Village and Forest/Village and Forest_16.asset
  artifactKey: Guid(e6fdb7e919adf7047ad106693c900516) Importer(2089858483,0ecaa5967403d082aa24f35e1b516d23)
Start importing Assets/TilePallets/Village and Forest/Village and Forest_16.asset using Guid(e6fdb7e919adf7047ad106693c900516) Importer(2089858483,0ecaa5967403d082aa24f35e1b516d23)  -> (artifact id: '83fda6e24256287ae39a44a98b95162f') in 0.006917 seconds
Number of updated asset objects reloaded before import = 0
Number of asset objects unloaded after import = 3
========================================================================
Received Import Request.
  Time since last request: 0.000011 seconds.
  path: Assets/TilePallets/Village and Forest/Overworld New_393.asset
  artifactKey: Guid(51f65c31e1eb4f240b06593e8d068814) Importer(2089858483,0ecaa5967403d082aa24f35e1b516d23)
Start importing Assets/TilePallets/Village and Forest/Overworld New_393.asset using Guid(51f65c31e1eb4f240b06593e8d068814) Importer(2089858483,0ecaa5967403d082aa24f35e1b516d23)  -> (artifact id: 'e4785a4af2a1aa383e3a8ecaeda8e89e') in 0.005826 seconds
Number of updated asset objects reloaded before import = 0
Number of asset objects unloaded after import = 2
========================================================================
Received Import Request.
  Time since last request: 0.000010 seconds.
  path: Assets/TilePallets/Village and Forest/Village and Forest_156.asset
  artifactKey: Guid(60850a0187b40494d8a7c589491bf868) Importer(2089858483,0ecaa5967403d082aa24f35e1b516d23)
Start importing Assets/TilePallets/Village and Forest/Village and Forest_156.asset using Guid(60850a0187b40494d8a7c589491bf868) Importer(2089858483,0ecaa5967403d082aa24f35e1b516d23)  -> (artifact id: 'e49e4fe065cf6a98336f368771f71824') in 0.008240 seconds
Number of updated asset objects reloaded before import = 0
Number of asset objects unloaded after import = 3
========================================================================
Received Import Request.
  Time since last request: 0.000010 seconds.
  path: Assets/TilePallets/Village and Forest/Village and Forest_141.asset
  artifactKey: Guid(1066c70719aae0442963fbc205a40382) Importer(2089858483,0ecaa5967403d082aa24f35e1b516d23)
Start importing Assets/TilePallets/Village and Forest/Village and Forest_141.asset using Guid(1066c70719aae0442963fbc205a40382) Importer(2089858483,0ecaa5967403d082aa24f35e1b516d23)  -> (artifact id: '6b0c7792a773cbdf1861b1fcd3b8179d') in 0.005571 seconds
Number of updated asset objects reloaded before import = 0
Number of asset objects unloaded after import = 3
========================================================================
Received Import Request.
  Time since last request: 0.000011 seconds.
  path: Assets/TilePallets/Village and Forest/Village and Forest_116.asset
  artifactKey: Guid(ee62bfb3dc96d6348ac532c2a8ed9443) Importer(2089858483,0ecaa5967403d082aa24f35e1b516d23)
Start importing Assets/TilePallets/Village and Forest/Village and Forest_116.asset using Guid(ee62bfb3dc96d6348ac532c2a8ed9443) Importer(2089858483,0ecaa5967403d082aa24f35e1b516d23)  -> (artifact id: 'e8f57db34a0207c479881bb84f60fcd9') in 0.043053 seconds
Number of updated asset objects reloaded before import = 0
Number of asset objects unloaded after import = 3
========================================================================
Received Import Request.
  Time since last request: 0.000011 seconds.
  path: Assets/TilePallets/Village and Forest/Village and Forest_122.asset
  artifactKey: Guid(d50f00ca391b286429dabb5f55f6b89e) Importer(2089858483,0ecaa5967403d082aa24f35e1b516d23)
Start importing Assets/TilePallets/Village and Forest/Village and Forest_122.asset using Guid(d50f00ca391b286429dabb5f55f6b89e) Importer(2089858483,0ecaa5967403d082aa24f35e1b516d23)  -> (artifact id: '0c409d7ff25182f362a2a48124109d34') in 0.005651 seconds
Number of updated asset objects reloaded before import = 0
Number of asset objects unloaded after import = 3
========================================================================
Received Import Request.
  Time since last request: 0.000010 seconds.
  path: Assets/TilePallets/Village and Forest/Village and Forest_0.asset
  artifactKey: Guid(1021a05a17536244d862cf12045ea18b) Importer(2089858483,0ecaa5967403d082aa24f35e1b516d23)
Start importing Assets/TilePallets/Village and Forest/Village and Forest_0.asset using Guid(1021a05a17536244d862cf12045ea18b) Importer(2089858483,0ecaa5967403d082aa24f35e1b516d23)  -> (artifact id: '56784c35e54f407866bef8892a342a78') in 0.006303 seconds
Number of updated asset objects reloaded before import = 0
Number of asset objects unloaded after import = 3
========================================================================
Received Import Request.
  Time since last request: 0.000015 seconds.
  path: Assets/TilePallets/Village and Forest/Overworld New_94.asset
  artifactKey: Guid(15f4becf77e6d3c4783ad0e9290947c9) Importer(2089858483,0ecaa5967403d082aa24f35e1b516d23)
Start importing Assets/TilePallets/Village and Forest/Overworld New_94.asset using Guid(15f4becf77e6d3c4783ad0e9290947c9) Importer(2089858483,0ecaa5967403d082aa24f35e1b516d23)  -> (artifact id: 'df178f2daecc12c7bd83c6884dd7825d') in 0.005791 seconds
Number of updated asset objects reloaded before import = 0
Number of asset objects unloaded after import = 2
========================================================================
Received Import Request.
  Time since last request: 0.000018 seconds.
  path: Assets/TilePallets/Village and Forest/Overworld New_99.asset
  artifactKey: Guid(3ccf27f248d08924a92a4e56a21cdab4) Importer(2089858483,0ecaa5967403d082aa24f35e1b516d23)
Start importing Assets/TilePallets/Village and Forest/Overworld New_99.asset using Guid(3ccf27f248d08924a92a4e56a21cdab4) Importer(2089858483,0ecaa5967403d082aa24f35e1b516d23)  -> (artifact id: '48d980b01732d0dd98d10a8009f31ae3') in 0.007016 seconds
Number of updated asset objects reloaded before import = 0
Number of asset objects unloaded after import = 2
========================================================================
Received Import Request.
  Time since last request: 0.000012 seconds.
  path: Assets/TilePallets/Village and Forest/Village and Forest_1.asset
  artifactKey: Guid(c44ef140d78eaf846b0eba9fbea214ff) Importer(2089858483,0ecaa5967403d082aa24f35e1b516d23)
Start importing Assets/TilePallets/Village and Forest/Village and Forest_1.asset using Guid(c44ef140d78eaf846b0eba9fbea214ff) Importer(2089858483,0ecaa5967403d082aa24f35e1b516d23)  -> (artifact id: '98ca64738a7bcce5f7919cbceebf7008') in 0.005609 seconds
Number of updated asset objects reloaded before import = 0
Number of asset objects unloaded after import = 3
========================================================================
Received Import Request.
  Time since last request: 0.000011 seconds.
  path: Assets/TilePallets/Village and Forest/Village and Forest_221.asset
  artifactKey: Guid(0d30fbeece614bc438e055ce79501c85) Importer(2089858483,0ecaa5967403d082aa24f35e1b516d23)
Start importing Assets/TilePallets/Village and Forest/Village and Forest_221.asset using Guid(0d30fbeece614bc438e055ce79501c85) Importer(2089858483,0ecaa5967403d082aa24f35e1b516d23)  -> (artifact id: '5e2ae2cb364e6b6d20d5f6e03bb7f351') in 0.007385 seconds
Number of updated asset objects reloaded before import = 0
Number of asset objects unloaded after import = 3
========================================================================
Received Import Request.
  Time since last request: 0.000015 seconds.
  path: Assets/TilePallets/Village and Forest/Village and Forest_151.asset
  artifactKey: Guid(5f223e576e02cc94788a57cfc81a0f24) Importer(2089858483,0ecaa5967403d082aa24f35e1b516d23)
Start importing Assets/TilePallets/Village and Forest/Village and Forest_151.asset using Guid(5f223e576e02cc94788a57cfc81a0f24) Importer(2089858483,0ecaa5967403d082aa24f35e1b516d23)  -> (artifact id: '0ba0d6bd779127382b410ce178484ed3') in 0.006165 seconds
Number of updated asset objects reloaded before import = 0
Number of asset objects unloaded after import = 3
========================================================================
Received Import Request.
  Time since last request: 0.000009 seconds.
  path: Assets/TilePallets/Village and Forest/Village and Forest_205.asset
  artifactKey: Guid(6550e6c070b6f5848adee60d132423e9) Importer(2089858483,0ecaa5967403d082aa24f35e1b516d23)
Start importing Assets/TilePallets/Village and Forest/Village and Forest_205.asset using Guid(6550e6c070b6f5848adee60d132423e9) Importer(2089858483,0ecaa5967403d082aa24f35e1b516d23)  -> (artifact id: '34cb64e8d7aa005e715a81e29b78dfa3') in 0.005561 seconds
Number of updated asset objects reloaded before import = 0
Number of asset objects unloaded after import = 2
========================================================================
Received Import Request.
  Time since last request: 0.000011 seconds.
  path: Assets/TilePallets/Village and Forest/Overworld New_401.asset
  artifactKey: Guid(11453c1617d20fe4691f5c4232a3a315) Importer(2089858483,0ecaa5967403d082aa24f35e1b516d23)
Start importing Assets/TilePallets/Village and Forest/Overworld New_401.asset using Guid(11453c1617d20fe4691f5c4232a3a315) Importer(2089858483,0ecaa5967403d082aa24f35e1b516d23)  -> (artifact id: '86099a8ea9983fbe7cd334d12fdf73f1') in 0.006189 seconds
Number of updated asset objects reloaded before import = 0
Number of asset objects unloaded after import = 2
========================================================================
Received Import Request.
  Time since last request: 0.000011 seconds.
  path: Assets/TilePallets/Village and Forest/Village and Forest_161.asset
  artifactKey: Guid(cd52aba99b4f0a14bbfb2dfc4b1ac2cd) Importer(2089858483,0ecaa5967403d082aa24f35e1b516d23)
Start importing Assets/TilePallets/Village and Forest/Village and Forest_161.asset using Guid(cd52aba99b4f0a14bbfb2dfc4b1ac2cd) Importer(2089858483,0ecaa5967403d082aa24f35e1b516d23)  -> (artifact id: '5d78f74acde627df176fc69ef309d2d4') in 0.006184 seconds
Number of updated asset objects reloaded before import = 0
Number of asset objects unloaded after import = 3
========================================================================
Received Import Request.
  Time since last request: 0.000012 seconds.
  path: Assets/TilePallets/Village and Forest/Overworld New_324.asset
  artifactKey: Guid(b2bb33153978db1499f05bec37e2b95d) Importer(2089858483,0ecaa5967403d082aa24f35e1b516d23)
Start importing Assets/TilePallets/Village and Forest/Overworld New_324.asset using Guid(b2bb33153978db1499f05bec37e2b95d) Importer(2089858483,0ecaa5967403d082aa24f35e1b516d23)  -> (artifact id: '7b4069228c76c9ae83d3844ca2c2ea12') in 0.006393 seconds
Number of updated asset objects reloaded before import = 0
Number of asset objects unloaded after import = 2
========================================================================
Received Import Request.
  Time since last request: 0.000011 seconds.
  path: Assets/TilePallets/Village and Forest/Village and Forest_139.asset
  artifactKey: Guid(a2278899ed42cef49b8709d6f7689b3b) Importer(2089858483,0ecaa5967403d082aa24f35e1b516d23)
Start importing Assets/TilePallets/Village and Forest/Village and Forest_139.asset using Guid(a2278899ed42cef49b8709d6f7689b3b) Importer(2089858483,0ecaa5967403d082aa24f35e1b516d23)  -> (artifact id: 'c8caf6792eb11473aa59e9df6e33f064') in 0.005959 seconds
Number of updated asset objects reloaded before import = 0
Number of asset objects unloaded after import = 3
========================================================================
Received Import Request.
  Time since last request: 0.000011 seconds.
  path: Assets/TilePallets/Village and Forest/Overworld New_313.asset
  artifactKey: Guid(77b5b4d3d02542c42b48ae5b3061d81c) Importer(2089858483,0ecaa5967403d082aa24f35e1b516d23)
Start importing Assets/TilePallets/Village and Forest/Overworld New_313.asset using Guid(77b5b4d3d02542c42b48ae5b3061d81c) Importer(2089858483,0ecaa5967403d082aa24f35e1b516d23)  -> (artifact id: '256bdd38eb7a78089ddb01bb58f3be1a') in 0.006848 seconds
Number of updated asset objects reloaded before import = 0
Number of asset objects unloaded after import = 2
========================================================================
Received Import Request.
  Time since last request: 0.000012 seconds.
  path: Assets/TilePallets/Village and Forest/Overworld New_73.asset
  artifactKey: Guid(5cb00a2ff91c3c547bcd306fc5a0607f) Importer(2089858483,0ecaa5967403d082aa24f35e1b516d23)
Start importing Assets/TilePallets/Village and Forest/Overworld New_73.asset using Guid(5cb00a2ff91c3c547bcd306fc5a0607f) Importer(2089858483,0ecaa5967403d082aa24f35e1b516d23)  -> (artifact id: '5dd98449f388b61707c47f631d0310bf') in 0.006846 seconds
Number of updated asset objects reloaded before import = 0
Number of asset objects unloaded after import = 2
========================================================================
Received Import Request.
  Time since last request: 0.000014 seconds.
  path: Assets/TilePallets/Village and Forest/Village and Forest_198.asset
  artifactKey: Guid(6c4966c79b6fd274795f04887a52d146) Importer(2089858483,0ecaa5967403d082aa24f35e1b516d23)
Start importing Assets/TilePallets/Village and Forest/Village and Forest_198.asset using Guid(6c4966c79b6fd274795f04887a52d146) Importer(2089858483,0ecaa5967403d082aa24f35e1b516d23)  -> (artifact id: 'e777588f084f9e13054abaaa0a8eaa2d') in 0.006032 seconds
Number of updated asset objects reloaded before import = 0
Number of asset objects unloaded after import = 3
========================================================================
Received Import Request.
  Time since last request: 0.000010 seconds.
  path: Assets/TilePallets/Village and Forest/Village and Forest_200.asset
  artifactKey: Guid(c2d1cb7ae09ef544d85907070f89c7ec) Importer(2089858483,0ecaa5967403d082aa24f35e1b516d23)
Start importing Assets/TilePallets/Village and Forest/Village and Forest_200.asset using Guid(c2d1cb7ae09ef544d85907070f89c7ec) Importer(2089858483,0ecaa5967403d082aa24f35e1b516d23)  -> (artifact id: '224c13dd3ec41bbf5d0114669d8d3157') in 0.005908 seconds
Number of updated asset objects reloaded before import = 0
Number of asset objects unloaded after import = 3
========================================================================
Received Import Request.
  Time since last request: 0.000011 seconds.
  path: Assets/TilePallets/Village and Forest/Village and Forest_120.asset
  artifactKey: Guid(63cdfb20b86ab4c488cec5238db9e3d1) Importer(2089858483,0ecaa5967403d082aa24f35e1b516d23)
Start importing Assets/TilePallets/Village and Forest/Village and Forest_120.asset using Guid(63cdfb20b86ab4c488cec5238db9e3d1) Importer(2089858483,0ecaa5967403d082aa24f35e1b516d23)  -> (artifact id: 'd1d1f5f73818d2675bccf02a429d2106') in 0.005464 seconds
Number of updated asset objects reloaded before import = 0
Number of asset objects unloaded after import = 3
========================================================================
Received Import Request.
  Time since last request: 0.000011 seconds.
  path: Assets/TilePallets/Village and Forest/Village and Forest_172.asset
  artifactKey: Guid(ea74a0550b8703f47986bad7547569db) Importer(2089858483,0ecaa5967403d082aa24f35e1b516d23)
Start importing Assets/TilePallets/Village and Forest/Village and Forest_172.asset using Guid(ea74a0550b8703f47986bad7547569db) Importer(2089858483,0ecaa5967403d082aa24f35e1b516d23)  -> (artifact id: '9892c573c3e7bfca22c9dd06c6ba8c20') in 0.006036 seconds
Number of updated asset objects reloaded before import = 0
Number of asset objects unloaded after import = 3
========================================================================
Received Import Request.
  Time since last request: 0.000013 seconds.
  path: Assets/TilePallets/Village and Forest/Overworld New_369.asset
  artifactKey: Guid(7e2b45b1a868ada4f96274cb29f82ebf) Importer(2089858483,0ecaa5967403d082aa24f35e1b516d23)
Start importing Assets/TilePallets/Village and Forest/Overworld New_369.asset using Guid(7e2b45b1a868ada4f96274cb29f82ebf) Importer(2089858483,0ecaa5967403d082aa24f35e1b516d23)  -> (artifact id: '711169a297693352890925fba6b57c8f') in 0.005519 seconds
Number of updated asset objects reloaded before import = 0
Number of asset objects unloaded after import = 2
========================================================================
Received Import Request.
  Time since last request: 0.000018 seconds.
  path: Assets/TilePallets/Village and Forest/Overworld New_49.asset
  artifactKey: Guid(f14d1a51275a9724d87102fc699aecaf) Importer(2089858483,0ecaa5967403d082aa24f35e1b516d23)
Start importing Assets/TilePallets/Village and Forest/Overworld New_49.asset using Guid(f14d1a51275a9724d87102fc699aecaf) Importer(2089858483,0ecaa5967403d082aa24f35e1b516d23)  -> (artifact id: '718f64f5f4b8a0757951c7cc37f18b26') in 0.005888 seconds
Number of updated asset objects reloaded before import = 0
Number of asset objects unloaded after import = 2
========================================================================
Received Import Request.
  Time since last request: 0.000011 seconds.
  path: Assets/TilePallets/Village and Forest/Village and Forest_185.asset
  artifactKey: Guid(c3485cde977cb844895f6eedb8856154) Importer(2089858483,0ecaa5967403d082aa24f35e1b516d23)
Start importing Assets/TilePallets/Village and Forest/Village and Forest_185.asset using Guid(c3485cde977cb844895f6eedb8856154) Importer(2089858483,0ecaa5967403d082aa24f35e1b516d23)  -> (artifact id: 'bb61c3e4a0ae9f33bc9ff388fc3e8ed5') in 0.005615 seconds
Number of updated asset objects reloaded before import = 0
Number of asset objects unloaded after import = 3
========================================================================
Received Import Request.
  Time since last request: 0.000018 seconds.
  path: Assets/TilePallets/Village and Forest/Overworld New_93.asset
  artifactKey: Guid(489524d00536a2a4384405d5f430d490) Importer(2089858483,0ecaa5967403d082aa24f35e1b516d23)
Start importing Assets/TilePallets/Village and Forest/Overworld New_93.asset using Guid(489524d00536a2a4384405d5f430d490) Importer(2089858483,0ecaa5967403d082aa24f35e1b516d23)  -> (artifact id: 'ea66d93e9373ecf71831bc13da2684b0') in 0.006561 seconds
Number of updated asset objects reloaded before import = 0
Number of asset objects unloaded after import = 2
========================================================================
Received Import Request.
  Time since last request: 0.000011 seconds.
  path: Assets/TilePallets/Village and Forest/Village and Forest_106.asset
  artifactKey: Guid(7c75fab2f3718334aa1c239cf0001c97) Importer(2089858483,0ecaa5967403d082aa24f35e1b516d23)
Start importing Assets/TilePallets/Village and Forest/Village and Forest_106.asset using Guid(7c75fab2f3718334aa1c239cf0001c97) Importer(2089858483,0ecaa5967403d082aa24f35e1b516d23)  -> (artifact id: '6af6794457a6771dad4903ae943ea8c7') in 0.005645 seconds
Number of updated asset objects reloaded before import = 0
Number of asset objects unloaded after import = 3
========================================================================
Received Import Request.
  Time since last request: 0.000013 seconds.
  path: Assets/TilePallets/Village and Forest/Overworld New_374.asset
  artifactKey: Guid(b343997c40cc64b438ce51ed8e43f671) Importer(2089858483,0ecaa5967403d082aa24f35e1b516d23)
Start importing Assets/TilePallets/Village and Forest/Overworld New_374.asset using Guid(b343997c40cc64b438ce51ed8e43f671) Importer(2089858483,0ecaa5967403d082aa24f35e1b516d23)  -> (artifact id: '5d06debad6cdac730ec9e9ef9f51d10f') in 0.005582 seconds
Number of updated asset objects reloaded before import = 0
Number of asset objects unloaded after import = 2
========================================================================
Received Import Request.
  Time since last request: 0.000010 seconds.
  path: Assets/TilePallets/Village and Forest/Overworld New_350.asset
  artifactKey: Guid(0b3a4c51661104a4b861456c3fa22081) Importer(2089858483,0ecaa5967403d082aa24f35e1b516d23)
Start importing Assets/TilePallets/Village and Forest/Overworld New_350.asset using Guid(0b3a4c51661104a4b861456c3fa22081) Importer(2089858483,0ecaa5967403d082aa24f35e1b516d23)  -> (artifact id: '5a6f5333ead25a51951f230d7cd55a85') in 0.005572 seconds
Number of updated asset objects reloaded before import = 0
Number of asset objects unloaded after import = 2
========================================================================
Received Import Request.
  Time since last request: 0.000010 seconds.
  path: Assets/TilePallets/Village and Forest/Village and Forest_158.asset
  artifactKey: Guid(8f769cb0765bcbc4ba20e0133c8da041) Importer(2089858483,0ecaa5967403d082aa24f35e1b516d23)
Start importing Assets/TilePallets/Village and Forest/Village and Forest_158.asset using Guid(8f769cb0765bcbc4ba20e0133c8da041) Importer(2089858483,0ecaa5967403d082aa24f35e1b516d23)  -> (artifact id: 'b12b9ca06245950f527f9f89d629f7d6') in 0.005757 seconds
Number of updated asset objects reloaded before import = 0
Number of asset objects unloaded after import = 3
========================================================================
Received Import Request.
  Time since last request: 0.000013 seconds.
  path: Assets/TilePallets/Village and Forest/Overworld New_416.asset
  artifactKey: Guid(a784e6f6da74d604a9dc3d4d1d33e014) Importer(2089858483,0ecaa5967403d082aa24f35e1b516d23)
Start importing Assets/TilePallets/Village and Forest/Overworld New_416.asset using Guid(a784e6f6da74d604a9dc3d4d1d33e014) Importer(2089858483,0ecaa5967403d082aa24f35e1b516d23)  -> (artifact id: '5c2a3dec04971ac33d16758bbb3e4127') in 0.005586 seconds
Number of updated asset objects reloaded before import = 0
Number of asset objects unloaded after import = 2
========================================================================
Received Import Request.
  Time since last request: 0.000013 seconds.
  path: Assets/TilePallets/Village and Forest/Overworld New_307.asset
  artifactKey: Guid(4ff2b054bed5c44499e9049822736b6c) Importer(2089858483,0ecaa5967403d082aa24f35e1b516d23)
Start importing Assets/TilePallets/Village and Forest/Overworld New_307.asset using Guid(4ff2b054bed5c44499e9049822736b6c) Importer(2089858483,0ecaa5967403d082aa24f35e1b516d23)  -> (artifact id: '55d0ecaf4e4689d97ef48ddeba2017ae') in 0.006016 seconds
Number of updated asset objects reloaded before import = 0
Number of asset objects unloaded after import = 2
========================================================================
Received Import Request.
  Time since last request: 0.000015 seconds.
  path: Assets/TilePallets/Village and Forest/Village and Forest_203.asset
  artifactKey: Guid(631496512ea44a64e98575ecbcd6f743) Importer(2089858483,0ecaa5967403d082aa24f35e1b516d23)
Start importing Assets/TilePallets/Village and Forest/Village and Forest_203.asset using Guid(631496512ea44a64e98575ecbcd6f743) Importer(2089858483,0ecaa5967403d082aa24f35e1b516d23)  -> (artifact id: 'b0813ad39014af55f80215653fb6ae13') in 0.006951 seconds
Number of updated asset objects reloaded before import = 0
Number of asset objects unloaded after import = 3
========================================================================
Received Import Request.
  Time since last request: 0.000020 seconds.
  path: Assets/TilePallets/Village and Forest/Overworld New_81.asset
  artifactKey: Guid(9452191efa983cd418920993891db9f2) Importer(2089858483,0ecaa5967403d082aa24f35e1b516d23)
Start importing Assets/TilePallets/Village and Forest/Overworld New_81.asset using Guid(9452191efa983cd418920993891db9f2) Importer(2089858483,0ecaa5967403d082aa24f35e1b516d23)  -> (artifact id: 'b7e40968c973b085d6ad6ae3e833ca8b') in 0.006465 seconds
Number of updated asset objects reloaded before import = 0
Number of asset objects unloaded after import = 2
========================================================================
Received Import Request.
  Time since last request: 0.000010 seconds.
  path: Assets/TilePallets/Village and Forest/Village and Forest_155.asset
  artifactKey: Guid(ed2fb97abfbf75942ac152b9c9656548) Importer(2089858483,0ecaa5967403d082aa24f35e1b516d23)
Start importing Assets/TilePallets/Village and Forest/Village and Forest_155.asset using Guid(ed2fb97abfbf75942ac152b9c9656548) Importer(2089858483,0ecaa5967403d082aa24f35e1b516d23)  -> (artifact id: '11e227a96903c80228d1898d052f454d') in 0.005873 seconds
Number of updated asset objects reloaded before import = 0
Number of asset objects unloaded after import = 3
========================================================================
Received Import Request.
  Time since last request: 0.000014 seconds.
  path: Assets/TilePallets/Village and Forest/Overworld New_310.asset
  artifactKey: Guid(1c9fbc1abd0e6624ebd70efe76dd240a) Importer(2089858483,0ecaa5967403d082aa24f35e1b516d23)
Start importing Assets/TilePallets/Village and Forest/Overworld New_310.asset using Guid(1c9fbc1abd0e6624ebd70efe76dd240a) Importer(2089858483,0ecaa5967403d082aa24f35e1b516d23)  -> (artifact id: 'ffb0a3f52798f1a371814541dd33f01d') in 0.007440 seconds
Number of updated asset objects reloaded before import = 0
Number of asset objects unloaded after import = 2
========================================================================
Received Import Request.
  Time since last request: 0.000010 seconds.
  path: Assets/TilePallets/Village and Forest/Village and Forest_220.asset
  artifactKey: Guid(f4c53c697f55cfc40bab76ef1e0560a6) Importer(2089858483,0ecaa5967403d082aa24f35e1b516d23)
Start importing Assets/TilePallets/Village and Forest/Village and Forest_220.asset using Guid(f4c53c697f55cfc40bab76ef1e0560a6) Importer(2089858483,0ecaa5967403d082aa24f35e1b516d23)  -> (artifact id: '5a20f300602ffd23854bb54dcb1ed2af') in 0.005997 seconds
Number of updated asset objects reloaded before import = 0
Number of asset objects unloaded after import = 3
========================================================================
Received Import Request.
  Time since last request: 0.000019 seconds.
  path: Assets/TilePallets/Village and Forest/Village and Forest_167.asset
  artifactKey: Guid(bf572ac3cb3be124da9a80cd8ace88dd) Importer(2089858483,0ecaa5967403d082aa24f35e1b516d23)
Start importing Assets/TilePallets/Village and Forest/Village and Forest_167.asset using Guid(bf572ac3cb3be124da9a80cd8ace88dd) Importer(2089858483,0ecaa5967403d082aa24f35e1b516d23)  -> (artifact id: '8f82dbe90dad5f9195f99b4c1d748d8c') in 0.007137 seconds
Number of updated asset objects reloaded before import = 0
Number of asset objects unloaded after import = 3
========================================================================
Received Import Request.
  Time since last request: 0.000011 seconds.
  path: Assets/TilePallets/Village and Forest/Overworld New_4.asset
  artifactKey: Guid(9bc98fba4231dd74789d703f2e4eca16) Importer(2089858483,0ecaa5967403d082aa24f35e1b516d23)
Start importing Assets/TilePallets/Village and Forest/Overworld New_4.asset using Guid(9bc98fba4231dd74789d703f2e4eca16) Importer(2089858483,0ecaa5967403d082aa24f35e1b516d23)  -> (artifact id: 'f855632f8d8c5b7ba394f882ed517cc5') in 0.006151 seconds
Number of updated asset objects reloaded before import = 0
Number of asset objects unloaded after import = 2
========================================================================
Received Import Request.
  Time since last request: 0.000016 seconds.
  path: Assets/TilePallets/Village and Forest/Overworld New_335.asset
  artifactKey: Guid(0ca55ffa639461d45986d7e949daa698) Importer(2089858483,0ecaa5967403d082aa24f35e1b516d23)
Start importing Assets/TilePallets/Village and Forest/Overworld New_335.asset using Guid(0ca55ffa639461d45986d7e949daa698) Importer(2089858483,0ecaa5967403d082aa24f35e1b516d23)  -> (artifact id: '98694408a7e62d14dc75a56f39306d7e') in 0.006670 seconds
Number of updated asset objects reloaded before import = 0
Number of asset objects unloaded after import = 2
========================================================================
Received Import Request.
  Time since last request: 0.000017 seconds.
  path: Assets/TilePallets/Village and Forest/Village and Forest_148.asset
  artifactKey: Guid(a1b40f8cdedec0c47944f6b77612ca45) Importer(2089858483,0ecaa5967403d082aa24f35e1b516d23)
Start importing Assets/TilePallets/Village and Forest/Village and Forest_148.asset using Guid(a1b40f8cdedec0c47944f6b77612ca45) Importer(2089858483,0ecaa5967403d082aa24f35e1b516d23)  -> (artifact id: 'b8d7d57b25aa3c9f2a3aa37b9b4c5fad') in 0.005666 seconds
Number of updated asset objects reloaded before import = 0
Number of asset objects unloaded after import = 3
========================================================================
Received Import Request.
  Time since last request: 0.000011 seconds.
  path: Assets/TilePallets/Village and Forest/Overworld New_309.asset
  artifactKey: Guid(dd7616269f2611246bbc76ef5dd1d232) Importer(2089858483,0ecaa5967403d082aa24f35e1b516d23)
Start importing Assets/TilePallets/Village and Forest/Overworld New_309.asset using Guid(dd7616269f2611246bbc76ef5dd1d232) Importer(2089858483,0ecaa5967403d082aa24f35e1b516d23)  -> (artifact id: '390dead1c3fe8dc1ff789bba411d241f') in 0.006050 seconds
Number of updated asset objects reloaded before import = 0
Number of asset objects unloaded after import = 2
========================================================================
Received Import Request.
  Time since last request: 0.000010 seconds.
  path: Assets/TilePallets/Village and Forest/Village and Forest_102.asset
  artifactKey: Guid(fbc89b8122ccdd24b95e40bedb9b6fc3) Importer(2089858483,0ecaa5967403d082aa24f35e1b516d23)
Start importing Assets/TilePallets/Village and Forest/Village and Forest_102.asset using Guid(fbc89b8122ccdd24b95e40bedb9b6fc3) Importer(2089858483,0ecaa5967403d082aa24f35e1b516d23)  -> (artifact id: 'f92ad5a12d4cc47a337f10c5c8aab22a') in 0.007351 seconds
Number of updated asset objects reloaded before import = 0
Number of asset objects unloaded after import = 3
========================================================================
Received Import Request.
  Time since last request: 0.000021 seconds.
  path: Assets/TilePallets/Village and Forest/Overworld New_389.asset
  artifactKey: Guid(0f9d07e82740b1c4ba09ecf6cb9382fd) Importer(2089858483,0ecaa5967403d082aa24f35e1b516d23)
Start importing Assets/TilePallets/Village and Forest/Overworld New_389.asset using Guid(0f9d07e82740b1c4ba09ecf6cb9382fd) Importer(2089858483,0ecaa5967403d082aa24f35e1b516d23)  -> (artifact id: '19e00cb09d44c02e40a430f89ecb69ad') in 0.006211 seconds
Number of updated asset objects reloaded before import = 0
Number of asset objects unloaded after import = 2
========================================================================
Received Import Request.
  Time since last request: 0.000010 seconds.
  path: Assets/TilePallets/Village and Forest/Village and Forest_189.asset
  artifactKey: Guid(8956e4631e2bcda4ba27f8b8c8581b91) Importer(2089858483,0ecaa5967403d082aa24f35e1b516d23)
Start importing Assets/TilePallets/Village and Forest/Village and Forest_189.asset using Guid(8956e4631e2bcda4ba27f8b8c8581b91) Importer(2089858483,0ecaa5967403d082aa24f35e1b516d23)  -> (artifact id: 'd11d3823d81eb969689831f9a9aaaf09') in 0.006180 seconds
Number of updated asset objects reloaded before import = 0
Number of asset objects unloaded after import = 3
========================================================================
Received Import Request.
  Time since last request: 0.000016 seconds.
  path: Assets/TilePallets/Village and Forest/Village and Forest_174.asset
  artifactKey: Guid(27f35ee0259d4f048b2166cf8126a4b6) Importer(2089858483,0ecaa5967403d082aa24f35e1b516d23)
Start importing Assets/TilePallets/Village and Forest/Village and Forest_174.asset using Guid(27f35ee0259d4f048b2166cf8126a4b6) Importer(2089858483,0ecaa5967403d082aa24f35e1b516d23)  -> (artifact id: '363c55a84fdbc45be41806ec2d19503d') in 0.007790 seconds
Number of updated asset objects reloaded before import = 0
Number of asset objects unloaded after import = 3
========================================================================
Received Import Request.
  Time since last request: 0.000011 seconds.
  path: Assets/TilePallets/Village and Forest/Village and Forest_181.asset
  artifactKey: Guid(b376c68139d44024aba45c05b7aec0fb) Importer(2089858483,0ecaa5967403d082aa24f35e1b516d23)
Start importing Assets/TilePallets/Village and Forest/Village and Forest_181.asset using Guid(b376c68139d44024aba45c05b7aec0fb) Importer(2089858483,0ecaa5967403d082aa24f35e1b516d23)  -> (artifact id: '418cb472950c8a6e7b1d663f87247d68') in 0.006249 seconds
Number of updated asset objects reloaded before import = 0
Number of asset objects unloaded after import = 3
========================================================================
Received Import Request.
  Time since last request: 0.000011 seconds.
  path: Assets/TilePallets/Village and Forest/Overworld New_92.asset
  artifactKey: Guid(6633afb32978413469df1c64115ddf23) Importer(2089858483,0ecaa5967403d082aa24f35e1b516d23)
Start importing Assets/TilePallets/Village and Forest/Overworld New_92.asset using Guid(6633afb32978413469df1c64115ddf23) Importer(2089858483,0ecaa5967403d082aa24f35e1b516d23)  -> (artifact id: '9c96cd62f94380390c1ecb1e9ab97334') in 0.005698 seconds
Number of updated asset objects reloaded before import = 0
Number of asset objects unloaded after import = 2
========================================================================
Received Import Request.
  Time since last request: 0.000019 seconds.
  path: Assets/TilePallets/Village and Forest/Village and Forest_108.asset
  artifactKey: Guid(388f54097ced56e4ab45abd1bd288458) Importer(2089858483,0ecaa5967403d082aa24f35e1b516d23)
Start importing Assets/TilePallets/Village and Forest/Village and Forest_108.asset using Guid(388f54097ced56e4ab45abd1bd288458) Importer(2089858483,0ecaa5967403d082aa24f35e1b516d23)  -> (artifact id: '9e352b40c7c40caa0bec6586a95df382') in 0.006187 seconds
Number of updated asset objects reloaded before import = 0
Number of asset objects unloaded after import = 3
========================================================================
Received Import Request.
  Time since last request: 0.000011 seconds.
  path: Assets/TilePallets/Village and Forest/Overworld New_321.asset
  artifactKey: Guid(7e2a8b12e0b181b45a5010f079a1a602) Importer(2089858483,0ecaa5967403d082aa24f35e1b516d23)
Start importing Assets/TilePallets/Village and Forest/Overworld New_321.asset using Guid(7e2a8b12e0b181b45a5010f079a1a602) Importer(2089858483,0ecaa5967403d082aa24f35e1b516d23)  -> (artifact id: '68b5a936641c4dd173dc193798b2ed05') in 0.005838 seconds
Number of updated asset objects reloaded before import = 0
Number of asset objects unloaded after import = 2
========================================================================
Received Import Request.
  Time since last request: 0.000014 seconds.
  path: Assets/TilePallets/Village and Forest/Village and Forest_150.asset
  artifactKey: Guid(8179bdbd78a177142abf749149df63e5) Importer(2089858483,0ecaa5967403d082aa24f35e1b516d23)
Start importing Assets/TilePallets/Village and Forest/Village and Forest_150.asset using Guid(8179bdbd78a177142abf749149df63e5) Importer(2089858483,0ecaa5967403d082aa24f35e1b516d23)  -> (artifact id: '90ad782a64c24021f823aab8de3af238') in 0.005697 seconds
Number of updated asset objects reloaded before import = 0
Number of asset objects unloaded after import = 3
========================================================================
Received Import Request.
  Time since last request: 0.000030 seconds.
  path: Assets/TilePallets/Village and Forest/Overworld New_72.asset
  artifactKey: Guid(d9cee616e4b0bc74d928ac22846ce744) Importer(2089858483,0ecaa5967403d082aa24f35e1b516d23)
Start importing Assets/TilePallets/Village and Forest/Overworld New_72.asset using Guid(d9cee616e4b0bc74d928ac22846ce744) Importer(2089858483,0ecaa5967403d082aa24f35e1b516d23)  -> (artifact id: '92a930589efa14cd5df97361f99b3041') in 0.006308 seconds
Number of updated asset objects reloaded before import = 0
Number of asset objects unloaded after import = 2
========================================================================
Received Import Request.
  Time since last request: 0.000010 seconds.
  path: Assets/TilePallets/Village and Forest/Village and Forest_107.asset
  artifactKey: Guid(e73f80aa73fd6754d88365f75bb58000) Importer(2089858483,0ecaa5967403d082aa24f35e1b516d23)
Start importing Assets/TilePallets/Village and Forest/Village and Forest_107.asset using Guid(e73f80aa73fd6754d88365f75bb58000) Importer(2089858483,0ecaa5967403d082aa24f35e1b516d23)  -> (artifact id: '7b9543a2b050441748efa8c942d53c36') in 0.005944 seconds
Number of updated asset objects reloaded before import = 0
Number of asset objects unloaded after import = 3
========================================================================
Received Import Request.
  Time since last request: 0.000017 seconds.
  path: Assets/TilePallets/Village and Forest/Overworld New_96.asset
  artifactKey: Guid(b1136173b7b8c994dbc2acfa58c63286) Importer(2089858483,0ecaa5967403d082aa24f35e1b516d23)
Start importing Assets/TilePallets/Village and Forest/Overworld New_96.asset using Guid(b1136173b7b8c994dbc2acfa58c63286) Importer(2089858483,0ecaa5967403d082aa24f35e1b516d23)  -> (artifact id: '5f9ee88667c073f1f6ea9ca7c46d3775') in 0.007513 seconds
Number of updated asset objects reloaded before import = 0
Number of asset objects unloaded after import = 2
========================================================================
Received Import Request.
  Time since last request: 0.000013 seconds.
  path: Assets/TilePallets/Village and Forest/Overworld New_97.asset
  artifactKey: Guid(2e45bd0b1a969484ba9ce4d5443dc9a1) Importer(2089858483,0ecaa5967403d082aa24f35e1b516d23)
Start importing Assets/TilePallets/Village and Forest/Overworld New_97.asset using Guid(2e45bd0b1a969484ba9ce4d5443dc9a1) Importer(2089858483,0ecaa5967403d082aa24f35e1b516d23)  -> (artifact id: '29f605b90a5f746aa7635f86ba9c603f') in 0.006727 seconds
Number of updated asset objects reloaded before import = 0
Number of asset objects unloaded after import = 2
========================================================================
Received Import Request.
  Time since last request: 0.000012 seconds.
  path: Assets/TilePallets/Village and Forest/Overworld New_40.asset
  artifactKey: Guid(716553ae120d3654386bd0a1b0fb1bf0) Importer(2089858483,0ecaa5967403d082aa24f35e1b516d23)
Start importing Assets/TilePallets/Village and Forest/Overworld New_40.asset using Guid(716553ae120d3654386bd0a1b0fb1bf0) Importer(2089858483,0ecaa5967403d082aa24f35e1b516d23)  -> (artifact id: 'c804ce01926773b32bcc76e771ece3f2') in 0.007091 seconds
Number of updated asset objects reloaded before import = 0
Number of asset objects unloaded after import = 2
========================================================================
Received Import Request.
  Time since last request: 0.000012 seconds.
  path: Assets/TilePallets/Village and Forest/Overworld New_336.asset
  artifactKey: Guid(8f7fcde76a3146a468af377f44d7943a) Importer(2089858483,0ecaa5967403d082aa24f35e1b516d23)
Start importing Assets/TilePallets/Village and Forest/Overworld New_336.asset using Guid(8f7fcde76a3146a468af377f44d7943a) Importer(2089858483,0ecaa5967403d082aa24f35e1b516d23)  -> (artifact id: 'd011a612d0c26417580077ec8b02e0b0') in 0.005532 seconds
Number of updated asset objects reloaded before import = 0
Number of asset objects unloaded after import = 2
========================================================================
Received Import Request.
  Time since last request: 0.000021 seconds.
  path: Assets/TilePallets/Village and Forest/Overworld New_37.asset
  artifactKey: Guid(668e307deb1756b44aa9b5be4681bc10) Importer(2089858483,0ecaa5967403d082aa24f35e1b516d23)
Start importing Assets/TilePallets/Village and Forest/Overworld New_37.asset using Guid(668e307deb1756b44aa9b5be4681bc10) Importer(2089858483,0ecaa5967403d082aa24f35e1b516d23)  -> (artifact id: '355d521ce66a032b7ce33e6bf0e5afd0') in 0.005742 seconds
Number of updated asset objects reloaded before import = 0
Number of asset objects unloaded after import = 2
========================================================================
Received Import Request.
  Time since last request: 0.000010 seconds.
  path: Assets/TilePallets/Village and Forest/Overworld New_400.asset
  artifactKey: Guid(a9f987f0ef4a0754598a6699b491d127) Importer(2089858483,0ecaa5967403d082aa24f35e1b516d23)
Start importing Assets/TilePallets/Village and Forest/Overworld New_400.asset using Guid(a9f987f0ef4a0754598a6699b491d127) Importer(2089858483,0ecaa5967403d082aa24f35e1b516d23)  -> (artifact id: '65ff95b24a6333c75eb696345a7815ab') in 0.007252 seconds
Number of updated asset objects reloaded before import = 0
Number of asset objects unloaded after import = 2
========================================================================
Received Import Request.
  Time since last request: 0.000015 seconds.
  path: Assets/TilePallets/Village and Forest/Village and Forest_170.asset
  artifactKey: Guid(7328c9ce705915e46a70ce0d5ef3fe20) Importer(2089858483,0ecaa5967403d082aa24f35e1b516d23)
Start importing Assets/TilePallets/Village and Forest/Village and Forest_170.asset using Guid(7328c9ce705915e46a70ce0d5ef3fe20) Importer(2089858483,0ecaa5967403d082aa24f35e1b516d23)  -> (artifact id: '50383af1d6e2a03ee940cb7534675744') in 0.007802 seconds
Number of updated asset objects reloaded before import = 0
Number of asset objects unloaded after import = 3
========================================================================
Received Import Request.
  Time since last request: 0.000013 seconds.
  path: Assets/TilePallets/Village and Forest/Village and Forest_193.asset
  artifactKey: Guid(ce2824c367f2d404e8e58a3534427f82) Importer(2089858483,0ecaa5967403d082aa24f35e1b516d23)
Start importing Assets/TilePallets/Village and Forest/Village and Forest_193.asset using Guid(ce2824c367f2d404e8e58a3534427f82) Importer(2089858483,0ecaa5967403d082aa24f35e1b516d23)  -> (artifact id: '33285e25121a185bec3c487547f0f637') in 0.006342 seconds
Number of updated asset objects reloaded before import = 0
Number of asset objects unloaded after import = 3
========================================================================
Received Import Request.
  Time since last request: 0.000011 seconds.
  path: Assets/TilePallets/Village and Forest/Overworld New_348.asset
  artifactKey: Guid(1249cc385f3b1d34fa2349c44c30344f) Importer(2089858483,0ecaa5967403d082aa24f35e1b516d23)
Start importing Assets/TilePallets/Village and Forest/Overworld New_348.asset using Guid(1249cc385f3b1d34fa2349c44c30344f) Importer(2089858483,0ecaa5967403d082aa24f35e1b516d23)  -> (artifact id: 'c16bebdc07d5d4ea0a855d71ab120f40') in 0.005690 seconds
Number of updated asset objects reloaded before import = 0
Number of asset objects unloaded after import = 2
========================================================================
Received Import Request.
  Time since last request: 0.000010 seconds.
  path: Assets/TilePallets/Village and Forest/Village and Forest_182.asset
  artifactKey: Guid(ddbb5d3b7fc31f940accd7c8957e5fc2) Importer(2089858483,0ecaa5967403d082aa24f35e1b516d23)
Start importing Assets/TilePallets/Village and Forest/Village and Forest_182.asset using Guid(ddbb5d3b7fc31f940accd7c8957e5fc2) Importer(2089858483,0ecaa5967403d082aa24f35e1b516d23)  -> (artifact id: 'f70aa72648360785915b8922137a025f') in 0.006712 seconds
Number of updated asset objects reloaded before import = 0
Number of asset objects unloaded after import = 3
========================================================================
Received Import Request.
  Time since last request: 0.000011 seconds.
  path: Assets/TilePallets/Village and Forest/Overworld New_405.asset
  artifactKey: Guid(eceded3e8c70f3648811cf7cc1abe3b9) Importer(2089858483,0ecaa5967403d082aa24f35e1b516d23)
Start importing Assets/TilePallets/Village and Forest/Overworld New_405.asset using Guid(eceded3e8c70f3648811cf7cc1abe3b9) Importer(2089858483,0ecaa5967403d082aa24f35e1b516d23)  -> (artifact id: 'c1c6b62fd3e631f82e0e098840e06c7e') in 0.005664 seconds
Number of updated asset objects reloaded before import = 0
Number of asset objects unloaded after import = 2
========================================================================
Received Import Request.
  Time since last request: 0.000011 seconds.
  path: Assets/TilePallets/Village and Forest/Overworld New_316.asset
  artifactKey: Guid(1e97bbc906ddedd4e84326442bc71c41) Importer(2089858483,0ecaa5967403d082aa24f35e1b516d23)
Start importing Assets/TilePallets/Village and Forest/Overworld New_316.asset using Guid(1e97bbc906ddedd4e84326442bc71c41) Importer(2089858483,0ecaa5967403d082aa24f35e1b516d23)  -> (artifact id: '64f2a730bb41f9f4bf493a082b45a768') in 0.006198 seconds
Number of updated asset objects reloaded before import = 0
Number of asset objects unloaded after import = 2
========================================================================
Received Import Request.
  Time since last request: 0.000011 seconds.
  path: Assets/TilePallets/Village and Forest/Overworld New_69.asset
  artifactKey: Guid(50657c20d86471c458b00c7685c164a5) Importer(2089858483,0ecaa5967403d082aa24f35e1b516d23)
Start importing Assets/TilePallets/Village and Forest/Overworld New_69.asset using Guid(50657c20d86471c458b00c7685c164a5) Importer(2089858483,0ecaa5967403d082aa24f35e1b516d23)  -> (artifact id: 'e26fd1251025067b0b358d5f085f0894') in 0.005866 seconds
Number of updated asset objects reloaded before import = 0
Number of asset objects unloaded after import = 2
========================================================================
Received Import Request.
  Time since last request: 0.000015 seconds.
  path: Assets/TilePallets/Village and Forest/Overworld New_345.asset
  artifactKey: Guid(7f408b68156ae9f4bb513b606d87aed1) Importer(2089858483,0ecaa5967403d082aa24f35e1b516d23)
Start importing Assets/TilePallets/Village and Forest/Overworld New_345.asset using Guid(7f408b68156ae9f4bb513b606d87aed1) Importer(2089858483,0ecaa5967403d082aa24f35e1b516d23)  -> (artifact id: '0398eee015375f3ce8f031886d5e7b37') in 0.005442 seconds
Number of updated asset objects reloaded before import = 0
Number of asset objects unloaded after import = 2
========================================================================
Received Import Request.
  Time since last request: 0.000010 seconds.
  path: Assets/TilePallets/Village and Forest/Village and Forest_166.asset
  artifactKey: Guid(45e7f0c48508fa245878b88c126f4e12) Importer(2089858483,0ecaa5967403d082aa24f35e1b516d23)
Start importing Assets/TilePallets/Village and Forest/Village and Forest_166.asset using Guid(45e7f0c48508fa245878b88c126f4e12) Importer(2089858483,0ecaa5967403d082aa24f35e1b516d23)  -> (artifact id: '25e94b0356eea52f72b6111e9388d7d3') in 0.006327 seconds
Number of updated asset objects reloaded before import = 0
Number of asset objects unloaded after import = 3
========================================================================
Received Import Request.
  Time since last request: 0.000011 seconds.
  path: Assets/TilePallets/Village and Forest/Overworld New_372.asset
  artifactKey: Guid(a9b6b1224f8da154d8cf7efe581b5826) Importer(2089858483,0ecaa5967403d082aa24f35e1b516d23)
Start importing Assets/TilePallets/Village and Forest/Overworld New_372.asset using Guid(a9b6b1224f8da154d8cf7efe581b5826) Importer(2089858483,0ecaa5967403d082aa24f35e1b516d23)  -> (artifact id: 'ef487d8e6f5788e02ce495c3c3a522cb') in 0.006041 seconds
Number of updated asset objects reloaded before import = 0
Number of asset objects unloaded after import = 2
========================================================================
Received Import Request.
  Time since last request: 0.000011 seconds.
  path: Assets/TilePallets/Village and Forest/Overworld New_50.asset
  artifactKey: Guid(fec6762cf70ebdd449b0ef5e99159bc1) Importer(2089858483,0ecaa5967403d082aa24f35e1b516d23)
Start importing Assets/TilePallets/Village and Forest/Overworld New_50.asset using Guid(fec6762cf70ebdd449b0ef5e99159bc1) Importer(2089858483,0ecaa5967403d082aa24f35e1b516d23)  -> (artifact id: 'ef2ef7d283cbb7f9034a578466afe6fb') in 0.042510 seconds
Number of updated asset objects reloaded before import = 0
Number of asset objects unloaded after import = 2
========================================================================
Received Import Request.
  Time since last request: 0.000012 seconds.
  path: Assets/TilePallets/Village and Forest/Overworld New_98.asset
  artifactKey: Guid(7f98d884f19d4d347bd9d85bba29c3dd) Importer(2089858483,0ecaa5967403d082aa24f35e1b516d23)
Start importing Assets/TilePallets/Village and Forest/Overworld New_98.asset using Guid(7f98d884f19d4d347bd9d85bba29c3dd) Importer(2089858483,0ecaa5967403d082aa24f35e1b516d23)  -> (artifact id: 'b59a545674cacf418e5a9d85128fd595') in 0.006290 seconds
Number of updated asset objects reloaded before import = 0
Number of asset objects unloaded after import = 2
========================================================================
Received Import Request.
  Time since last request: 0.000017 seconds.
  path: Assets/TilePallets/Village and Forest/Village and Forest_17.asset
  artifactKey: Guid(b082daedfe47ee9458a3293f4dac3fd5) Importer(2089858483,0ecaa5967403d082aa24f35e1b516d23)
Start importing Assets/TilePallets/Village and Forest/Village and Forest_17.asset using Guid(b082daedfe47ee9458a3293f4dac3fd5) Importer(2089858483,0ecaa5967403d082aa24f35e1b516d23)  -> (artifact id: '4ef9f5b6a9d5b758632f4ce1c3268b0c') in 0.005628 seconds
Number of updated asset objects reloaded before import = 0
Number of asset objects unloaded after import = 3
========================================================================
Received Import Request.
  Time since last request: 0.000011 seconds.
  path: Assets/TilePallets/Village and Forest/Overworld New_357.asset
  artifactKey: Guid(4bc5322d9680c7140813fdee6919ebde) Importer(2089858483,0ecaa5967403d082aa24f35e1b516d23)
Start importing Assets/TilePallets/Village and Forest/Overworld New_357.asset using Guid(4bc5322d9680c7140813fdee6919ebde) Importer(2089858483,0ecaa5967403d082aa24f35e1b516d23)  -> (artifact id: 'd08a80523ffd192c1d9a61efb282b6fa') in 0.005627 seconds
Number of updated asset objects reloaded before import = 0
Number of asset objects unloaded after import = 2
========================================================================
Received Import Request.
  Time since last request: 0.000013 seconds.
  path: Assets/TilePallets/Village and Forest/Village and Forest_121.asset
  artifactKey: Guid(d702d96dfe973ea4e80a3537d1ba4bea) Importer(2089858483,0ecaa5967403d082aa24f35e1b516d23)
Start importing Assets/TilePallets/Village and Forest/Village and Forest_121.asset using Guid(d702d96dfe973ea4e80a3537d1ba4bea) Importer(2089858483,0ecaa5967403d082aa24f35e1b516d23)  -> (artifact id: '000855e49a6570f2a8aca35dd5281f5e') in 0.006377 seconds
Number of updated asset objects reloaded before import = 0
Number of asset objects unloaded after import = 3
========================================================================
Received Import Request.
  Time since last request: 0.000014 seconds.
  path: Assets/TilePallets/Village and Forest/Village and Forest_164.asset
  artifactKey: Guid(fd69bc1c8b8e7a148949e12409cda788) Importer(2089858483,0ecaa5967403d082aa24f35e1b516d23)
Start importing Assets/TilePallets/Village and Forest/Village and Forest_164.asset using Guid(fd69bc1c8b8e7a148949e12409cda788) Importer(2089858483,0ecaa5967403d082aa24f35e1b516d23)  -> (artifact id: 'f1ef49a2fb7b30e572e225b3a2216c1b') in 0.006146 seconds
Number of updated asset objects reloaded before import = 0
Number of asset objects unloaded after import = 3
========================================================================
Received Import Request.
  Time since last request: 0.000011 seconds.
  path: Assets/TilePallets/Village and Forest/Village and Forest_129.asset
  artifactKey: Guid(f486e56c10220684f878e82a6103fa15) Importer(2089858483,0ecaa5967403d082aa24f35e1b516d23)
Start importing Assets/TilePallets/Village and Forest/Village and Forest_129.asset using Guid(f486e56c10220684f878e82a6103fa15) Importer(2089858483,0ecaa5967403d082aa24f35e1b516d23)  -> (artifact id: 'd1dcb053706efd66721752392169dd1a') in 0.005846 seconds
Number of updated asset objects reloaded before import = 0
Number of asset objects unloaded after import = 3
========================================================================
Received Import Request.
  Time since last request: 0.000011 seconds.
  path: Assets/TilePallets/Village and Forest/Overworld New_42.asset
  artifactKey: Guid(216570d9b5d549c4f905a3cb0bd90fed) Importer(2089858483,0ecaa5967403d082aa24f35e1b516d23)
Start importing Assets/TilePallets/Village and Forest/Overworld New_42.asset using Guid(216570d9b5d549c4f905a3cb0bd90fed) Importer(2089858483,0ecaa5967403d082aa24f35e1b516d23)  -> (artifact id: '8957eca885f8c52b8a3f8023bfa24ccf') in 0.006170 seconds
Number of updated asset objects reloaded before import = 0
Number of asset objects unloaded after import = 2
========================================================================
Received Import Request.
  Time since last request: 0.000010 seconds.
  path: Assets/TilePallets/Village and Forest/Village and Forest_125.asset
  artifactKey: Guid(1dcd8be6fef5931439aa0c7d12b56ffc) Importer(2089858483,0ecaa5967403d082aa24f35e1b516d23)
Start importing Assets/TilePallets/Village and Forest/Village and Forest_125.asset using Guid(1dcd8be6fef5931439aa0c7d12b56ffc) Importer(2089858483,0ecaa5967403d082aa24f35e1b516d23)  -> (artifact id: 'e8d8e3a9fc433f1ff235e099db3a4087') in 0.007087 seconds
Number of updated asset objects reloaded before import = 0
Number of asset objects unloaded after import = 3
========================================================================
Received Import Request.
  Time since last request: 0.000011 seconds.
  path: Assets/TilePallets/Village and Forest/Village and Forest_163.asset
  artifactKey: Guid(5f2490fe4817b2543890c76cccce083d) Importer(2089858483,0ecaa5967403d082aa24f35e1b516d23)
Start importing Assets/TilePallets/Village and Forest/Village and Forest_163.asset using Guid(5f2490fe4817b2543890c76cccce083d) Importer(2089858483,0ecaa5967403d082aa24f35e1b516d23)  -> (artifact id: '900a374c0307eebb523d968a6b6b98bf') in 0.006627 seconds
Number of updated asset objects reloaded before import = 0
Number of asset objects unloaded after import = 3
========================================================================
Received Import Request.
  Time since last request: 0.000010 seconds.
  path: Assets/TilePallets/Village and Forest/Overworld New_349.asset
  artifactKey: Guid(2dba2b37f2f8b5147b435606b1c24c54) Importer(2089858483,0ecaa5967403d082aa24f35e1b516d23)
Start importing Assets/TilePallets/Village and Forest/Overworld New_349.asset using Guid(2dba2b37f2f8b5147b435606b1c24c54) Importer(2089858483,0ecaa5967403d082aa24f35e1b516d23)  -> (artifact id: 'a22db50321ba8a416a907d999c78bf09') in 0.005897 seconds
Number of updated asset objects reloaded before import = 0
Number of asset objects unloaded after import = 2
========================================================================
Received Import Request.
  Time since last request: 0.000011 seconds.
  path: Assets/TilePallets/Village and Forest/Overworld New_306.asset
  artifactKey: Guid(1f5a7e13473157649bfd3f2e32ce0a31) Importer(2089858483,0ecaa5967403d082aa24f35e1b516d23)
Start importing Assets/TilePallets/Village and Forest/Overworld New_306.asset using Guid(1f5a7e13473157649bfd3f2e32ce0a31) Importer(2089858483,0ecaa5967403d082aa24f35e1b516d23)  -> (artifact id: '5b8207e61a66fa6d72e7721191af356f') in 0.005882 seconds
Number of updated asset objects reloaded before import = 0
Number of asset objects unloaded after import = 2
========================================================================
Received Import Request.
  Time since last request: 0.000010 seconds.
  path: Assets/TilePallets/Village and Forest/Overworld New_62.asset
  artifactKey: Guid(cd5a889f1649ed5419dbbfbb7ed6f677) Importer(2089858483,0ecaa5967403d082aa24f35e1b516d23)
Start importing Assets/TilePallets/Village and Forest/Overworld New_62.asset using Guid(cd5a889f1649ed5419dbbfbb7ed6f677) Importer(2089858483,0ecaa5967403d082aa24f35e1b516d23)  -> (artifact id: '228549950e1a4e8a982e4f9bdbba08b8') in 0.006412 seconds
Number of updated asset objects reloaded before import = 0
Number of asset objects unloaded after import = 2
========================================================================
Received Import Request.
  Time since last request: 0.000012 seconds.
  path: Assets/TilePallets/Village and Forest/Overworld New_338.asset
  artifactKey: Guid(32f27a0b73b191c478063db42b67ab3b) Importer(2089858483,0ecaa5967403d082aa24f35e1b516d23)
Start importing Assets/TilePallets/Village and Forest/Overworld New_338.asset using Guid(32f27a0b73b191c478063db42b67ab3b) Importer(2089858483,0ecaa5967403d082aa24f35e1b516d23)  -> (artifact id: 'aaf0f3a4ec9cbe72b933339f0af77715') in 0.005540 seconds
Number of updated asset objects reloaded before import = 0
Number of asset objects unloaded after import = 2
========================================================================
Received Import Request.
  Time since last request: 0.000011 seconds.
  path: Assets/TilePallets/Village and Forest/Overworld New_57.asset
  artifactKey: Guid(e5669f4f1201439479acf5c07a646769) Importer(2089858483,0ecaa5967403d082aa24f35e1b516d23)
Start importing Assets/TilePallets/Village and Forest/Overworld New_57.asset using Guid(e5669f4f1201439479acf5c07a646769) Importer(2089858483,0ecaa5967403d082aa24f35e1b516d23)  -> (artifact id: '9fe0befc1069758115133acb250ac1f7') in 0.006196 seconds
Number of updated asset objects reloaded before import = 0
Number of asset objects unloaded after import = 2
========================================================================
Received Import Request.
  Time since last request: 0.000011 seconds.
  path: Assets/TilePallets/Village and Forest/Village and Forest_169.asset
  artifactKey: Guid(bd67b7f12737af44f92b4fefb7893a07) Importer(2089858483,0ecaa5967403d082aa24f35e1b516d23)
Start importing Assets/TilePallets/Village and Forest/Village and Forest_169.asset using Guid(bd67b7f12737af44f92b4fefb7893a07) Importer(2089858483,0ecaa5967403d082aa24f35e1b516d23)  -> (artifact id: '43e7d0975e443356164825e80d755916') in 0.005832 seconds
Number of updated asset objects reloaded before import = 0
Number of asset objects unloaded after import = 3
========================================================================
Received Import Request.
  Time since last request: 0.000011 seconds.
  path: Assets/TilePallets/Village and Forest/Village and Forest_157.asset
  artifactKey: Guid(5e12fa0b0d9171045b6de81cdfe2a548) Importer(2089858483,0ecaa5967403d082aa24f35e1b516d23)
Start importing Assets/TilePallets/Village and Forest/Village and Forest_157.asset using Guid(5e12fa0b0d9171045b6de81cdfe2a548) Importer(2089858483,0ecaa5967403d082aa24f35e1b516d23)  -> (artifact id: 'b757207757294d6c8ebb24f4dae70bac') in 0.006401 seconds
Number of updated asset objects reloaded before import = 0
Number of asset objects unloaded after import = 3
========================================================================
Received Import Request.
  Time since last request: 0.000013 seconds.
  path: Assets/TilePallets/Village and Forest/Overworld New_55.asset
  artifactKey: Guid(44ca37ffc61928847bfa155b7eaafd21) Importer(2089858483,0ecaa5967403d082aa24f35e1b516d23)
Start importing Assets/TilePallets/Village and Forest/Overworld New_55.asset using Guid(44ca37ffc61928847bfa155b7eaafd21) Importer(2089858483,0ecaa5967403d082aa24f35e1b516d23)  -> (artifact id: 'a5320e561e62dce1ba12cfea28cb32db') in 0.006088 seconds
Number of updated asset objects reloaded before import = 0
Number of asset objects unloaded after import = 2
========================================================================
Received Import Request.
  Time since last request: 0.000031 seconds.
  path: Assets/TilePallets/Village and Forest/Village and Forest_10.asset
  artifactKey: Guid(2ccfc275b8443864a84b6e271d380a54) Importer(2089858483,0ecaa5967403d082aa24f35e1b516d23)
Start importing Assets/TilePallets/Village and Forest/Village and Forest_10.asset using Guid(2ccfc275b8443864a84b6e271d380a54) Importer(2089858483,0ecaa5967403d082aa24f35e1b516d23)  -> (artifact id: '30594e900531af299a7a198ef5c37b23') in 0.006650 seconds
Number of updated asset objects reloaded before import = 0
Number of asset objects unloaded after import = 3
========================================================================
Received Import Request.
  Time since last request: 0.000011 seconds.
  path: Assets/TilePallets/Village and Forest/Village and Forest_132.asset
  artifactKey: Guid(d2d91a42be9b8c64591332e788b1d556) Importer(2089858483,0ecaa5967403d082aa24f35e1b516d23)
Start importing Assets/TilePallets/Village and Forest/Village and Forest_132.asset using Guid(d2d91a42be9b8c64591332e788b1d556) Importer(2089858483,0ecaa5967403d082aa24f35e1b516d23)  -> (artifact id: 'dc1e16d042068012de296435acfc8f06') in 0.006779 seconds
Number of updated asset objects reloaded before import = 0
Number of asset objects unloaded after import = 3
========================================================================
Received Import Request.
  Time since last request: 0.000011 seconds.
  path: Assets/TilePallets/Village and Forest/Overworld New_365.asset
  artifactKey: Guid(9e039330ad691c947851cb1a1bfb4ca5) Importer(2089858483,0ecaa5967403d082aa24f35e1b516d23)
Start importing Assets/TilePallets/Village and Forest/Overworld New_365.asset using Guid(9e039330ad691c947851cb1a1bfb4ca5) Importer(2089858483,0ecaa5967403d082aa24f35e1b516d23)  -> (artifact id: '78cc6cc4a0ba4cd4d628af4340ec1166') in 0.005918 seconds
Number of updated asset objects reloaded before import = 0
Number of asset objects unloaded after import = 2
========================================================================
Received Import Request.
  Time since last request: 0.000012 seconds.
  path: Assets/TilePallets/Village and Forest/Overworld New_332.asset
  artifactKey: Guid(98dd72c8d7cccc84195bcc093f480eff) Importer(2089858483,0ecaa5967403d082aa24f35e1b516d23)
Start importing Assets/TilePallets/Village and Forest/Overworld New_332.asset using Guid(98dd72c8d7cccc84195bcc093f480eff) Importer(2089858483,0ecaa5967403d082aa24f35e1b516d23)  -> (artifact id: '90f7501d1f95912c36360d665d0e684e') in 0.007594 seconds
Number of updated asset objects reloaded before import = 0
Number of asset objects unloaded after import = 2
========================================================================
Received Import Request.
  Time since last request: 0.000013 seconds.
  path: Assets/TilePallets/Village and Forest/Schatten 40.asset
  artifactKey: Guid(06c8b4b0978173849a7eb42539515a16) Importer(2089858483,0ecaa5967403d082aa24f35e1b516d23)
Start importing Assets/TilePallets/Village and Forest/Schatten 40.asset using Guid(06c8b4b0978173849a7eb42539515a16) Importer(2089858483,0ecaa5967403d082aa24f35e1b516d23)  -> (artifact id: 'dd24de79cebdc7a1924e3f01fb168ffe') in 0.006039 seconds
Number of updated asset objects reloaded before import = 0
Number of asset objects unloaded after import = 3
========================================================================
Received Import Request.
  Time since last request: 0.000011 seconds.
  path: Assets/TilePallets/Village and Forest/Village and Forest_214.asset
  artifactKey: Guid(2ac7e83aaf7c6d04dbd35c943ec994be) Importer(2089858483,0ecaa5967403d082aa24f35e1b516d23)
Start importing Assets/TilePallets/Village and Forest/Village and Forest_214.asset using Guid(2ac7e83aaf7c6d04dbd35c943ec994be) Importer(2089858483,0ecaa5967403d082aa24f35e1b516d23)  -> (artifact id: '0e2ca4de93698eddd79544baef9e2c2e') in 0.006309 seconds
Number of updated asset objects reloaded before import = 0
Number of asset objects unloaded after import = 3
========================================================================
Received Import Request.
  Time since last request: 0.969043 seconds.
  path: Assets/TilePallets/Village and Forest/Village and Forest_223.asset
  artifactKey: Guid(7bdc9d4a20fc53c45a31f80bdda9518b) Importer(2089858483,0ecaa5967403d082aa24f35e1b516d23)
Start importing Assets/TilePallets/Village and Forest/Village and Forest_223.asset using Guid(7bdc9d4a20fc53c45a31f80bdda9518b) Importer(2089858483,0ecaa5967403d082aa24f35e1b516d23)  -> (artifact id: 'af53c699fa8e7656fb2772fd7b13ba66') in 0.007055 seconds
Number of updated asset objects reloaded before import = 0
Number of asset objects unloaded after import = 3
========================================================================
Received Import Request.
  Time since last request: 0.000011 seconds.
  path: Assets/TilePallets/Village and Forest/Village and Forest_417.asset
  artifactKey: Guid(8ef3360aca4a0844c8b37501be408c9a) Importer(2089858483,0ecaa5967403d082aa24f35e1b516d23)
Start importing Assets/TilePallets/Village and Forest/Village and Forest_417.asset using Guid(8ef3360aca4a0844c8b37501be408c9a) Importer(2089858483,0ecaa5967403d082aa24f35e1b516d23)  -> (artifact id: '564c64657931c83e25cf2654fc6ddf70') in 0.036491 seconds
Number of updated asset objects reloaded before import = 0
Number of asset objects unloaded after import = 2
========================================================================
Received Import Request.
  Time since last request: 0.000094 seconds.
  path: Assets/TilePallets/Village and Forest/Village and Forest_30.asset
  artifactKey: Guid(8ec66ff909f47b548937c1c59318fe76) Importer(2089858483,0ecaa5967403d082aa24f35e1b516d23)
Start importing Assets/TilePallets/Village and Forest/Village and Forest_30.asset using Guid(8ec66ff909f47b548937c1c59318fe76) Importer(2089858483,0ecaa5967403d082aa24f35e1b516d23)  -> (artifact id: '147985fb700029e588c9962a197f8bea') in 0.008327 seconds
Number of updated asset objects reloaded before import = 0
Number of asset objects unloaded after import = 3
========================================================================
Received Import Request.
  Time since last request: 0.000011 seconds.
  path: Assets/TilePallets/Village and Forest/Village and Forest_317.asset
  artifactKey: Guid(e574b2ea9361b9441b04b0765801582d) Importer(2089858483,0ecaa5967403d082aa24f35e1b516d23)
Start importing Assets/TilePallets/Village and Forest/Village and Forest_317.asset using Guid(e574b2ea9361b9441b04b0765801582d) Importer(2089858483,0ecaa5967403d082aa24f35e1b516d23)  -> (artifact id: 'f5d61b58a55397538d531a0d1b9c242a') in 0.005950 seconds
Number of updated asset objects reloaded before import = 0
Number of asset objects unloaded after import = 2
========================================================================
Received Import Request.
  Time since last request: 0.000011 seconds.
  path: Assets/TilePallets/Village and Forest/Village and Forest_257.asset
  artifactKey: Guid(f1a3ebe8bda54644ca7c25bbcb8bd993) Importer(2089858483,0ecaa5967403d082aa24f35e1b516d23)
Start importing Assets/TilePallets/Village and Forest/Village and Forest_257.asset using Guid(f1a3ebe8bda54644ca7c25bbcb8bd993) Importer(2089858483,0ecaa5967403d082aa24f35e1b516d23)  -> (artifact id: '137f01f42d7a196a4ccd1f111d7704d6') in 0.007752 seconds
Number of updated asset objects reloaded before import = 0
Number of asset objects unloaded after import = 2
========================================================================
Received Import Request.
  Time since last request: 0.000010 seconds.
  path: Assets/TilePallets/Village and Forest/Village and Forest_255.asset
  artifactKey: Guid(92e52317ec18de94cbce012dc6738e85) Importer(2089858483,0ecaa5967403d082aa24f35e1b516d23)
Start importing Assets/TilePallets/Village and Forest/Village and Forest_255.asset using Guid(92e52317ec18de94cbce012dc6738e85) Importer(2089858483,0ecaa5967403d082aa24f35e1b516d23)  -> (artifact id: 'f4170d272c0e9e60dcf953b3fb167d40') in 0.007183 seconds
Number of updated asset objects reloaded before import = 0
Number of asset objects unloaded after import = 2
========================================================================
Received Import Request.
  Time since last request: 0.000012 seconds.
  path: Assets/TilePallets/Village and Forest/Village and Forest_256.asset
  artifactKey: Guid(8e6f78128c082474a9b6b594929dfa74) Importer(2089858483,0ecaa5967403d082aa24f35e1b516d23)
Start importing Assets/TilePallets/Village and Forest/Village and Forest_256.asset using Guid(8e6f78128c082474a9b6b594929dfa74) Importer(2089858483,0ecaa5967403d082aa24f35e1b516d23)  -> (artifact id: 'bdb08ca21178884fa9a3dea86f6ff736') in 0.005687 seconds
Number of updated asset objects reloaded before import = 0
Number of asset objects unloaded after import = 2
========================================================================
Received Import Request.
  Time since last request: 0.000011 seconds.
  path: Assets/TilePallets/Village and Forest/Village and Forest_370.asset
  artifactKey: Guid(50edbdbf04efc8d409a52c326134f80d) Importer(2089858483,0ecaa5967403d082aa24f35e1b516d23)
Start importing Assets/TilePallets/Village and Forest/Village and Forest_370.asset using Guid(50edbdbf04efc8d409a52c326134f80d) Importer(2089858483,0ecaa5967403d082aa24f35e1b516d23)  -> (artifact id: '8a0426dddfc10b24c57b087d92df4971') in 0.006407 seconds
Number of updated asset objects reloaded before import = 0
Number of asset objects unloaded after import = 2
========================================================================
Received Import Request.
  Time since last request: 0.000011 seconds.
  path: Assets/Plugins/AssetIcons/Scripts/StyleDefinition.cs
  artifactKey: Guid(d3f847396a7dac947b6a8a04f1503077) Importer(2089858483,0ecaa5967403d082aa24f35e1b516d23)
Start importing Assets/Plugins/AssetIcons/Scripts/StyleDefinition.cs using Guid(d3f847396a7dac947b6a8a04f1503077) Importer(2089858483,0ecaa5967403d082aa24f35e1b516d23)  -> (artifact id: '14bfc9bffb0bd5294d324904ed540298') in 0.009894 seconds
Number of updated asset objects reloaded before import = 0
Number of asset objects unloaded after import = 1
========================================================================
Received Import Request.
  Time since last request: 0.000013 seconds.
  path: Assets/TilePallets/Village and Forest/Village and Forest_75.asset
  artifactKey: Guid(95840c7ea3d98484a8c4b19d568bbf4f) Importer(2089858483,0ecaa5967403d082aa24f35e1b516d23)
Start importing Assets/TilePallets/Village and Forest/Village and Forest_75.asset using Guid(95840c7ea3d98484a8c4b19d568bbf4f) Importer(2089858483,0ecaa5967403d082aa24f35e1b516d23)  -> (artifact id: 'f1793185d943a40c9d1c3bf2579b1bd1') in 0.006031 seconds
Number of updated asset objects reloaded before import = 0
Number of asset objects unloaded after import = 3
========================================================================
Received Import Request.
  Time since last request: 0.000010 seconds.
  path: Assets/TilePallets/Village and Forest/Village and Forest_306.asset
  artifactKey: Guid(ec8879b0c4e3f4d45808550e277a5db9) Importer(2089858483,0ecaa5967403d082aa24f35e1b516d23)
Start importing Assets/TilePallets/Village and Forest/Village and Forest_306.asset using Guid(ec8879b0c4e3f4d45808550e277a5db9) Importer(2089858483,0ecaa5967403d082aa24f35e1b516d23)  -> (artifact id: 'fcdd5cdeaf674d91230627a3492818eb') in 0.006652 seconds
Number of updated asset objects reloaded before import = 0
Number of asset objects unloaded after import = 3
========================================================================
Received Import Request.
  Time since last request: 0.000011 seconds.
  path: Assets/TilePallets/Village and Forest/Village and Forest_68.asset
  artifactKey: Guid(8e700b994801e5c4ba11889b74e63650) Importer(2089858483,0ecaa5967403d082aa24f35e1b516d23)
Start importing Assets/TilePallets/Village and Forest/Village and Forest_68.asset using Guid(8e700b994801e5c4ba11889b74e63650) Importer(2089858483,0ecaa5967403d082aa24f35e1b516d23)  -> (artifact id: '512ab419a65761ee52a2d7aa9ad72790') in 0.006453 seconds
Number of updated asset objects reloaded before import = 0
Number of asset objects unloaded after import = 3
========================================================================
Received Import Request.
  Time since last request: 0.000014 seconds.
  path: Assets/TilePallets/Village and Forest/Village and Forest_297.asset
  artifactKey: Guid(ea3fc57554cd57a43a89d420a1f0d7f6) Importer(2089858483,0ecaa5967403d082aa24f35e1b516d23)
Start importing Assets/TilePallets/Village and Forest/Village and Forest_297.asset using Guid(ea3fc57554cd57a43a89d420a1f0d7f6) Importer(2089858483,0ecaa5967403d082aa24f35e1b516d23)  -> (artifact id: 'aaaa4eb11b206613632b5b6a66e1fb0d') in 0.007238 seconds
Number of updated asset objects reloaded before import = 0
Number of asset objects unloaded after import = 3
========================================================================
Received Import Request.
  Time since last request: 0.000017 seconds.
  path: Assets/TilePallets/Village and Forest/Village and Forest_269.asset
  artifactKey: Guid(69c010ab047737d41a1ad7750de68abd) Importer(2089858483,0ecaa5967403d082aa24f35e1b516d23)
Start importing Assets/TilePallets/Village and Forest/Village and Forest_269.asset using Guid(69c010ab047737d41a1ad7750de68abd) Importer(2089858483,0ecaa5967403d082aa24f35e1b516d23)  -> (artifact id: '94bce4a1969988c313c170e1e0ae6c19') in 0.006438 seconds
Number of updated asset objects reloaded before import = 0
Number of asset objects unloaded after import = 3
========================================================================
Received Import Request.
  Time since last request: 0.000010 seconds.
  path: Assets/TilePallets/Village and Forest/Village and Forest_91.asset
  artifactKey: Guid(00da2e93f2ed1df40bea1ac62873c0ad) Importer(2089858483,0ecaa5967403d082aa24f35e1b516d23)
Start importing Assets/TilePallets/Village and Forest/Village and Forest_91.asset using Guid(00da2e93f2ed1df40bea1ac62873c0ad) Importer(2089858483,0ecaa5967403d082aa24f35e1b516d23)  -> (artifact id: '460a620c1faf8138888efe05ceeb8f07') in 0.005938 seconds
Number of updated asset objects reloaded before import = 0
Number of asset objects unloaded after import = 3
========================================================================
Received Import Request.
  Time since last request: 0.000011 seconds.
  path: Assets/TilePallets/Village and Forest/Village and Forest_349.asset
  artifactKey: Guid(9f4f858c12fe01f48ac039aff6068b0e) Importer(2089858483,0ecaa5967403d082aa24f35e1b516d23)
Start importing Assets/TilePallets/Village and Forest/Village and Forest_349.asset using Guid(9f4f858c12fe01f48ac039aff6068b0e) Importer(2089858483,0ecaa5967403d082aa24f35e1b516d23)  -> (artifact id: 'd41285db640c553241e51f2a301dc34e') in 0.006324 seconds
Number of updated asset objects reloaded before import = 0
Number of asset objects unloaded after import = 2
========================================================================
Received Import Request.
  Time since last request: 0.000011 seconds.
  path: Assets/TilePallets/Village and Forest/Village and Forest_304.asset
  artifactKey: Guid(d8a7f35ee91bc7b498436fc40a9fe593) Importer(2089858483,0ecaa5967403d082aa24f35e1b516d23)
Start importing Assets/TilePallets/Village and Forest/Village and Forest_304.asset using Guid(d8a7f35ee91bc7b498436fc40a9fe593) Importer(2089858483,0ecaa5967403d082aa24f35e1b516d23)  -> (artifact id: 'e004f2ed576cb085ffbc269d1dcd8aa2') in 0.006153 seconds
Number of updated asset objects reloaded before import = 0
Number of asset objects unloaded after import = 3
========================================================================
Received Import Request.
  Time since last request: 0.000010 seconds.
  path: Assets/TilePallets/Village and Forest/Village and Forest_249.asset
  artifactKey: Guid(bed157260a778814da98485613400c89) Importer(2089858483,0ecaa5967403d082aa24f35e1b516d23)
Start importing Assets/TilePallets/Village and Forest/Village and Forest_249.asset using Guid(bed157260a778814da98485613400c89) Importer(2089858483,0ecaa5967403d082aa24f35e1b516d23)  -> (artifact id: '92c4844a6570bcdad6d117a2dcab53e7') in 0.006484 seconds
Number of updated asset objects reloaded before import = 0
Number of asset objects unloaded after import = 3
========================================================================
Received Import Request.
  Time since last request: 0.000012 seconds.
  path: Assets/TilePallets/Village and Forest/Village and Forest_32.asset
  artifactKey: Guid(073d2d41d94eaa94290818e4a573d8a4) Importer(2089858483,0ecaa5967403d082aa24f35e1b516d23)
Start importing Assets/TilePallets/Village and Forest/Village and Forest_32.asset using Guid(073d2d41d94eaa94290818e4a573d8a4) Importer(2089858483,0ecaa5967403d082aa24f35e1b516d23)  -> (artifact id: '13f53b37f6ebbd768479e307a789a9c2') in 0.005625 seconds
Number of updated asset objects reloaded before import = 0
Number of asset objects unloaded after import = 3
========================================================================
Received Import Request.
  Time since last request: 0.000011 seconds.
  path: Assets/TilePallets/Village and Forest/Village and Forest_405.asset
  artifactKey: Guid(56ea084414971474eab8822f3ab2abe1) Importer(2089858483,0ecaa5967403d082aa24f35e1b516d23)
Start importing Assets/TilePallets/Village and Forest/Village and Forest_405.asset using Guid(56ea084414971474eab8822f3ab2abe1) Importer(2089858483,0ecaa5967403d082aa24f35e1b516d23)  -> (artifact id: 'c3948b07443f8c4af5c4ee49509150bb') in 0.007091 seconds
Number of updated asset objects reloaded before import = 0
Number of asset objects unloaded after import = 3
========================================================================
Received Import Request.
  Time since last request: 0.000011 seconds.
  path: Assets/TilePallets/Village and Forest/Village and Forest_40.asset
  artifactKey: Guid(b79762df01ee09447b78eaff5f01e7b9) Importer(2089858483,0ecaa5967403d082aa24f35e1b516d23)
Start importing Assets/TilePallets/Village and Forest/Village and Forest_40.asset using Guid(b79762df01ee09447b78eaff5f01e7b9) Importer(2089858483,0ecaa5967403d082aa24f35e1b516d23)  -> (artifact id: '1a8bc89481fd5da088a0146c36a57997') in 0.006019 seconds
Number of updated asset objects reloaded before import = 0
Number of asset objects unloaded after import = 3
========================================================================
Received Import Request.
  Time since last request: 0.000014 seconds.
  path: Assets/TilePallets/Village and Forest/Village and Forest_442.asset
  artifactKey: Guid(e9690239bded71647a21635d653c0547) Importer(2089858483,0ecaa5967403d082aa24f35e1b516d23)
Start importing Assets/TilePallets/Village and Forest/Village and Forest_442.asset using Guid(e9690239bded71647a21635d653c0547) Importer(2089858483,0ecaa5967403d082aa24f35e1b516d23)  -> (artifact id: '6c208be43e938f943512f489a885afc9') in 0.006053 seconds
Number of updated asset objects reloaded before import = 0
Number of asset objects unloaded after import = 3
========================================================================
Received Import Request.
  Time since last request: 0.000010 seconds.
  path: Assets/Plugins/DiscordGameSDK/x86_64/discord_game_sdk.so
  artifactKey: Guid(bc02326328048624cbd77d0ca481ba3f) Importer(2089858483,0ecaa5967403d082aa24f35e1b516d23)
Start importing Assets/Plugins/DiscordGameSDK/x86_64/discord_game_sdk.so using Guid(bc02326328048624cbd77d0ca481ba3f) Importer(2089858483,0ecaa5967403d082aa24f35e1b516d23)  -> (artifact id: '59ba94ae4762da5fa5dcf8ded56d8f91') in 0.006961 seconds
Number of updated asset objects reloaded before import = 0
Number of asset objects unloaded after import = 1
========================================================================
Received Import Request.
  Time since last request: 0.000012 seconds.
  path: Assets/TilePallets/Village and Forest/Village and Forest_253.asset
  artifactKey: Guid(48684109971f10b4a95e1a3413a172d3) Importer(2089858483,0ecaa5967403d082aa24f35e1b516d23)
Start importing Assets/TilePallets/Village and Forest/Village and Forest_253.asset using Guid(48684109971f10b4a95e1a3413a172d3) Importer(2089858483,0ecaa5967403d082aa24f35e1b516d23)  -> (artifact id: 'e056b8ca40e4737c80572ff69d38e0cc') in 0.006068 seconds
Number of updated asset objects reloaded before import = 0
Number of asset objects unloaded after import = 2
========================================================================
Received Import Request.
  Time since last request: 0.000011 seconds.
  path: Assets/TilePallets/Village and Forest/Village and Forest_62.asset
  artifactKey: Guid(a3083507bd5817f4e8df815cc8e7a4b2) Importer(2089858483,0ecaa5967403d082aa24f35e1b516d23)
Start importing Assets/TilePallets/Village and Forest/Village and Forest_62.asset using Guid(a3083507bd5817f4e8df815cc8e7a4b2) Importer(2089858483,0ecaa5967403d082aa24f35e1b516d23)  -> (artifact id: '343c920cfb4759bf84127bee05a18b4b') in 0.006893 seconds
Number of updated asset objects reloaded before import = 0
Number of asset objects unloaded after import = 3
========================================================================
Received Import Request.
  Time since last request: 0.000014 seconds.
  path: Assets/TilePallets/Village and Forest/Village and Forest_387.asset
  artifactKey: Guid(426689b78e8b9074d9d59711a68b92f7) Importer(2089858483,0ecaa5967403d082aa24f35e1b516d23)
Start importing Assets/TilePallets/Village and Forest/Village and Forest_387.asset using Guid(426689b78e8b9074d9d59711a68b92f7) Importer(2089858483,0ecaa5967403d082aa24f35e1b516d23)  -> (artifact id: 'f13ac9d5ed193fcb59ce389adb00c3cd') in 0.006590 seconds
Number of updated asset objects reloaded before import = 0
Number of asset objects unloaded after import = 3
========================================================================
Received Import Request.
  Time since last request: 0.000011 seconds.
  path: Assets/TilePallets/Village and Forest/Village and Forest_80.asset
  artifactKey: Guid(ffab6d343372d0e46b50bf5ff9319beb) Importer(2089858483,0ecaa5967403d082aa24f35e1b516d23)
Start importing Assets/TilePallets/Village and Forest/Village and Forest_80.asset using Guid(ffab6d343372d0e46b50bf5ff9319beb) Importer(2089858483,0ecaa5967403d082aa24f35e1b516d23)  -> (artifact id: 'd93d2f79c40a87cbf2a059c021ffb303') in 0.005699 seconds
Number of updated asset objects reloaded before import = 0
Number of asset objects unloaded after import = 3
========================================================================
Received Import Request.
  Time since last request: 0.000017 seconds.
  path: Assets/TilePallets/Village and Forest/Village and Forest_421.asset
  artifactKey: Guid(b058141323ca56449879c854f0e7cd28) Importer(2089858483,0ecaa5967403d082aa24f35e1b516d23)
Start importing Assets/TilePallets/Village and Forest/Village and Forest_421.asset using Guid(b058141323ca56449879c854f0e7cd28) Importer(2089858483,0ecaa5967403d082aa24f35e1b516d23)  -> (artifact id: '003a6e0faf5f7b1df8b9f30f33b607f5') in 0.006227 seconds
Number of updated asset objects reloaded before import = 0
Number of asset objects unloaded after import = 2
========================================================================
Received Import Request.
  Time since last request: 0.000010 seconds.
  path: Assets/TilePallets/Village and Forest/Village and Forest_427.asset
  artifactKey: Guid(a6322d9f3ecb93848bea2c50d4b0eaec) Importer(2089858483,0ecaa5967403d082aa24f35e1b516d23)
Start importing Assets/TilePallets/Village and Forest/Village and Forest_427.asset using Guid(a6322d9f3ecb93848bea2c50d4b0eaec) Importer(2089858483,0ecaa5967403d082aa24f35e1b516d23)  -> (artifact id: 'f96cdadc423439646a224e6a5ac7b5fd') in 0.005895 seconds
Number of updated asset objects reloaded before import = 0
Number of asset objects unloaded after import = 3
========================================================================
Received Import Request.
  Time since last request: 0.000013 seconds.
  path: Assets/TilePallets/Village and Forest/Village and Forest_438.asset
  artifactKey: Guid(cedd92cedd96a4e4f98ea041bf37e1b0) Importer(2089858483,0ecaa5967403d082aa24f35e1b516d23)
Start importing Assets/TilePallets/Village and Forest/Village and Forest_438.asset using Guid(cedd92cedd96a4e4f98ea041bf37e1b0) Importer(2089858483,0ecaa5967403d082aa24f35e1b516d23)  -> (artifact id: 'ec2fda493441ef9d5429a47560f93d6e') in 0.006096 seconds
Number of updated asset objects reloaded before import = 0
Number of asset objects unloaded after import = 3
========================================================================
Received Import Request.
  Time since last request: 0.000018 seconds.
  path: Assets/TilePallets/Village and Forest/Village and Forest_303.asset
  artifactKey: Guid(54d08eb5c0d020a4b8ee6b14e465ae46) Importer(2089858483,0ecaa5967403d082aa24f35e1b516d23)
Start importing Assets/TilePallets/Village and Forest/Village and Forest_303.asset using Guid(54d08eb5c0d020a4b8ee6b14e465ae46) Importer(2089858483,0ecaa5967403d082aa24f35e1b516d23)  -> (artifact id: '418e618154a1867d5694e0d5564ad6e1') in 0.006748 seconds
Number of updated asset objects reloaded before import = 0
Number of asset objects unloaded after import = 3
========================================================================
Received Import Request.
  Time since last request: 0.000011 seconds.
  path: Assets/TilePallets/Village and Forest/Village and Forest_278.asset
  artifactKey: Guid(588b2fd80d0a5db43afca5fa6782e228) Importer(2089858483,0ecaa5967403d082aa24f35e1b516d23)
Start importing Assets/TilePallets/Village and Forest/Village and Forest_278.asset using Guid(588b2fd80d0a5db43afca5fa6782e228) Importer(2089858483,0ecaa5967403d082aa24f35e1b516d23)  -> (artifact id: '261bb55a1978fc8a2cfc3e7518b4d72a') in 0.005730 seconds
Number of updated asset objects reloaded before import = 0
Number of asset objects unloaded after import = 3
========================================================================
Received Import Request.
  Time since last request: 0.000010 seconds.
  path: Assets/TilePallets/Village and Forest/Village and Forest_246.asset
  artifactKey: Guid(2d3f1aad0872ffa4583dcd74158e7984) Importer(2089858483,0ecaa5967403d082aa24f35e1b516d23)
Start importing Assets/TilePallets/Village and Forest/Village and Forest_246.asset using Guid(2d3f1aad0872ffa4583dcd74158e7984) Importer(2089858483,0ecaa5967403d082aa24f35e1b516d23)  -> (artifact id: '7f032907a2be917fee5d1282561cd400') in 0.005735 seconds
Number of updated asset objects reloaded before import = 0
Number of asset objects unloaded after import = 3
========================================================================
Received Import Request.
  Time since last request: 0.000010 seconds.
  path: Assets/TilePallets/Village and Forest/Village and Forest_69.asset
  artifactKey: Guid(20082488915ab054c8727e9d00bbb1c7) Importer(2089858483,0ecaa5967403d082aa24f35e1b516d23)
Start importing Assets/TilePallets/Village and Forest/Village and Forest_69.asset using Guid(20082488915ab054c8727e9d00bbb1c7) Importer(2089858483,0ecaa5967403d082aa24f35e1b516d23)  -> (artifact id: 'd0934844d92c30cd982ef9816c2d6c9c') in 0.005615 seconds
Number of updated asset objects reloaded before import = 0
Number of asset objects unloaded after import = 3
========================================================================
Received Import Request.
  Time since last request: 0.000010 seconds.
  path: Assets/TilePallets/Village and Forest/Village and Forest_353.asset
  artifactKey: Guid(7b2f8f46aa73ad241920acd23cab6b40) Importer(2089858483,0ecaa5967403d082aa24f35e1b516d23)
Start importing Assets/TilePallets/Village and Forest/Village and Forest_353.asset using Guid(7b2f8f46aa73ad241920acd23cab6b40) Importer(2089858483,0ecaa5967403d082aa24f35e1b516d23)  -> (artifact id: 'ab8f9e8cd84f0a72aca3b287c9c22de2') in 0.006727 seconds
Number of updated asset objects reloaded before import = 0
Number of asset objects unloaded after import = 3
========================================================================
Received Import Request.
  Time since last request: 0.000013 seconds.
  path: Assets/TilePallets/Village and Forest/Village and Forest_398.asset
  artifactKey: Guid(ba3f9f85de919d241a5439b718999b23) Importer(2089858483,0ecaa5967403d082aa24f35e1b516d23)
Start importing Assets/TilePallets/Village and Forest/Village and Forest_398.asset using Guid(ba3f9f85de919d241a5439b718999b23) Importer(2089858483,0ecaa5967403d082aa24f35e1b516d23)  -> (artifact id: '10616d1e0a3c629f8aecbdd953ca2e2f') in 0.007938 seconds
Number of updated asset objects reloaded before import = 0
Number of asset objects unloaded after import = 2
========================================================================
Received Import Request.
  Time since last request: 0.000014 seconds.
  path: Assets/TilePallets/Village and Forest/Village and Forest_98.asset
  artifactKey: Guid(4f9ed51793b71d6419a5c99ff7224e50) Importer(2089858483,0ecaa5967403d082aa24f35e1b516d23)
Start importing Assets/TilePallets/Village and Forest/Village and Forest_98.asset using Guid(4f9ed51793b71d6419a5c99ff7224e50) Importer(2089858483,0ecaa5967403d082aa24f35e1b516d23)  -> (artifact id: '64bafd26b4c8a908dd914eada5280c15') in 0.005963 seconds
Number of updated asset objects reloaded before import = 0
Number of asset objects unloaded after import = 3
========================================================================
Received Import Request.
  Time since last request: 0.000010 seconds.
  path: Assets/TilePallets/Village and Forest/Village and Forest_397.asset
  artifactKey: Guid(1cfc4f5ef039e264899d82fc592fe031) Importer(2089858483,0ecaa5967403d082aa24f35e1b516d23)
Start importing Assets/TilePallets/Village and Forest/Village and Forest_397.asset using Guid(1cfc4f5ef039e264899d82fc592fe031) Importer(2089858483,0ecaa5967403d082aa24f35e1b516d23)  -> (artifact id: '493f8c6b4d96ebf80f3f4fe27233df9d') in 0.017632 seconds
Number of updated asset objects reloaded before import = 0
Number of asset objects unloaded after import = 2
========================================================================
Received Import Request.
  Time since last request: 0.000011 seconds.
  path: Assets/TilePallets/Village and Forest/Village and Forest_268.asset
  artifactKey: Guid(a21bf3696d605e847b0d792098a1d910) Importer(2089858483,0ecaa5967403d082aa24f35e1b516d23)
Start importing Assets/TilePallets/Village and Forest/Village and Forest_268.asset using Guid(a21bf3696d605e847b0d792098a1d910) Importer(2089858483,0ecaa5967403d082aa24f35e1b516d23)  -> (artifact id: 'afc2856087e1e1be366522fe6aa97c08') in 0.092408 seconds
Number of updated asset objects reloaded before import = 0
Number of asset objects unloaded after import = 3
========================================================================
Received Import Request.
  Time since last request: 0.000014 seconds.
  path: Assets/TilePallets/Village and Forest/Village and Forest_432.asset
  artifactKey: Guid(dd1f7d8c0b1cbae4ba0275863d57695c) Importer(2089858483,0ecaa5967403d082aa24f35e1b516d23)
Start importing Assets/TilePallets/Village and Forest/Village and Forest_432.asset using Guid(dd1f7d8c0b1cbae4ba0275863d57695c) Importer(2089858483,0ecaa5967403d082aa24f35e1b516d23)  -> (artifact id: 'e6837cabd4d7ea407badb617697ced77') in 0.009117 seconds
Number of updated asset objects reloaded before import = 0
Number of asset objects unloaded after import = 3
========================================================================
Received Import Request.
  Time since last request: 0.000017 seconds.
  path: Assets/TilePallets/Village and Forest/Village and Forest_270.asset
  artifactKey: Guid(60ca981d0d7557149b6852e86ebae460) Importer(2089858483,0ecaa5967403d082aa24f35e1b516d23)
Start importing Assets/TilePallets/Village and Forest/Village and Forest_270.asset using Guid(60ca981d0d7557149b6852e86ebae460) Importer(2089858483,0ecaa5967403d082aa24f35e1b516d23)  -> (artifact id: '257947930f24d043195ecf4b9d90dd68') in 0.043525 seconds
Number of updated asset objects reloaded before import = 0
Number of asset objects unloaded after import = 3
========================================================================
Received Import Request.
  Time since last request: 0.000010 seconds.
  path: Assets/TilePallets/Village and Forest/Village and Forest_229.asset
  artifactKey: Guid(9ac4b8384216bb445b16d8f91cc89c5a) Importer(2089858483,0ecaa5967403d082aa24f35e1b516d23)
Start importing Assets/TilePallets/Village and Forest/Village and Forest_229.asset using Guid(9ac4b8384216bb445b16d8f91cc89c5a) Importer(2089858483,0ecaa5967403d082aa24f35e1b516d23)  -> (artifact id: '4d4779500a786ed65dce59ecbc3a54f1') in 0.048187 seconds
Number of updated asset objects reloaded before import = 0
Number of asset objects unloaded after import = 2
========================================================================
Received Import Request.
  Time since last request: 0.000017 seconds.
  path: Assets/TilePallets/Village and Forest/Village and Forest_275.asset
  artifactKey: Guid(0bae43b3682858541abb69b5cde85a12) Importer(2089858483,0ecaa5967403d082aa24f35e1b516d23)
Start importing Assets/TilePallets/Village and Forest/Village and Forest_275.asset using Guid(0bae43b3682858541abb69b5cde85a12) Importer(2089858483,0ecaa5967403d082aa24f35e1b516d23)  -> (artifact id: 'e84980c56e5a382db37c06aadb3ebf56') in 0.006856 seconds
Number of updated asset objects reloaded before import = 0
Number of asset objects unloaded after import = 3
========================================================================
Received Import Request.
  Time since last request: 0.000010 seconds.
  path: Assets/TilePallets/Village and Forest/Village and Forest_371.asset
  artifactKey: Guid(28d2f2d6bfbbfce4bb8e0a09b3709863) Importer(2089858483,0ecaa5967403d082aa24f35e1b516d23)
Start importing Assets/TilePallets/Village and Forest/Village and Forest_371.asset using Guid(28d2f2d6bfbbfce4bb8e0a09b3709863) Importer(2089858483,0ecaa5967403d082aa24f35e1b516d23)  -> (artifact id: '3170b4c5784378ffc93e345dee102ffb') in 0.006274 seconds
Number of updated asset objects reloaded before import = 0
Number of asset objects unloaded after import = 2
========================================================================
Received Import Request.
  Time since last request: 0.000011 seconds.
  path: Assets/TilePallets/Village and Forest/Village and Forest_320.asset
  artifactKey: Guid(3c086fda6686dda4a8f25a48cfc83942) Importer(2089858483,0ecaa5967403d082aa24f35e1b516d23)
Start importing Assets/TilePallets/Village and Forest/Village and Forest_320.asset using Guid(3c086fda6686dda4a8f25a48cfc83942) Importer(2089858483,0ecaa5967403d082aa24f35e1b516d23)  -> (artifact id: '182c86e95762e3d06ce4f66fd2932d8e') in 0.006954 seconds
Number of updated asset objects reloaded before import = 0
Number of asset objects unloaded after import = 2
========================================================================
Received Import Request.
  Time since last request: 0.000011 seconds.
  path: Assets/TilePallets/Village and Forest/Village and Forest_328.asset
  artifactKey: Guid(1915aef1aebc7e540a5da837a31465d9) Importer(2089858483,0ecaa5967403d082aa24f35e1b516d23)
Start importing Assets/TilePallets/Village and Forest/Village and Forest_328.asset using Guid(1915aef1aebc7e540a5da837a31465d9) Importer(2089858483,0ecaa5967403d082aa24f35e1b516d23)  -> (artifact id: 'daa583e4e27c38ae018cc83a88d544ca') in 0.006306 seconds
Number of updated asset objects reloaded before import = 0
Number of asset objects unloaded after import = 3
========================================================================
Received Import Request.
  Time since last request: 0.000012 seconds.
  path: Assets/TilePallets/Village and Forest/Village and Forest_34.asset
  artifactKey: Guid(d8a15cf74aaa8f744bb79f89227394cc) Importer(2089858483,0ecaa5967403d082aa24f35e1b516d23)
Start importing Assets/TilePallets/Village and Forest/Village and Forest_34.asset using Guid(d8a15cf74aaa8f744bb79f89227394cc) Importer(2089858483,0ecaa5967403d082aa24f35e1b516d23)  -> (artifact id: 'e287568ef70f2459fa223d45b5b594d8') in 0.008521 seconds
Number of updated asset objects reloaded before import = 0
Number of asset objects unloaded after import = 3
========================================================================
Received Import Request.
  Time since last request: 0.000012 seconds.
  path: Assets/TilePallets/Village and Forest/Village and Forest_336.asset
  artifactKey: Guid(0163a21f24c80044b886710fd8e3dfa3) Importer(2089858483,0ecaa5967403d082aa24f35e1b516d23)
Start importing Assets/TilePallets/Village and Forest/Village and Forest_336.asset using Guid(0163a21f24c80044b886710fd8e3dfa3) Importer(2089858483,0ecaa5967403d082aa24f35e1b516d23)  -> (artifact id: 'c1dfc8e0c83c9057c153187a9895ba0c') in 0.007401 seconds
Number of updated asset objects reloaded before import = 0
Number of asset objects unloaded after import = 3
========================================================================
Received Import Request.
  Time since last request: 0.000018 seconds.
  path: Assets/TilePallets/Village and Forest/Village and Forest_88.asset
  artifactKey: Guid(17b65faa80040e5498b5736b5f6532a4) Importer(2089858483,0ecaa5967403d082aa24f35e1b516d23)
Start importing Assets/TilePallets/Village and Forest/Village and Forest_88.asset using Guid(17b65faa80040e5498b5736b5f6532a4) Importer(2089858483,0ecaa5967403d082aa24f35e1b516d23)  -> (artifact id: 'af6b22af0195f490e2460ece979ea863') in 0.006456 seconds
Number of updated asset objects reloaded before import = 0
Number of asset objects unloaded after import = 3
========================================================================
Received Import Request.
  Time since last request: 0.000010 seconds.
  path: Assets/TilePallets/Village and Forest/Village and Forest_28.asset
  artifactKey: Guid(448a2ce25a7215848998e19ea928f5f8) Importer(2089858483,0ecaa5967403d082aa24f35e1b516d23)
Start importing Assets/TilePallets/Village and Forest/Village and Forest_28.asset using Guid(448a2ce25a7215848998e19ea928f5f8) Importer(2089858483,0ecaa5967403d082aa24f35e1b516d23)  -> (artifact id: '7aa2d896de17b6d7022a948aa6f2e2ae') in 0.006551 seconds
Number of updated asset objects reloaded before import = 0
Number of asset objects unloaded after import = 3
========================================================================
Received Import Request.
  Time since last request: 0.000019 seconds.
  path: Assets/TilePallets/Village and Forest/Village and Forest_342.asset
  artifactKey: Guid(2cb04c0dd61e1424a827bb06daffcbe3) Importer(2089858483,0ecaa5967403d082aa24f35e1b516d23)
Start importing Assets/TilePallets/Village and Forest/Village and Forest_342.asset using Guid(2cb04c0dd61e1424a827bb06daffcbe3) Importer(2089858483,0ecaa5967403d082aa24f35e1b516d23)  -> (artifact id: 'bdf5e8754af7df02b7e6cee12644511b') in 0.006554 seconds
Number of updated asset objects reloaded before import = 0
Number of asset objects unloaded after import = 2
========================================================================
Received Import Request.
  Time since last request: 0.000011 seconds.
  path: Assets/Plugins/AssetIcons/Scripts/IconProjection.cs
  artifactKey: Guid(6b41f21ab2310164e95b76b85dda76a2) Importer(2089858483,0ecaa5967403d082aa24f35e1b516d23)
Start importing Assets/Plugins/AssetIcons/Scripts/IconProjection.cs using Guid(6b41f21ab2310164e95b76b85dda76a2) Importer(2089858483,0ecaa5967403d082aa24f35e1b516d23)  -> (artifact id: '72838ca773ed5738e1016a3c40293afa') in 0.003698 seconds
Number of updated asset objects reloaded before import = 0
Number of asset objects unloaded after import = 1
========================================================================
Received Import Request.
  Time since last request: 0.000011 seconds.
  path: Assets/Plugins/Demigiant/DOTween/readme.txt
  artifactKey: Guid(fccfc62abf2eb0a4db614853430894fd) Importer(2089858483,0ecaa5967403d082aa24f35e1b516d23)
Start importing Assets/Plugins/Demigiant/DOTween/readme.txt using Guid(fccfc62abf2eb0a4db614853430894fd) Importer(2089858483,0ecaa5967403d082aa24f35e1b516d23)  -> (artifact id: 'afca7b808930e66f8efd95e7920d6d77') in 0.016646 seconds
Number of updated asset objects reloaded before import = 0
Number of asset objects unloaded after import = 1
========================================================================
Received Import Request.
  Time since last request: 0.000011 seconds.
  path: Assets/TilePallets/Village and Forest/Village and Forest_251.asset
  artifactKey: Guid(2008bf82a6c97e742b384a6e11264f91) Importer(2089858483,0ecaa5967403d082aa24f35e1b516d23)
Start importing Assets/TilePallets/Village and Forest/Village and Forest_251.asset using Guid(2008bf82a6c97e742b384a6e11264f91) Importer(2089858483,0ecaa5967403d082aa24f35e1b516d23)  -> (artifact id: 'e771d1d003c89686f42d3f95f9a31fb1') in 0.006934 seconds
Number of updated asset objects reloaded before import = 0
Number of asset objects unloaded after import = 3
========================================================================
Received Import Request.
  Time since last request: 0.000010 seconds.
  path: Assets/TilePallets/Village and Forest/Village and Forest_413.asset
  artifactKey: Guid(c063a01d42d448549b7f8d972e8a24fd) Importer(2089858483,0ecaa5967403d082aa24f35e1b516d23)
Start importing Assets/TilePallets/Village and Forest/Village and Forest_413.asset using Guid(c063a01d42d448549b7f8d972e8a24fd) Importer(2089858483,0ecaa5967403d082aa24f35e1b516d23)  -> (artifact id: '24850c664cdab45327d9231be6d900da') in 0.007778 seconds
Number of updated asset objects reloaded before import = 0
Number of asset objects unloaded after import = 2
========================================================================
Received Import Request.
  Time since last request: 0.000011 seconds.
  path: Assets/TilePallets/Village and Forest/Village and Forest_287.asset
  artifactKey: Guid(8be6f9999973b8c4ea13d85f487c188f) Importer(2089858483,0ecaa5967403d082aa24f35e1b516d23)
Start importing Assets/TilePallets/Village and Forest/Village and Forest_287.asset using Guid(8be6f9999973b8c4ea13d85f487c188f) Importer(2089858483,0ecaa5967403d082aa24f35e1b516d23)  -> (artifact id: '37d1b526ed3fc52c310661d38cefe14a') in 0.007560 seconds
Number of updated asset objects reloaded before import = 0
Number of asset objects unloaded after import = 2
========================================================================
Received Import Request.
  Time since last request: 0.000013 seconds.
  path: Assets/Plugins/AssetIcons/Scripts/AssetIcons.cs
  artifactKey: Guid(5c39285a05384c54ea84a910dc4973ed) Importer(2089858483,0ecaa5967403d082aa24f35e1b516d23)
Start importing Assets/Plugins/AssetIcons/Scripts/AssetIcons.cs using Guid(5c39285a05384c54ea84a910dc4973ed) Importer(2089858483,0ecaa5967403d082aa24f35e1b516d23)  -> (artifact id: '66b28800edcbfbffced5b02e5eb1d5d0') in 0.004478 seconds
Number of updated asset objects reloaded before import = 0
Number of asset objects unloaded after import = 1
========================================================================
Received Import Request.
  Time since last request: 0.000011 seconds.
  path: Assets/TilePallets/Village and Forest/Village and Forest_339.asset
  artifactKey: Guid(4c95dfb9dbbf6e44d9365d9da0315f58) Importer(2089858483,0ecaa5967403d082aa24f35e1b516d23)
Start importing Assets/TilePallets/Village and Forest/Village and Forest_339.asset using Guid(4c95dfb9dbbf6e44d9365d9da0315f58) Importer(2089858483,0ecaa5967403d082aa24f35e1b516d23)  -> (artifact id: 'a6f784bbef4e544213a89a641ad7b3de') in 0.006137 seconds
Number of updated asset objects reloaded before import = 0
Number of asset objects unloaded after import = 2
========================================================================
Received Import Request.
  Time since last request: 0.000011 seconds.
  path: Assets/TilePallets/Village and Forest/Village and Forest_36.asset
  artifactKey: Guid(26aa666d5553bfd4781b2bb0ec10b2e8) Importer(2089858483,0ecaa5967403d082aa24f35e1b516d23)
Start importing Assets/TilePallets/Village and Forest/Village and Forest_36.asset using Guid(26aa666d5553bfd4781b2bb0ec10b2e8) Importer(2089858483,0ecaa5967403d082aa24f35e1b516d23)  -> (artifact id: '229bca9081224e49434101809f22466d') in 0.005680 seconds
Number of updated asset objects reloaded before import = 0
Number of asset objects unloaded after import = 3
========================================================================
Received Import Request.
  Time since last request: 0.000010 seconds.
  path: Assets/TilePallets/Village and Forest/Village and Forest_238.asset
  artifactKey: Guid(c935cf0c6aae16d46a0942ca7f39cd29) Importer(2089858483,0ecaa5967403d082aa24f35e1b516d23)
Start importing Assets/TilePallets/Village and Forest/Village and Forest_238.asset using Guid(c935cf0c6aae16d46a0942ca7f39cd29) Importer(2089858483,0ecaa5967403d082aa24f35e1b516d23)  -> (artifact id: 'a464ead11d3cf9b0e7303ee6732d598e') in 0.006651 seconds
Number of updated asset objects reloaded before import = 0
Number of asset objects unloaded after import = 3
========================================================================
Received Import Request.
  Time since last request: 0.000012 seconds.
  path: Assets/TilePallets/Village and Forest/Village and Forest_51.asset
  artifactKey: Guid(e23e9456a7bc3984783c89b2ea136bea) Importer(2089858483,0ecaa5967403d082aa24f35e1b516d23)
Start importing Assets/TilePallets/Village and Forest/Village and Forest_51.asset using Guid(e23e9456a7bc3984783c89b2ea136bea) Importer(2089858483,0ecaa5967403d082aa24f35e1b516d23)  -> (artifact id: 'e7c3c8bb770e2cd5169d54db770680e3') in 0.006713 seconds
Number of updated asset objects reloaded before import = 0
Number of asset objects unloaded after import = 3
========================================================================
Received Import Request.
  Time since last request: 0.000012 seconds.
  path: Assets/TilePallets/Village and Forest/Village and Forest_248.asset
  artifactKey: Guid(d2ff5dcf2ef725b4ebeba397656919ac) Importer(2089858483,0ecaa5967403d082aa24f35e1b516d23)
Start importing Assets/TilePallets/Village and Forest/Village and Forest_248.asset using Guid(d2ff5dcf2ef725b4ebeba397656919ac) Importer(2089858483,0ecaa5967403d082aa24f35e1b516d23)  -> (artifact id: 'e71272a8d06fce2eb1840de983e2dfaf') in 0.007551 seconds
Number of updated asset objects reloaded before import = 0
Number of asset objects unloaded after import = 3
========================================================================
Received Import Request.
  Time since last request: 0.000013 seconds.
  path: Assets/TilePallets/Village and Forest/Village and Forest_59.asset
  artifactKey: Guid(3f4e5c66a689d8443a03067855b6ccbf) Importer(2089858483,0ecaa5967403d082aa24f35e1b516d23)
Start importing Assets/TilePallets/Village and Forest/Village and Forest_59.asset using Guid(3f4e5c66a689d8443a03067855b6ccbf) Importer(2089858483,0ecaa5967403d082aa24f35e1b516d23)  -> (artifact id: 'b4dc584ec82f597fad0f03c81a4cf993') in 0.006806 seconds
Number of updated asset objects reloaded before import = 0
Number of asset objects unloaded after import = 3
========================================================================
Received Import Request.
  Time since last request: 0.000017 seconds.
  path: Assets/TilePallets/Village and Forest/Village and Forest_302.asset
  artifactKey: Guid(58f1d5ddb0bf9d245a57eefae95c5bb1) Importer(2089858483,0ecaa5967403d082aa24f35e1b516d23)
Start importing Assets/TilePallets/Village and Forest/Village and Forest_302.asset using Guid(58f1d5ddb0bf9d245a57eefae95c5bb1) Importer(2089858483,0ecaa5967403d082aa24f35e1b516d23)  -> (artifact id: 'd5860a8d465916e0acae8ca68dcf1639') in 0.007627 seconds
Number of updated asset objects reloaded before import = 0
Number of asset objects unloaded after import = 3
========================================================================
Received Import Request.
  Time since last request: 0.000011 seconds.
  path: Assets/TilePallets/Village and Forest/Village and Forest_63.asset
  artifactKey: Guid(07a53146cdca1844eac34b0a74356894) Importer(2089858483,0ecaa5967403d082aa24f35e1b516d23)
Start importing Assets/TilePallets/Village and Forest/Village and Forest_63.asset using Guid(07a53146cdca1844eac34b0a74356894) Importer(2089858483,0ecaa5967403d082aa24f35e1b516d23)  -> (artifact id: 'd4db4f51e122d6da9f1d73023c25d946') in 0.005726 seconds
Number of updated asset objects reloaded before import = 0
Number of asset objects unloaded after import = 3
========================================================================
Received Import Request.
  Time since last request: 0.000011 seconds.
  path: Assets/TilePallets/Village and Forest/Village and Forest_92.asset
  artifactKey: Guid(7ca13edb3fe38f741af4f7255dba21ab) Importer(2089858483,0ecaa5967403d082aa24f35e1b516d23)
Start importing Assets/TilePallets/Village and Forest/Village and Forest_92.asset using Guid(7ca13edb3fe38f741af4f7255dba21ab) Importer(2089858483,0ecaa5967403d082aa24f35e1b516d23)  -> (artifact id: '7c384034b82320d216e70f08fc5a5e31') in 0.005935 seconds
Number of updated asset objects reloaded before import = 0
Number of asset objects unloaded after import = 3
========================================================================
Received Import Request.
  Time since last request: 0.000010 seconds.
  path: Assets/TilePallets/Village and Forest/Village and Forest_8.asset
  artifactKey: Guid(a0be415e2c3feeb498dacf013beb2ac1) Importer(2089858483,0ecaa5967403d082aa24f35e1b516d23)
Start importing Assets/TilePallets/Village and Forest/Village and Forest_8.asset using Guid(a0be415e2c3feeb498dacf013beb2ac1) Importer(2089858483,0ecaa5967403d082aa24f35e1b516d23)  -> (artifact id: '22ee59e8caa843a968ee0ec67b7f47f6') in 0.005751 seconds
Number of updated asset objects reloaded before import = 0
Number of asset objects unloaded after import = 3
========================================================================
Received Import Request.
  Time since last request: 0.000010 seconds.
  path: Assets/TilePallets/Village and Forest/Village and Forest_9.asset
  artifactKey: Guid(bbc2f68356742dd4289417e41912be9f) Importer(2089858483,0ecaa5967403d082aa24f35e1b516d23)
Start importing Assets/TilePallets/Village and Forest/Village and Forest_9.asset using Guid(bbc2f68356742dd4289417e41912be9f) Importer(2089858483,0ecaa5967403d082aa24f35e1b516d23)  -> (artifact id: '4163b5d117a78f852cca96bde45d28ad') in 0.006685 seconds
Number of updated asset objects reloaded before import = 0
Number of asset objects unloaded after import = 3
========================================================================
Received Import Request.
  Time since last request: 0.000011 seconds.
  path: Assets/TilePallets/Village and Forest/Village and Forest_416.asset
  artifactKey: Guid(7ec6376c35bd7954a9dca80cba9ab370) Importer(2089858483,0ecaa5967403d082aa24f35e1b516d23)
Start importing Assets/TilePallets/Village and Forest/Village and Forest_416.asset using Guid(7ec6376c35bd7954a9dca80cba9ab370) Importer(2089858483,0ecaa5967403d082aa24f35e1b516d23)  -> (artifact id: 'ce5430d7b6e48954feca814c92ddd4c0') in 0.006781 seconds
Number of updated asset objects reloaded before import = 0
Number of asset objects unloaded after import = 2
========================================================================
Received Import Request.
  Time since last request: 0.000012 seconds.
  path: Assets/TilePallets/Village and Forest/Village and Forest_56.asset
  artifactKey: Guid(3c0debe77cd686949b715853da3d2fb1) Importer(2089858483,0ecaa5967403d082aa24f35e1b516d23)
Start importing Assets/TilePallets/Village and Forest/Village and Forest_56.asset using Guid(3c0debe77cd686949b715853da3d2fb1) Importer(2089858483,0ecaa5967403d082aa24f35e1b516d23)  -> (artifact id: '13feb23a5323c20d9a952e1fcfbcaf86') in 0.006545 seconds
Number of updated asset objects reloaded before import = 0
Number of asset objects unloaded after import = 3
========================================================================
Received Import Request.
  Time since last request: 0.000013 seconds.
  path: Assets/TilePallets/Village and Forest/Village and Forest_419.asset
  artifactKey: Guid(acfae54751bde6c4fb501960b07de9b8) Importer(2089858483,0ecaa5967403d082aa24f35e1b516d23)
Start importing Assets/TilePallets/Village and Forest/Village and Forest_419.asset using Guid(acfae54751bde6c4fb501960b07de9b8) Importer(2089858483,0ecaa5967403d082aa24f35e1b516d23)  -> (artifact id: '1523e71a43cbd02def89912ba8717a66') in 0.008225 seconds
Number of updated asset objects reloaded before import = 0
Number of asset objects unloaded after import = 2
========================================================================
Received Import Request.
  Time since last request: 0.000014 seconds.
  path: Assets/TilePallets/Village and Forest/Village and Forest_55.asset
  artifactKey: Guid(beaaac0635dc72849b2d9b1733ab5fb8) Importer(2089858483,0ecaa5967403d082aa24f35e1b516d23)
Start importing Assets/TilePallets/Village and Forest/Village and Forest_55.asset using Guid(beaaac0635dc72849b2d9b1733ab5fb8) Importer(2089858483,0ecaa5967403d082aa24f35e1b516d23)  -> (artifact id: 'ece2b6b90dd2a0fbc26316ab36edb2a2') in 0.007606 seconds
Number of updated asset objects reloaded before import = 0
Number of asset objects unloaded after import = 3
========================================================================
Received Import Request.
  Time since last request: 0.000014 seconds.
  path: Assets/TilePallets/Village and Forest/Village and Forest_4.asset
  artifactKey: Guid(98cbdcde74918f64199d20e77ab87fde) Importer(2089858483,0ecaa5967403d082aa24f35e1b516d23)
Start importing Assets/TilePallets/Village and Forest/Village and Forest_4.asset using Guid(98cbdcde74918f64199d20e77ab87fde) Importer(2089858483,0ecaa5967403d082aa24f35e1b516d23)  -> (artifact id: 'd51132527b652daa9df92d345bfc2a27') in 0.006703 seconds
Number of updated asset objects reloaded before import = 0
Number of asset objects unloaded after import = 3
========================================================================
Received Import Request.
  Time since last request: 0.000011 seconds.
  path: Assets/TilePallets/Village and Forest/Village and Forest_64.asset
  artifactKey: Guid(5216a60a660507d4ba3a4a7e51d31331) Importer(2089858483,0ecaa5967403d082aa24f35e1b516d23)
Start importing Assets/TilePallets/Village and Forest/Village and Forest_64.asset using Guid(5216a60a660507d4ba3a4a7e51d31331) Importer(2089858483,0ecaa5967403d082aa24f35e1b516d23)  -> (artifact id: '93f933c25614d7119d599c4c60431662') in 0.007120 seconds
Number of updated asset objects reloaded before import = 0
Number of asset objects unloaded after import = 3
========================================================================
Received Import Request.
  Time since last request: 0.000018 seconds.
  path: Assets/TilePallets/Village and Forest/Village and Forest_395.asset
  artifactKey: Guid(2ce81fa118361b64ab609636ded83bec) Importer(2089858483,0ecaa5967403d082aa24f35e1b516d23)
Start importing Assets/TilePallets/Village and Forest/Village and Forest_395.asset using Guid(2ce81fa118361b64ab609636ded83bec) Importer(2089858483,0ecaa5967403d082aa24f35e1b516d23)  -> (artifact id: 'b4ce087b13b359ad03d091861b732184') in 0.006901 seconds
Number of updated asset objects reloaded before import = 0
Number of asset objects unloaded after import = 2
========================================================================
Received Import Request.
  Time since last request: 0.000011 seconds.
  path: Assets/TilePallets/Village and Forest/Village and Forest_95.asset
  artifactKey: Guid(b63ac40a9d058bc469e5a655f314c4d3) Importer(2089858483,0ecaa5967403d082aa24f35e1b516d23)
Start importing Assets/TilePallets/Village and Forest/Village and Forest_95.asset using Guid(b63ac40a9d058bc469e5a655f314c4d3) Importer(2089858483,0ecaa5967403d082aa24f35e1b516d23)  -> (artifact id: '07642439232fa9fc4c9d69fa21a87d49') in 0.006603 seconds
Number of updated asset objects reloaded before import = 0
Number of asset objects unloaded after import = 3
========================================================================
Received Import Request.
  Time since last request: 0.000011 seconds.
  path: Assets/TilePallets/Village and Forest/Village and Forest_386.asset
  artifactKey: Guid(b4e9588bd3781744f83f2f143e7fb881) Importer(2089858483,0ecaa5967403d082aa24f35e1b516d23)
Start importing Assets/TilePallets/Village and Forest/Village and Forest_386.asset using Guid(b4e9588bd3781744f83f2f143e7fb881) Importer(2089858483,0ecaa5967403d082aa24f35e1b516d23)  -> (artifact id: '453380b1457335353a6dc6a276967e1d') in 0.005646 seconds
Number of updated asset objects reloaded before import = 0
Number of asset objects unloaded after import = 3
========================================================================
Received Import Request.
  Time since last request: 0.000011 seconds.
  path: Assets/TilePallets/Village and Forest/Village and Forest_259.asset
  artifactKey: Guid(10a22ff0e86ad054aa9a1f0d7b77d200) Importer(2089858483,0ecaa5967403d082aa24f35e1b516d23)
Start importing Assets/TilePallets/Village and Forest/Village and Forest_259.asset using Guid(10a22ff0e86ad054aa9a1f0d7b77d200) Importer(2089858483,0ecaa5967403d082aa24f35e1b516d23)  -> (artifact id: '86e90eb76dd56269283ba4c53991aaf0') in 0.006116 seconds
Number of updated asset objects reloaded before import = 0
Number of asset objects unloaded after import = 2
========================================================================
Received Import Request.
  Time since last request: 0.000013 seconds.
  path: Assets/TilePallets/Village and Forest/Village and Forest_364.asset
  artifactKey: Guid(d094a2cb9d3b63d48876e71e9fa8ff80) Importer(2089858483,0ecaa5967403d082aa24f35e1b516d23)
Start importing Assets/TilePallets/Village and Forest/Village and Forest_364.asset using Guid(d094a2cb9d3b63d48876e71e9fa8ff80) Importer(2089858483,0ecaa5967403d082aa24f35e1b516d23)  -> (artifact id: '5630cff4aa41b0150540361df1df901e') in 0.006603 seconds
Number of updated asset objects reloaded before import = 0
Number of asset objects unloaded after import = 3
========================================================================
Received Import Request.
  Time since last request: 0.000018 seconds.
  path: Assets/TilePallets/Village and Forest/Village and Forest_394.asset
  artifactKey: Guid(94a0a87b678ae6d44a6a61ec8d7bf660) Importer(2089858483,0ecaa5967403d082aa24f35e1b516d23)
Start importing Assets/TilePallets/Village and Forest/Village and Forest_394.asset using Guid(94a0a87b678ae6d44a6a61ec8d7bf660) Importer(2089858483,0ecaa5967403d082aa24f35e1b516d23)  -> (artifact id: 'c41d616745757975feaa73484396679d') in 0.007100 seconds
Number of updated asset objects reloaded before import = 0
Number of asset objects unloaded after import = 2
========================================================================
Received Import Request.
  Time since last request: 0.000012 seconds.
  path: Assets/TilePallets/Village and Forest/Village and Forest_389.asset
  artifactKey: Guid(7ce56506547305c4a8168822fb724332) Importer(2089858483,0ecaa5967403d082aa24f35e1b516d23)
Start importing Assets/TilePallets/Village and Forest/Village and Forest_389.asset using Guid(7ce56506547305c4a8168822fb724332) Importer(2089858483,0ecaa5967403d082aa24f35e1b516d23)  -> (artifact id: '3eaf2813a27678f90f3a9a4b693ebb53') in 0.005765 seconds
Number of updated asset objects reloaded before import = 0
Number of asset objects unloaded after import = 3
========================================================================
Received Import Request.
  Time since last request: 0.000012 seconds.
  path: Assets/TilePallets/Village and Forest/Village and Forest_300b.asset
  artifactKey: Guid(f55d0f66818fd0b469d012fef33e8744) Importer(2089858483,0ecaa5967403d082aa24f35e1b516d23)
Start importing Assets/TilePallets/Village and Forest/Village and Forest_300b.asset using Guid(f55d0f66818fd0b469d012fef33e8744) Importer(2089858483,0ecaa5967403d082aa24f35e1b516d23)  -> (artifact id: 'f0c5594d7bc1b0d4c365b9d839258283') in 0.006360 seconds
Number of updated asset objects reloaded before import = 0
Number of asset objects unloaded after import = 3
========================================================================
Received Import Request.
  Time since last request: 0.000012 seconds.
  path: Assets/TilePallets/Village and Forest/Village and Forest_313.asset
  artifactKey: Guid(ee4e49d425b9285498d0546b5abea951) Importer(2089858483,0ecaa5967403d082aa24f35e1b516d23)
Start importing Assets/TilePallets/Village and Forest/Village and Forest_313.asset using Guid(ee4e49d425b9285498d0546b5abea951) Importer(2089858483,0ecaa5967403d082aa24f35e1b516d23)  -> (artifact id: '521a1662c5b7fe1cc117b074b9416dc9') in 0.005672 seconds
Number of updated asset objects reloaded before import = 0
Number of asset objects unloaded after import = 2
========================================================================
Received Import Request.
  Time since last request: 0.000011 seconds.
  path: Assets/TilePallets/Village and Forest/Village and Forest_23.asset
  artifactKey: Guid(4ed4efb0a3a8c754aad865ee2b716812) Importer(2089858483,0ecaa5967403d082aa24f35e1b516d23)
Start importing Assets/TilePallets/Village and Forest/Village and Forest_23.asset using Guid(4ed4efb0a3a8c754aad865ee2b716812) Importer(2089858483,0ecaa5967403d082aa24f35e1b516d23)  -> (artifact id: 'e28703c79ef3a4fb40570e721779cbc2') in 0.006406 seconds
Number of updated asset objects reloaded before import = 0
Number of asset objects unloaded after import = 3
========================================================================
Received Import Request.
  Time since last request: 0.000012 seconds.
  path: Assets/TilePallets/Village and Forest/Village and Forest_381.asset
  artifactKey: Guid(9ac1d2e3c5e64a644813e674bf2721f4) Importer(2089858483,0ecaa5967403d082aa24f35e1b516d23)
Start importing Assets/TilePallets/Village and Forest/Village and Forest_381.asset using Guid(9ac1d2e3c5e64a644813e674bf2721f4) Importer(2089858483,0ecaa5967403d082aa24f35e1b516d23)  -> (artifact id: '0a5df50e6887034677a8a765efbf8633') in 0.006508 seconds
Number of updated asset objects reloaded before import = 0
Number of asset objects unloaded after import = 3
========================================================================
Received Import Request.
  Time since last request: 0.000010 seconds.
  path: Assets/TilePallets/Village and Forest/Village and Forest_404.asset
  artifactKey: Guid(80c0cdfef60cb5b42b30b89f8cb534b5) Importer(2089858483,0ecaa5967403d082aa24f35e1b516d23)
Start importing Assets/TilePallets/Village and Forest/Village and Forest_404.asset using Guid(80c0cdfef60cb5b42b30b89f8cb534b5) Importer(2089858483,0ecaa5967403d082aa24f35e1b516d23)  -> (artifact id: '49fad7467cac4746ee09265041041e1a') in 0.006018 seconds
Number of updated asset objects reloaded before import = 0
Number of asset objects unloaded after import = 3
========================================================================
Received Import Request.
  Time since last request: 0.000011 seconds.
  path: Assets/TilePallets/Village and Forest/Village and Forest_329.asset
  artifactKey: Guid(180c29418b57f8b459aecfa190945167) Importer(2089858483,0ecaa5967403d082aa24f35e1b516d23)
Start importing Assets/TilePallets/Village and Forest/Village and Forest_329.asset using Guid(180c29418b57f8b459aecfa190945167) Importer(2089858483,0ecaa5967403d082aa24f35e1b516d23)  -> (artifact id: 'b4ad7eaf7f323c5036eb47ad23ade36d') in 0.005812 seconds
Number of updated asset objects reloaded before import = 0
Number of asset objects unloaded after import = 3
========================================================================
Received Import Request.
  Time since last request: 0.000011 seconds.
  path: Assets/TilePallets/Village and Forest/Village and Forest_54.asset
  artifactKey: Guid(dd2f8e81ac5610144ba218894d9a0264) Importer(2089858483,0ecaa5967403d082aa24f35e1b516d23)
Start importing Assets/TilePallets/Village and Forest/Village and Forest_54.asset using Guid(dd2f8e81ac5610144ba218894d9a0264) Importer(2089858483,0ecaa5967403d082aa24f35e1b516d23)  -> (artifact id: '1ce1b7de590eb3f9ea0a2a05ea2d3662') in 0.007032 seconds
Number of updated asset objects reloaded before import = 0
Number of asset objects unloaded after import = 3
========================================================================
Received Import Request.
  Time since last request: 0.000011 seconds.
  path: Assets/TilePallets/Village and Forest/Village and Forest_361.asset
  artifactKey: Guid(6f6d20b086bacc54da7406c86f7d86a6) Importer(2089858483,0ecaa5967403d082aa24f35e1b516d23)
Start importing Assets/TilePallets/Village and Forest/Village and Forest_361.asset using Guid(6f6d20b086bacc54da7406c86f7d86a6) Importer(2089858483,0ecaa5967403d082aa24f35e1b516d23)  -> (artifact id: '80759eed42a90cfd756c50982be76fce') in 0.006636 seconds
Number of updated asset objects reloaded before import = 0
Number of asset objects unloaded after import = 3
========================================================================
Received Import Request.
  Time since last request: 0.000011 seconds.
  path: Assets/TilePallets/Village and Forest/Village and Forest_237.asset
  artifactKey: Guid(131bbef9d20751849a16f2eea2822473) Importer(2089858483,0ecaa5967403d082aa24f35e1b516d23)
Start importing Assets/TilePallets/Village and Forest/Village and Forest_237.asset using Guid(131bbef9d20751849a16f2eea2822473) Importer(2089858483,0ecaa5967403d082aa24f35e1b516d23)  -> (artifact id: '8de0ef704065bf12afc3f831dfb17279') in 0.005918 seconds
Number of updated asset objects reloaded before import = 0
Number of asset objects unloaded after import = 2
========================================================================
Received Import Request.
  Time since last request: 0.000061 seconds.
  path: Assets/TilePallets/Village and Forest/Village and Forest_24.asset
  artifactKey: Guid(6bb8468145e6e9b479eb97929c5d50e5) Importer(2089858483,0ecaa5967403d082aa24f35e1b516d23)
Start importing Assets/TilePallets/Village and Forest/Village and Forest_24.asset using Guid(6bb8468145e6e9b479eb97929c5d50e5) Importer(2089858483,0ecaa5967403d082aa24f35e1b516d23)  -> (artifact id: '98d9851c00c96ab884f79125756737cd') in 0.007202 seconds
Number of updated asset objects reloaded before import = 0
Number of asset objects unloaded after import = 3
========================================================================
Received Import Request.
  Time since last request: 0.000016 seconds.
  path: Assets/TilePallets/Village and Forest/Village and Forest_363.asset
  artifactKey: Guid(8ca328a83fe460f43b9d918e3d0a2970) Importer(2089858483,0ecaa5967403d082aa24f35e1b516d23)
Start importing Assets/TilePallets/Village and Forest/Village and Forest_363.asset using Guid(8ca328a83fe460f43b9d918e3d0a2970) Importer(2089858483,0ecaa5967403d082aa24f35e1b516d23)  -> (artifact id: 'a48202a54ff9def13e12d28c4b1c8e0e') in 0.006927 seconds
Number of updated asset objects reloaded before import = 0
Number of asset objects unloaded after import = 3
========================================================================
Received Import Request.
  Time since last request: 0.000016 seconds.
  path: Assets/TilePallets/Village and Forest/Village and Forest_315.asset
  artifactKey: Guid(4d1e3e46626b9404da3d54625197342f) Importer(2089858483,0ecaa5967403d082aa24f35e1b516d23)
Start importing Assets/TilePallets/Village and Forest/Village and Forest_315.asset using Guid(4d1e3e46626b9404da3d54625197342f) Importer(2089858483,0ecaa5967403d082aa24f35e1b516d23)  -> (artifact id: 'c0539f54b09ed588f2a775e391798bd7') in 0.005855 seconds
Number of updated asset objects reloaded before import = 0
Number of asset objects unloaded after import = 2
========================================================================
Received Import Request.
  Time since last request: 0.000010 seconds.
  path: Assets/TilePallets/Village and Forest/Village and Forest_233.asset
  artifactKey: Guid(25cf6d47e7a84b84194f8eb9f7bfa9d1) Importer(2089858483,0ecaa5967403d082aa24f35e1b516d23)
Start importing Assets/TilePallets/Village and Forest/Village and Forest_233.asset using Guid(25cf6d47e7a84b84194f8eb9f7bfa9d1) Importer(2089858483,0ecaa5967403d082aa24f35e1b516d23)  -> (artifact id: '281b1b16171c4542ffb296f9edd498d9') in 0.005530 seconds
Number of updated asset objects reloaded before import = 0
Number of asset objects unloaded after import = 2
========================================================================
Received Import Request.
  Time since last request: 0.000013 seconds.
  path: Assets/TilePallets/Village and Forest/Village and Forest_289.asset
  artifactKey: Guid(79f95d4257a1bac4c9b409cc260815a3) Importer(2089858483,0ecaa5967403d082aa24f35e1b516d23)
Start importing Assets/TilePallets/Village and Forest/Village and Forest_289.asset using Guid(79f95d4257a1bac4c9b409cc260815a3) Importer(2089858483,0ecaa5967403d082aa24f35e1b516d23)  -> (artifact id: '0838d84f30e25d836431eb739ad40186') in 0.007017 seconds
Number of updated asset objects reloaded before import = 0
Number of asset objects unloaded after import = 2
========================================================================
Received Import Request.
  Time since last request: 0.000010 seconds.
  path: Assets/TilePallets/Village and Forest/Village and Forest_232.asset
  artifactKey: Guid(c622f646c38304a47a8f409e21fedd2a) Importer(2089858483,0ecaa5967403d082aa24f35e1b516d23)
Start importing Assets/TilePallets/Village and Forest/Village and Forest_232.asset using Guid(c622f646c38304a47a8f409e21fedd2a) Importer(2089858483,0ecaa5967403d082aa24f35e1b516d23)  -> (artifact id: '088b8536bbb71b2b530f746afc2b58fd') in 0.005875 seconds
Number of updated asset objects reloaded before import = 0
Number of asset objects unloaded after import = 2
========================================================================
Received Import Request.
  Time since last request: 0.000010 seconds.
  path: Assets/TilePallets/Village and Forest/Village and Forest_300a.asset
  artifactKey: Guid(3add48c6858c8c647bfae4f598948208) Importer(2089858483,0ecaa5967403d082aa24f35e1b516d23)
Start importing Assets/TilePallets/Village and Forest/Village and Forest_300a.asset using Guid(3add48c6858c8c647bfae4f598948208) Importer(2089858483,0ecaa5967403d082aa24f35e1b516d23)  -> (artifact id: 'c29886ba9a7dfc21f20dce14c2419e97') in 0.006531 seconds
Number of updated asset objects reloaded before import = 0
Number of asset objects unloaded after import = 3
========================================================================
Received Import Request.
  Time since last request: 0.000011 seconds.
  path: Assets/TilePallets/Village and Forest/Village and Forest_282.asset
  artifactKey: Guid(47057085d31dfb8469b55a33ce2840a1) Importer(2089858483,0ecaa5967403d082aa24f35e1b516d23)
Start importing Assets/TilePallets/Village and Forest/Village and Forest_282.asset using Guid(47057085d31dfb8469b55a33ce2840a1) Importer(2089858483,0ecaa5967403d082aa24f35e1b516d23)  -> (artifact id: '588d3602486f2a880a6980be99b19576') in 0.005776 seconds
Number of updated asset objects reloaded before import = 0
Number of asset objects unloaded after import = 2
========================================================================
Received Import Request.
  Time since last request: 0.000010 seconds.
  path: Assets/TilePallets/Village and Forest/Village and Forest_424.asset
  artifactKey: Guid(b5c03e355f27e1343a1e9e1dfcc7dc31) Importer(2089858483,0ecaa5967403d082aa24f35e1b516d23)
Start importing Assets/TilePallets/Village and Forest/Village and Forest_424.asset using Guid(b5c03e355f27e1343a1e9e1dfcc7dc31) Importer(2089858483,0ecaa5967403d082aa24f35e1b516d23)  -> (artifact id: '9f13ced940144428832934930a5f82b3') in 0.005980 seconds
Number of updated asset objects reloaded before import = 0
Number of asset objects unloaded after import = 2
========================================================================
Received Import Request.
  Time since last request: 0.000011 seconds.
  path: Assets/TilePallets/Village and Forest/Village and Forest_66.asset
  artifactKey: Guid(72b21f4fc089dbc4c8c701bda5531acb) Importer(2089858483,0ecaa5967403d082aa24f35e1b516d23)
Start importing Assets/TilePallets/Village and Forest/Village and Forest_66.asset using Guid(72b21f4fc089dbc4c8c701bda5531acb) Importer(2089858483,0ecaa5967403d082aa24f35e1b516d23)  -> (artifact id: '182a0ad07dd2cd9e5f559632709da2db') in 0.006280 seconds
Number of updated asset objects reloaded before import = 0
Number of asset objects unloaded after import = 3
========================================================================
Received Import Request.
  Time since last request: 0.000010 seconds.
  path: Assets/TilePallets/Village and Forest/Village and Forest_348.asset
  artifactKey: Guid(c3230c16817a9324d921734a578815c4) Importer(2089858483,0ecaa5967403d082aa24f35e1b516d23)
Start importing Assets/TilePallets/Village and Forest/Village and Forest_348.asset using Guid(c3230c16817a9324d921734a578815c4) Importer(2089858483,0ecaa5967403d082aa24f35e1b516d23)  -> (artifact id: '0b9587eed619b441cb99de412da941a6') in 0.005701 seconds
Number of updated asset objects reloaded before import = 0
Number of asset objects unloaded after import = 2
========================================================================
Received Import Request.
  Time since last request: 0.000010 seconds.
  path: Assets/TilePallets/Village and Forest/Village and Forest_374.asset
  artifactKey: Guid(6762c59bc798b9a47a7e6c2d5c22ac97) Importer(2089858483,0ecaa5967403d082aa24f35e1b516d23)
Start importing Assets/TilePallets/Village and Forest/Village and Forest_374.asset using Guid(6762c59bc798b9a47a7e6c2d5c22ac97) Importer(2089858483,0ecaa5967403d082aa24f35e1b516d23)  -> (artifact id: 'c220317d46bf0d5b3ea9b03c661303c0') in 0.005880 seconds
Number of updated asset objects reloaded before import = 0
Number of asset objects unloaded after import = 2
========================================================================
Received Import Request.
  Time since last request: 0.000015 seconds.
  path: Assets/TilePallets/Village and Forest/Village and Forest_67.asset
  artifactKey: Guid(5e177ec1c71897041809cb6408b16b61) Importer(2089858483,0ecaa5967403d082aa24f35e1b516d23)
Start importing Assets/TilePallets/Village and Forest/Village and Forest_67.asset using Guid(5e177ec1c71897041809cb6408b16b61) Importer(2089858483,0ecaa5967403d082aa24f35e1b516d23)  -> (artifact id: '3712d1d191e6e27dc5985204b99c0586') in 0.006774 seconds
Number of updated asset objects reloaded before import = 0
Number of asset objects unloaded after import = 3
========================================================================
Received Import Request.
  Time since last request: 1.071055 seconds.
  path: Assets/Plugins/Photon/PhotonUnityNetworking/changelog.txt
  artifactKey: Guid(612a7d8fb44bb994d90d9c0fa1408703) Importer(2089858483,0ecaa5967403d082aa24f35e1b516d23)
Start importing Assets/Plugins/Photon/PhotonUnityNetworking/changelog.txt using Guid(612a7d8fb44bb994d90d9c0fa1408703) Importer(2089858483,0ecaa5967403d082aa24f35e1b516d23)  -> (artifact id: '769fdfb681605fe938f17630b22b46fa') in 0.036536 seconds
Number of updated asset objects reloaded before import = 0
Number of asset objects unloaded after import = 1
========================================================================
Received Import Request.
  Time since last request: 0.000010 seconds.
  path: Assets/Resources/Audio/Soundeffects/Bomb Drop.wav
  artifactKey: Guid(92a86637bcb06fb479605b2e0f50fdf4) Importer(2089858483,0ecaa5967403d082aa24f35e1b516d23)
Start importing Assets/Resources/Audio/Soundeffects/Bomb Drop.wav using Guid(92a86637bcb06fb479605b2e0f50fdf4) Importer(2089858483,0ecaa5967403d082aa24f35e1b516d23)  -> (artifact id: 'fe1c65a2d0dd6e0fe0de9cfac7f1cec3') in 0.077052 seconds
Number of updated asset objects reloaded before import = 0
Number of asset objects unloaded after import = 1
========================================================================
Received Import Request.
  Time since last request: 0.000010 seconds.
  path: Assets/Resources/Scriptable Objects/Player/PlayerInventory.asset
  artifactKey: Guid(4586d542d68e26b4c9bdeb4999793087) Importer(2089858483,0ecaa5967403d082aa24f35e1b516d23)
Start importing Assets/Resources/Scriptable Objects/Player/PlayerInventory.asset using Guid(4586d542d68e26b4c9bdeb4999793087) Importer(2089858483,0ecaa5967403d082aa24f35e1b516d23)  -> (artifact id: '38f0f2b2b92ecbba90d90b9b82ed5c5f') in 0.004751 seconds
Number of updated asset objects reloaded before import = 0
Number of asset objects unloaded after import = 6
========================================================================
Received Import Request.
  Time since last request: 0.000017 seconds.
  path: Assets/Resources/Scriptable Objects/Items/Collect Delay.asset
  artifactKey: Guid(5167add096f349142bdded06ecfa7895) Importer(2089858483,0ecaa5967403d082aa24f35e1b516d23)
Start importing Assets/Resources/Scriptable Objects/Items/Collect Delay.asset using Guid(5167add096f349142bdded06ecfa7895) Importer(2089858483,0ecaa5967403d082aa24f35e1b516d23)  -> (artifact id: 'afb4c2ab4aac2aaabb772fedcde35613') in 0.004778 seconds
Number of updated asset objects reloaded before import = 0
Number of asset objects unloaded after import = 1
========================================================================
Received Import Request.
  Time since last request: 0.000020 seconds.
  path: Assets/Resources/Art/TitleScreen/Symbol.png
  artifactKey: Guid(6c4be12feedb8b54c9118a82a22ee999) Importer(2089858483,0ecaa5967403d082aa24f35e1b516d23)
Start importing Assets/Resources/Art/TitleScreen/Symbol.png using Guid(6c4be12feedb8b54c9118a82a22ee999) Importer(2089858483,0ecaa5967403d082aa24f35e1b516d23)  -> (artifact id: '4df83460c34e16ec8b4f6e2a427c7ad9') in 0.054717 seconds
Number of updated asset objects reloaded before import = 0
Number of asset objects unloaded after import = 3
========================================================================
Received Import Request.
  Time since last request: 0.000012 seconds.
  path: Assets/Plugins/Sirenix/Demos/Custom Attribute Processors.unitypackage
  artifactKey: Guid(cb777e96305b7a240916ffba844b04b9) Importer(2089858483,0ecaa5967403d082aa24f35e1b516d23)
Start importing Assets/Plugins/Sirenix/Demos/Custom Attribute Processors.unitypackage using Guid(cb777e96305b7a240916ffba844b04b9) Importer(2089858483,0ecaa5967403d082aa24f35e1b516d23)  -> (artifact id: 'ac21a8e17c52158d07dac23315f737d6') in 0.003796 seconds
Number of updated asset objects reloaded before import = 0
Number of asset objects unloaded after import = 1
========================================================================
Received Import Request.
  Time since last request: 0.000010 seconds.
  path: Assets/Scripts/Map Part Scripts/Trigger Areas/SceneTransition.cs
  artifactKey: Guid(984c8cd5ec6ccb644b586222917fbfad) Importer(2089858483,0ecaa5967403d082aa24f35e1b516d23)
Start importing Assets/Scripts/Map Part Scripts/Trigger Areas/SceneTransition.cs using Guid(984c8cd5ec6ccb644b586222917fbfad) Importer(2089858483,0ecaa5967403d082aa24f35e1b516d23)  -> (artifact id: '55d4e8408806fd060e359984e0590cc6') in 0.005121 seconds
Number of updated asset objects reloaded before import = 0
Number of asset objects unloaded after import = 1
========================================================================
Received Import Request.
  Time since last request: 0.000012 seconds.
  path: Assets/Resources/Animations/Player Animations/Walk Up.anim
  artifactKey: Guid(9d3ee674390abe546956f74ef3e9a3b0) Importer(2089858483,0ecaa5967403d082aa24f35e1b516d23)
Start importing Assets/Resources/Animations/Player Animations/Walk Up.anim using Guid(9d3ee674390abe546956f74ef3e9a3b0) Importer(2089858483,0ecaa5967403d082aa24f35e1b516d23)  -> (artifact id: '6e27884deef43660da9e8d50b06fb977') in 0.011553 seconds
Number of updated asset objects reloaded before import = 0
Number of asset objects unloaded after import = 1
========================================================================
Received Import Request.
  Time since last request: 0.000011 seconds.
  path: Assets/Scripts/Map Part Scripts/Terrain/Water.cs
  artifactKey: Guid(f7f28eac4085d454084a9d378460d30e) Importer(2089858483,0ecaa5967403d082aa24f35e1b516d23)
Start importing Assets/Scripts/Map Part Scripts/Terrain/Water.cs using Guid(f7f28eac4085d454084a9d378460d30e) Importer(2089858483,0ecaa5967403d082aa24f35e1b516d23)  -> (artifact id: '6b9de40b8ce1916ab83f7ee7c8c5b397') in 0.004279 seconds
Number of updated asset objects reloaded before import = 0
Number of asset objects unloaded after import = 1
========================================================================
Received Import Request.
  Time since last request: 0.000011 seconds.
  path: Assets/Resources/Prefabs/Boss Sequences/Landslide Sequence.prefab
  artifactKey: Guid(e0d02f8c0e46d57478ea42f6b830856a) Importer(2089858483,0ecaa5967403d082aa24f35e1b516d23)
Start importing Assets/Resources/Prefabs/Boss Sequences/Landslide Sequence.prefab using Guid(e0d02f8c0e46d57478ea42f6b830856a) Importer(2089858483,0ecaa5967403d082aa24f35e1b516d23)  -> (artifact id: '8b0055d14aaa7497b87954a7cb715ad6') in 0.043055 seconds
Number of updated asset objects reloaded before import = 0
Number of asset objects unloaded after import = 233
========================================================================
Received Import Request.
  Time since last request: 0.000013 seconds.
  path: Assets/Resources/Prefabs/Effects/Item Glitter.prefab
  artifactKey: Guid(73a23ffb0e4243a4e8fed713ee1d029f) Importer(2089858483,0ecaa5967403d082aa24f35e1b516d23)
Start importing Assets/Resources/Prefabs/Effects/Item Glitter.prefab using Guid(73a23ffb0e4243a4e8fed713ee1d029f) Importer(2089858483,0ecaa5967403d082aa24f35e1b516d23)  -> (artifact id: 'd35faf6ec212b34507abc2634697ff61') in 0.102021 seconds
Number of updated asset objects reloaded before import = 0
Number of asset objects unloaded after import = 16
========================================================================
Received Import Request.
  Time since last request: 0.000015 seconds.
  path: Assets/Resources/Scriptable Objects/Movement Stats/Sentinel.asset
  artifactKey: Guid(5f1b4897a4ecdb04c99a6b1e77f16a2b) Importer(2089858483,0ecaa5967403d082aa24f35e1b516d23)
Start importing Assets/Resources/Scriptable Objects/Movement Stats/Sentinel.asset using Guid(5f1b4897a4ecdb04c99a6b1e77f16a2b) Importer(2089858483,0ecaa5967403d082aa24f35e1b516d23)  -> (artifact id: '86c3735391a42d1973645fca15b7bc22') in 0.005535 seconds
Number of updated asset objects reloaded before import = 0
Number of asset objects unloaded after import = 1
========================================================================
Received Import Request.
  Time since last request: 0.000018 seconds.
  path: Assets/Resources/Animations/TitleScreen Animations/Ring.anim
  artifactKey: Guid(3b40eb3f6f4670044a298d4e4ae2d50c) Importer(2089858483,0ecaa5967403d082aa24f35e1b516d23)
Start importing Assets/Resources/Animations/TitleScreen Animations/Ring.anim using Guid(3b40eb3f6f4670044a298d4e4ae2d50c) Importer(2089858483,0ecaa5967403d082aa24f35e1b516d23)  -> (artifact id: 'df57786b8b058a7ab3efef2a32208b05') in 0.007402 seconds
Number of updated asset objects reloaded before import = 0
Number of asset objects unloaded after import = 1
========================================================================
Received Import Request.
  Time since last request: 0.000011 seconds.
  path: Assets/Resources/Animations/Effect Animations/Panel 1.controller
  artifactKey: Guid(15603cb5451344648b74d8bb2cdbf7fe) Importer(2089858483,0ecaa5967403d082aa24f35e1b516d23)
Start importing Assets/Resources/Animations/Effect Animations/Panel 1.controller using Guid(15603cb5451344648b74d8bb2cdbf7fe) Importer(2089858483,0ecaa5967403d082aa24f35e1b516d23)  -> (artifact id: '58458a102be6923217ae97c93b8adb66') in 0.127259 seconds
Number of updated asset objects reloaded before import = 0
Number of asset objects unloaded after import = 7
========================================================================
Received Import Request.
  Time since last request: 0.000012 seconds.
  path: Assets/Resources/Animations/UI Animations/fadeIdle.anim
  artifactKey: Guid(1ed8ac50f72d0f84c8cbca188f6f7def) Importer(2089858483,0ecaa5967403d082aa24f35e1b516d23)
Start importing Assets/Resources/Animations/UI Animations/fadeIdle.anim using Guid(1ed8ac50f72d0f84c8cbca188f6f7def) Importer(2089858483,0ecaa5967403d082aa24f35e1b516d23)  -> (artifact id: '9ad88d1ba131f7e7c798fd19ad836a35') in 0.005951 seconds
Number of updated asset objects reloaded before import = 0
Number of asset objects unloaded after import = 1
========================================================================
Received Import Request.
  Time since last request: 0.000011 seconds.
  path: Assets/Resources/Scriptable Objects/TeleportPoints/Photon Test.asset
  artifactKey: Guid(287701f73278a614fba22b54a1c9978f) Importer(2089858483,0ecaa5967403d082aa24f35e1b516d23)
Start importing Assets/Resources/Scriptable Objects/TeleportPoints/Photon Test.asset using Guid(287701f73278a614fba22b54a1c9978f) Importer(2089858483,0ecaa5967403d082aa24f35e1b516d23)  -> (artifact id: 'b269f59595609420ecfaed97c6ee4891') in 0.004573 seconds
Number of updated asset objects reloaded before import = 0
Number of asset objects unloaded after import = 1
========================================================================
Received Import Request.
  Time since last request: 0.000010 seconds.
  path: Assets/Resources/Scriptable Objects/Networking/Got Kicked.asset
  artifactKey: Guid(6cc3c999928e75342be410cf72df2212) Importer(2089858483,0ecaa5967403d082aa24f35e1b516d23)
Start importing Assets/Resources/Scriptable Objects/Networking/Got Kicked.asset using Guid(6cc3c999928e75342be410cf72df2212) Importer(2089858483,0ecaa5967403d082aa24f35e1b516d23)  -> (artifact id: '3a0a1565386f4938d7de2bee7bd05abb') in 0.004392 seconds
Number of updated asset objects reloaded before import = 0
Number of asset objects unloaded after import = 1
========================================================================
Received Import Request.
  Time since last request: 0.000010 seconds.
  path: Assets/Resources/Scriptable Objects/Menu/LastMenu.asset
  artifactKey: Guid(112a8649ce9536649a0131307058c0f4) Importer(2089858483,0ecaa5967403d082aa24f35e1b516d23)
Start importing Assets/Resources/Scriptable Objects/Menu/LastMenu.asset using Guid(112a8649ce9536649a0131307058c0f4) Importer(2089858483,0ecaa5967403d082aa24f35e1b516d23)  -> (artifact id: '1c87dde381335149442242810be6c141') in 0.003860 seconds
Number of updated asset objects reloaded before import = 0
Number of asset objects unloaded after import = 1
========================================================================
Received Import Request.
  Time since last request: 0.000010 seconds.
  path: Assets/Resources/Scriptable Objects/Global/UITeleportInfo.asset
  artifactKey: Guid(6d043763fe32e164fadec2b584564b99) Importer(2089858483,0ecaa5967403d082aa24f35e1b516d23)
Start importing Assets/Resources/Scriptable Objects/Global/UITeleportInfo.asset using Guid(6d043763fe32e164fadec2b584564b99) Importer(2089858483,0ecaa5967403d082aa24f35e1b516d23)  -> (artifact id: 'dcc966d01398182744721999c8e32c91') in 0.004942 seconds
Number of updated asset objects reloaded before import = 0
Number of asset objects unloaded after import = 1
========================================================================
Received Import Request.
  Time since last request: 0.000013 seconds.
  path: Assets/Resources/Animations/Player Animations/Idle Left.anim
  artifactKey: Guid(0c5fa644ae4fc904896b87db655fef9d) Importer(2089858483,0ecaa5967403d082aa24f35e1b516d23)
Start importing Assets/Resources/Animations/Player Animations/Idle Left.anim using Guid(0c5fa644ae4fc904896b87db655fef9d) Importer(2089858483,0ecaa5967403d082aa24f35e1b516d23)  -> (artifact id: '1e79020bb1f40081173be36a750799b7') in 0.004922 seconds
Number of updated asset objects reloaded before import = 0
Number of asset objects unloaded after import = 1
========================================================================
Received Import Request.
  Time since last request: 0.000017 seconds.
  path: Assets/Plugins/TextMesh Pro/Documentation/TextMesh Pro User Guide 2016.pdf
  artifactKey: Guid(1b8d251f9af63b746bf2f7ffe00ebb9b) Importer(2089858483,0ecaa5967403d082aa24f35e1b516d23)
Start importing Assets/Plugins/TextMesh Pro/Documentation/TextMesh Pro User Guide 2016.pdf using Guid(1b8d251f9af63b746bf2f7ffe00ebb9b) Importer(2089858483,0ecaa5967403d082aa24f35e1b516d23)  -> (artifact id: '366f196f1fec68b5009277a2d5bc337f') in 0.002935 seconds
Number of updated asset objects reloaded before import = 0
Number of asset objects unloaded after import = 1
========================================================================
Received Import Request.
  Time since last request: 0.000010 seconds.
  path: Assets/Resources/Scriptable Objects/Global/Constants.asset
  artifactKey: Guid(a6e2214361680fb44b87ade742b31fd4) Importer(2089858483,0ecaa5967403d082aa24f35e1b516d23)
Start importing Assets/Resources/Scriptable Objects/Global/Constants.asset using Guid(a6e2214361680fb44b87ade742b31fd4) Importer(2089858483,0ecaa5967403d082aa24f35e1b516d23)  -> (artifact id: '51b531c7b49e6ab9bc1530bcc5f557c2') in 0.006436 seconds
Number of updated asset objects reloaded before import = 0
Number of asset objects unloaded after import = 1
========================================================================
Received Import Request.
  Time since last request: 0.000011 seconds.
  path: Assets/Resources/Scriptable Objects/TargetingSystem/Laser Line.asset
  artifactKey: Guid(7084b5c689024624481c7a91798a664a) Importer(2089858483,0ecaa5967403d082aa24f35e1b516d23)
Start importing Assets/Resources/Scriptable Objects/TargetingSystem/Laser Line.asset using Guid(7084b5c689024624481c7a91798a664a) Importer(2089858483,0ecaa5967403d082aa24f35e1b516d23)  -> (artifact id: '5a3e9f72b8491cc1c678dd4c51651445') in 0.005554 seconds
Number of updated asset objects reloaded before import = 0
Number of asset objects unloaded after import = 2
========================================================================
Received Import Request.
  Time since last request: 0.000011 seconds.
  path: Assets/Resources/Prefabs/Housing/Table.prefab
  artifactKey: Guid(15122ee07ec3d4643b3cfab915620625) Importer(2089858483,0ecaa5967403d082aa24f35e1b516d23)
Start importing Assets/Resources/Prefabs/Housing/Table.prefab using Guid(15122ee07ec3d4643b3cfab915620625) Importer(2089858483,0ecaa5967403d082aa24f35e1b516d23)  -> (artifact id: '8a9cbb0f8f6f8513bd100bc8df8fb172') in 0.222262 seconds
Number of updated asset objects reloaded before import = 0
Number of asset objects unloaded after import = 8
========================================================================
Received Import Request.
  Time since last request: 0.000015 seconds.
  path: Assets/Resources/Prefabs/MiniGames/Higher or Lower.prefab
  artifactKey: Guid(95451f4f668f99e47b6608907ec80d4b) Importer(2089858483,0ecaa5967403d082aa24f35e1b516d23)
Start importing Assets/Resources/Prefabs/MiniGames/Higher or Lower.prefab using Guid(95451f4f668f99e47b6608907ec80d4b) Importer(2089858483,0ecaa5967403d082aa24f35e1b516d23)  -> (artifact id: '578fce20fe7dd1d04a596ce3182c0a5f') in 0.076074 seconds
Number of updated asset objects reloaded before import = 0
Number of asset objects unloaded after import = 126
========================================================================
Received Import Request.
  Time since last request: 0.000018 seconds.
  path: Assets/Resources/Scriptable Objects/StatusEffects/Regen.asset
  artifactKey: Guid(544bbedee1ac3e943b4e30d0d9aa99ba) Importer(2089858483,0ecaa5967403d082aa24f35e1b516d23)
Start importing Assets/Resources/Scriptable Objects/StatusEffects/Regen.asset using Guid(544bbedee1ac3e943b4e30d0d9aa99ba) Importer(2089858483,0ecaa5967403d082aa24f35e1b516d23)  -> (artifact id: 'bc8b4321be5a5e4609177e3b03d2e951') in 0.089982 seconds
Number of updated asset objects reloaded before import = 0
Number of asset objects unloaded after import = 6
========================================================================
Received Import Request.
  Time since last request: 0.000013 seconds.
  path: Assets/Scripts/Menu Scripts/Character Creation/CharacterCreatorMenu.cs
  artifactKey: Guid(5e39567aa5068b145aedab62a7d282de) Importer(2089858483,0ecaa5967403d082aa24f35e1b516d23)
Start importing Assets/Scripts/Menu Scripts/Character Creation/CharacterCreatorMenu.cs using Guid(5e39567aa5068b145aedab62a7d282de) Importer(2089858483,0ecaa5967403d082aa24f35e1b516d23)  -> (artifact id: '8d08524cce49d7810c5910c33d3e5f29') in 0.004174 seconds
Number of updated asset objects reloaded before import = 0
Number of asset objects unloaded after import = 1
========================================================================
Received Import Request.
  Time since last request: 0.000011 seconds.
  path: Assets/Plugins/Sirenix/Assemblies/Sirenix.OdinInspector.Editor.dll
  artifactKey: Guid(a4865f1ab4504ed8a368670db22f409c) Importer(2089858483,0ecaa5967403d082aa24f35e1b516d23)
Start importing Assets/Plugins/Sirenix/Assemblies/Sirenix.OdinInspector.Editor.dll using Guid(a4865f1ab4504ed8a368670db22f409c) Importer(2089858483,0ecaa5967403d082aa24f35e1b516d23)  -> (artifact id: '95145cbd1f79854c425f87d6599d21e0') in 0.083691 seconds
Number of updated asset objects reloaded before import = 0
Number of asset objects unloaded after import = 1
========================================================================
Received Import Request.
  Time since last request: 0.000013 seconds.
  path: Assets/Resources/Art/UI/Buttons.png
  artifactKey: Guid(7fa652469743e614e810a5371739bd83) Importer(2089858483,0ecaa5967403d082aa24f35e1b516d23)
Start importing Assets/Resources/Art/UI/Buttons.png using Guid(7fa652469743e614e810a5371739bd83) Importer(2089858483,0ecaa5967403d082aa24f35e1b516d23)  -> (artifact id: '955ee11051fe905984ec3dcafb744ea6') in 0.055360 seconds
Number of updated asset objects reloaded before import = 0
Number of asset objects unloaded after import = 34
========================================================================
Received Import Request.
  Time since last request: 0.000016 seconds.
  path: Assets/Resources/Data/Localisation/Skills.csv
  artifactKey: Guid(c734b25530d5f5845a733b2b58745340) Importer(2089858483,0ecaa5967403d082aa24f35e1b516d23)
Start importing Assets/Resources/Data/Localisation/Skills.csv using Guid(c734b25530d5f5845a733b2b58745340) Importer(2089858483,0ecaa5967403d082aa24f35e1b516d23)  -> (artifact id: '99c600a634986c8883cb59d41fa73c45') in 0.004090 seconds
Number of updated asset objects reloaded before import = 0
Number of asset objects unloaded after import = 1
========================================================================
Received Import Request.
  Time since last request: 0.000022 seconds.
  path: Assets/Scripts/Game Scripts/Sound Handlers/BackgroundMusic.cs
  artifactKey: Guid(db3cee9060de5b7429eeffa15cac5edf) Importer(2089858483,0ecaa5967403d082aa24f35e1b516d23)
Start importing Assets/Scripts/Game Scripts/Sound Handlers/BackgroundMusic.cs using Guid(db3cee9060de5b7429eeffa15cac5edf) Importer(2089858483,0ecaa5967403d082aa24f35e1b516d23)  -> (artifact id: '34540094b74e2a8b41358f48ecb4af50') in 0.004136 seconds
Number of updated asset objects reloaded before import = 0
Number of asset objects unloaded after import = 1
========================================================================
Received Import Request.
  Time since last request: 0.000011 seconds.
  path: Assets/Scripts/Menu Scripts/Character Creation/CharacterCreatorGearHandler.cs
  artifactKey: Guid(765459284cb77c24c84afd16093558c9) Importer(2089858483,0ecaa5967403d082aa24f35e1b516d23)
Start importing Assets/Scripts/Menu Scripts/Character Creation/CharacterCreatorGearHandler.cs using Guid(765459284cb77c24c84afd16093558c9) Importer(2089858483,0ecaa5967403d082aa24f35e1b516d23)  -> (artifact id: 'c41680bd125f45c57c05614a06e5631e') in 0.005332 seconds
Number of updated asset objects reloaded before import = 0
Number of asset objects unloaded after import = 1
========================================================================
Received Import Request.
  Time since last request: 0.000014 seconds.
  path: Assets/Scripts/Ingame UI/Analyse/AnalyseObject.cs
  artifactKey: Guid(39b462cd9aeaa994fb5057a239bc2d9e) Importer(2089858483,0ecaa5967403d082aa24f35e1b516d23)
Start importing Assets/Scripts/Ingame UI/Analyse/AnalyseObject.cs using Guid(39b462cd9aeaa994fb5057a239bc2d9e) Importer(2089858483,0ecaa5967403d082aa24f35e1b516d23)  -> (artifact id: '1bccf38538a533523fd9b1548c91c65d') in 0.004917 seconds
Number of updated asset objects reloaded before import = 0
Number of asset objects unloaded after import = 1
========================================================================
Received Import Request.
  Time since last request: 0.000012 seconds.
  path: Assets/Resources/Animations/Effect Animations/Explosion.anim
  artifactKey: Guid(57222d71db4b86346b424813c8eb876f) Importer(2089858483,0ecaa5967403d082aa24f35e1b516d23)
Start importing Assets/Resources/Animations/Effect Animations/Explosion.anim using Guid(57222d71db4b86346b424813c8eb876f) Importer(2089858483,0ecaa5967403d082aa24f35e1b516d23)  -> (artifact id: '696bc605cfd91654c801d55e8ffffd4a') in 0.008517 seconds
Number of updated asset objects reloaded before import = 0
Number of asset objects unloaded after import = 2
========================================================================
Received Import Request.
  Time since last request: 0.000012 seconds.
  path: Assets/Resources/Art/Atlas/TitleScreen.spriteatlas
  artifactKey: Guid(95c2d14264c2d6045b6c2f4d73a6ada5) Importer(2089858483,0ecaa5967403d082aa24f35e1b516d23)
Start importing Assets/Resources/Art/Atlas/TitleScreen.spriteatlas using Guid(95c2d14264c2d6045b6c2f4d73a6ada5) Importer(2089858483,0ecaa5967403d082aa24f35e1b516d23)  -> (artifact id: 'f7b179ec046162dc9d937b63ed39864c') in 0.013183 seconds
Number of updated asset objects reloaded before import = 0
Number of asset objects unloaded after import = 1
========================================================================
Received Import Request.
  Time since last request: 0.000013 seconds.
  path: Assets/Resources/Art/Atlas/Cave.spriteatlas
  artifactKey: Guid(24c1237b792144743b12e0328c31de91) Importer(2089858483,0ecaa5967403d082aa24f35e1b516d23)
Start importing Assets/Resources/Art/Atlas/Cave.spriteatlas using Guid(24c1237b792144743b12e0328c31de91) Importer(2089858483,0ecaa5967403d082aa24f35e1b516d23)  -> (artifact id: '1279cd3ede354d68cc648f70a3a73851') in 0.004331 seconds
Number of updated asset objects reloaded before import = 0
Number of asset objects unloaded after import = 1
========================================================================
Received Import Request.
  Time since last request: 0.000011 seconds.
  path: Assets/Resources/Audio/Soundeffects/Boomerang.wav
  artifactKey: Guid(d16c88f8218bdea468612a11d5720ce5) Importer(2089858483,0ecaa5967403d082aa24f35e1b516d23)
Start importing Assets/Resources/Audio/Soundeffects/Boomerang.wav using Guid(d16c88f8218bdea468612a11d5720ce5) Importer(2089858483,0ecaa5967403d082aa24f35e1b516d23)  -> (artifact id: 'dbfaef2a7111800d234c9bebc04ce2fb') in 0.037385 seconds
Number of updated asset objects reloaded before import = 0
Number of asset objects unloaded after import = 1
========================================================================
Received Import Request.
  Time since last request: 0.000041 seconds.
  path: Assets/Resources/Animations/Menu Animations/Cursor.controller
  artifactKey: Guid(b27adf0332711c44db4ca59adaed6d7b) Importer(2089858483,0ecaa5967403d082aa24f35e1b516d23)
Start importing Assets/Resources/Animations/Menu Animations/Cursor.controller using Guid(b27adf0332711c44db4ca59adaed6d7b) Importer(2089858483,0ecaa5967403d082aa24f35e1b516d23)  -> (artifact id: '5809dbbb945532e792ce0f23835ec5fe') in 0.004556 seconds
Number of updated asset objects reloaded before import = 0
Number of asset objects unloaded after import = 4
========================================================================
Received Import Request.
  Time since last request: 0.000011 seconds.
  path: Assets/Resources/Animations/Player Animations/WakeUp.anim
  artifactKey: Guid(b41e56143191d01408720fe31c81add7) Importer(2089858483,0ecaa5967403d082aa24f35e1b516d23)
Start importing Assets/Resources/Animations/Player Animations/WakeUp.anim using Guid(b41e56143191d01408720fe31c81add7) Importer(2089858483,0ecaa5967403d082aa24f35e1b516d23)  -> (artifact id: 'b37cb8fd124ea8da10c79378b251f693') in 0.006476 seconds
Number of updated asset objects reloaded before import = 0
Number of asset objects unloaded after import = 1
========================================================================
Received Import Request.
  Time since last request: 0.000012 seconds.
  path: Assets/Resources/Scriptable Objects/Music/Beyond the Clouds.asset
  artifactKey: Guid(6720119c87f612d4594d511118a35c53) Importer(2089858483,0ecaa5967403d082aa24f35e1b516d23)
Start importing Assets/Resources/Scriptable Objects/Music/Beyond the Clouds.asset using Guid(6720119c87f612d4594d511118a35c53) Importer(2089858483,0ecaa5967403d082aa24f35e1b516d23)  -> (artifact id: '274de22ea5ab224e40c5d91c955dc250') in 0.004388 seconds
Number of updated asset objects reloaded before import = 0
Number of asset objects unloaded after import = 1
========================================================================
Received Import Request.
  Time since last request: 0.000010 seconds.
  path: Assets/Resources/Art/Effekte/Big.xcf
  artifactKey: Guid(28631d8ed8d80e644b677d28addb874a) Importer(2089858483,0ecaa5967403d082aa24f35e1b516d23)
Start importing Assets/Resources/Art/Effekte/Big.xcf using Guid(28631d8ed8d80e644b677d28addb874a) Importer(2089858483,0ecaa5967403d082aa24f35e1b516d23)  -> (artifact id: 'd5a08b24aaa2d6d47a0885e45ad53bd1') in 0.003661 seconds
Number of updated asset objects reloaded before import = 0
Number of asset objects unloaded after import = 1
========================================================================
Received Import Request.
  Time since last request: 0.000010 seconds.
  path: Assets/Resources/Art/Effekte/Effekte Emission.png
  artifactKey: Guid(885c8c684b8bf9f48ad86b2760900a91) Importer(2089858483,0ecaa5967403d082aa24f35e1b516d23)
Start importing Assets/Resources/Art/Effekte/Effekte Emission.png using Guid(885c8c684b8bf9f48ad86b2760900a91) Importer(2089858483,0ecaa5967403d082aa24f35e1b516d23)  -> (artifact id: '52a262e4239319f32a0c69cf5f4ee9bf') in 0.050283 seconds
Number of updated asset objects reloaded before import = 0
Number of asset objects unloaded after import = 1
========================================================================
Received Import Request.
  Time since last request: 0.000019 seconds.
  path: Assets/Resources/Scriptable Objects/Menu/ActionButtonText.asset
  artifactKey: Guid(0eac58c9f3205074c98f3736e3ab13ad) Importer(2089858483,0ecaa5967403d082aa24f35e1b516d23)
Start importing Assets/Resources/Scriptable Objects/Menu/ActionButtonText.asset using Guid(0eac58c9f3205074c98f3736e3ab13ad) Importer(2089858483,0ecaa5967403d082aa24f35e1b516d23)  -> (artifact id: 'fa7ae9ad2e6428b80d7e09530dcfc329') in 0.004803 seconds
Number of updated asset objects reloaded before import = 0
Number of asset objects unloaded after import = 1
========================================================================
Received Import Request.
  Time since last request: 0.000018 seconds.
  path: Assets/Resources/Scriptable Objects/Networking/Max Players Per Room.asset
  artifactKey: Guid(2ec96b71f82785841a52df7f49178541) Importer(2089858483,0ecaa5967403d082aa24f35e1b516d23)
Start importing Assets/Resources/Scriptable Objects/Networking/Max Players Per Room.asset using Guid(2ec96b71f82785841a52df7f49178541) Importer(2089858483,0ecaa5967403d082aa24f35e1b516d23)  -> (artifact id: 'c1b6b6a906045065243d6f9386e12745') in 0.003764 seconds
Number of updated asset objects reloaded before import = 0
Number of asset objects unloaded after import = 1
========================================================================
Received Import Request.
  Time since last request: 0.000011 seconds.
  path: Assets/Resources/Animations/Effect Animations/RPGNumber 1.controller
  artifactKey: Guid(b39619b1318c6d74784044bad5ee7935) Importer(2089858483,0ecaa5967403d082aa24f35e1b516d23)
Start importing Assets/Resources/Animations/Effect Animations/RPGNumber 1.controller using Guid(b39619b1318c6d74784044bad5ee7935) Importer(2089858483,0ecaa5967403d082aa24f35e1b516d23)  -> (artifact id: '0cd26f929befd7518b93805a27a1cb75') in 0.004145 seconds
Number of updated asset objects reloaded before import = 0
Number of asset objects unloaded after import = 4
========================================================================
Received Import Request.
  Time since last request: 0.000011 seconds.
  path: Assets/Resources/Audio/Music/Woodland Fantasy Intro.wav
  artifactKey: Guid(6bb05bdaeb9b5e048990b107a546a75c) Importer(2089858483,0ecaa5967403d082aa24f35e1b516d23)
Start importing Assets/Resources/Audio/Music/Woodland Fantasy Intro.wav using Guid(6bb05bdaeb9b5e048990b107a546a75c) Importer(2089858483,0ecaa5967403d082aa24f35e1b516d23)  -> (artifact id: '6545192edb2747f76f8732383dd56f48') in 0.258695 seconds
Number of updated asset objects reloaded before import = 0
Number of asset objects unloaded after import = 1
========================================================================
Received Import Request.
  Time since last request: 0.000015 seconds.
  path: Assets/Resources/Scriptable Objects/StatusEffects/God Mode.asset
  artifactKey: Guid(5b49baf209ba3ee49867fd035d14ef5c) Importer(2089858483,0ecaa5967403d082aa24f35e1b516d23)
Start importing Assets/Resources/Scriptable Objects/StatusEffects/God Mode.asset using Guid(5b49baf209ba3ee49867fd035d14ef5c) Importer(2089858483,0ecaa5967403d082aa24f35e1b516d23)  -> (artifact id: 'c86804e978d28c9c73a4a89ef1818812') in 0.010551 seconds
Number of updated asset objects reloaded before import = 0
Number of asset objects unloaded after import = 2
========================================================================
Received Import Request.
  Time since last request: 0.000024 seconds.
  path: Assets/Resources/Scriptable Objects/Music/Last Encounter.asset
  artifactKey: Guid(711b6ba74fcae4443b6df5532f12078b) Importer(2089858483,0ecaa5967403d082aa24f35e1b516d23)
Start importing Assets/Resources/Scriptable Objects/Music/Last Encounter.asset using Guid(711b6ba74fcae4443b6df5532f12078b) Importer(2089858483,0ecaa5967403d082aa24f35e1b516d23)  -> (artifact id: 'ff6909126dea58a69e657038622bb6dd') in 0.007202 seconds
Number of updated asset objects reloaded before import = 0
Number of asset objects unloaded after import = 1
========================================================================
Received Import Request.
  Time since last request: 0.000015 seconds.
  path: Assets/Resources/Scriptable Objects/Menu/PasswordEnterEvent.asset
  artifactKey: Guid(d33f748bf47fd274bb5f01671005d6c7) Importer(2089858483,0ecaa5967403d082aa24f35e1b516d23)
Start importing Assets/Resources/Scriptable Objects/Menu/PasswordEnterEvent.asset using Guid(d33f748bf47fd274bb5f01671005d6c7) Importer(2089858483,0ecaa5967403d082aa24f35e1b516d23)  -> (artifact id: 'd29529f9ea8f70e8243899f94c451edf') in 0.004279 seconds
Number of updated asset objects reloaded before import = 0
Number of asset objects unloaded after import = 1
========================================================================
Received Import Request.
  Time since last request: 0.000011 seconds.
  path: Assets/Resources/Animations/TitleScreen Animations/Blue Crystal.anim
  artifactKey: Guid(62c6d5fd903a8524e942c76dfa919588) Importer(2089858483,0ecaa5967403d082aa24f35e1b516d23)
Start importing Assets/Resources/Animations/TitleScreen Animations/Blue Crystal.anim using Guid(62c6d5fd903a8524e942c76dfa919588) Importer(2089858483,0ecaa5967403d082aa24f35e1b516d23)  -> (artifact id: '791c3f9588ddb39bec7f638f9e453533') in 0.005937 seconds
Number of updated asset objects reloaded before import = 0
Number of asset objects unloaded after import = 1
========================================================================
Received Import Request.
  Time since last request: 0.000011 seconds.
  path: Assets/Scripts/Map Part Scripts/Terrain/Trap.cs
  artifactKey: Guid(9529c24dcaeb7d946a17d914c53f0c81) Importer(2089858483,0ecaa5967403d082aa24f35e1b516d23)
Start importing Assets/Scripts/Map Part Scripts/Terrain/Trap.cs using Guid(9529c24dcaeb7d946a17d914c53f0c81) Importer(2089858483,0ecaa5967403d082aa24f35e1b516d23)  -> (artifact id: '7de7a68584743c6bf3d6a18b0c8c2164') in 0.006970 seconds
Number of updated asset objects reloaded before import = 0
Number of asset objects unloaded after import = 1
========================================================================
Received Import Request.
  Time since last request: 0.000011 seconds.
  path: Assets/Scripts/Map Part Scripts/Trigger Areas/RewardArea.cs
  artifactKey: Guid(d6b90eec5889d74419bb60f1d1b0ea62) Importer(2089858483,0ecaa5967403d082aa24f35e1b516d23)
Start importing Assets/Scripts/Map Part Scripts/Trigger Areas/RewardArea.cs using Guid(d6b90eec5889d74419bb60f1d1b0ea62) Importer(2089858483,0ecaa5967403d082aa24f35e1b516d23)  -> (artifact id: '1226896e71606e8ab1c61fa644d24fec') in 0.004420 seconds
Number of updated asset objects reloaded before import = 0
Number of asset objects unloaded after import = 1
========================================================================
Received Import Request.
  Time since last request: 0.000014 seconds.
  path: Assets/Resources/Scriptable Objects/Loot Tables/Kashroom Loot.asset
  artifactKey: Guid(c2809dd2545eb7045ad529961e750a80) Importer(2089858483,0ecaa5967403d082aa24f35e1b516d23)
Start importing Assets/Resources/Scriptable Objects/Loot Tables/Kashroom Loot.asset using Guid(c2809dd2545eb7045ad529961e750a80) Importer(2089858483,0ecaa5967403d082aa24f35e1b516d23)  -> (artifact id: '7b817fa6647748e2191127883b9139d6') in 0.019787 seconds
Number of updated asset objects reloaded before import = 0
Number of asset objects unloaded after import = 106
========================================================================
Received Import Request.
  Time since last request: 0.000014 seconds.
  path: Assets/Resources/Data/Localisation/patchnotes.csv
  artifactKey: Guid(86e0b2cd92a7510458cf943e1ad06be1) Importer(2089858483,0ecaa5967403d082aa24f35e1b516d23)
Start importing Assets/Resources/Data/Localisation/patchnotes.csv using Guid(86e0b2cd92a7510458cf943e1ad06be1) Importer(2089858483,0ecaa5967403d082aa24f35e1b516d23)  -> (artifact id: 'ce4c9c6e531c924482db75fba923cfbe') in 0.002932 seconds
Number of updated asset objects reloaded before import = 0
Number of asset objects unloaded after import = 1
========================================================================
Received Import Request.
  Time since last request: 0.000020 seconds.
  path: Assets/Scripts/Game Scripts/Event Systems/SettingsEvents.cs
  artifactKey: Guid(ef28f3706ecab0047b4754c69a6e0619) Importer(2089858483,0ecaa5967403d082aa24f35e1b516d23)
Start importing Assets/Scripts/Game Scripts/Event Systems/SettingsEvents.cs using Guid(ef28f3706ecab0047b4754c69a6e0619) Importer(2089858483,0ecaa5967403d082aa24f35e1b516d23)  -> (artifact id: '4b211b0f6a869cb71c57351271804e14') in 0.003840 seconds
Number of updated asset objects reloaded before import = 0
Number of asset objects unloaded after import = 1
========================================================================
Received Import Request.
  Time since last request: 0.000010 seconds.
  path: Assets/Plugins/Sirenix/Assemblies/Sirenix.Utilities.dll
  artifactKey: Guid(4873f2a8bdae42baa0406e8a61366ca1) Importer(2089858483,0ecaa5967403d082aa24f35e1b516d23)
Start importing Assets/Plugins/Sirenix/Assemblies/Sirenix.Utilities.dll using Guid(4873f2a8bdae42baa0406e8a61366ca1) Importer(2089858483,0ecaa5967403d082aa24f35e1b516d23)  -> (artifact id: 'a2bbc36d811ba9362328eb4e401291af') in 0.006328 seconds
Number of updated asset objects reloaded before import = 0
Number of asset objects unloaded after import = 1
========================================================================
Received Import Request.
  Time since last request: 0.000010 seconds.
  path: Assets/Scripts/Character Scripts/Player Scripts/PlayerRendererHandler.cs
  artifactKey: Guid(97b357db719dfa44c863201ae23de277) Importer(2089858483,0ecaa5967403d082aa24f35e1b516d23)
Start importing Assets/Scripts/Character Scripts/Player Scripts/PlayerRendererHandler.cs using Guid(97b357db719dfa44c863201ae23de277) Importer(2089858483,0ecaa5967403d082aa24f35e1b516d23)  -> (artifact id: '2a2f372315cf590381f524705489551c') in 0.003851 seconds
Number of updated asset objects reloaded before import = 0
Number of asset objects unloaded after import = 1
========================================================================
Received Import Request.
  Time since last request: 0.000010 seconds.
  path: Assets/Resources/Scriptable Objects/Music/Insatible.asset
  artifactKey: Guid(4884b680a0a33b149bec70c037f356a1) Importer(2089858483,0ecaa5967403d082aa24f35e1b516d23)
Start importing Assets/Resources/Scriptable Objects/Music/Insatible.asset using Guid(4884b680a0a33b149bec70c037f356a1) Importer(2089858483,0ecaa5967403d082aa24f35e1b516d23)  -> (artifact id: '85a736668681f21ca7629d96be2bee94') in 0.005563 seconds
Number of updated asset objects reloaded before import = 0
Number of asset objects unloaded after import = 1
========================================================================
Received Import Request.
  Time since last request: 0.000010 seconds.
  path: Assets/Scripts/Game Scripts/Camera/CameraStartUp.cs
  artifactKey: Guid(85ac4a4ffb9f4f744a9612f4489225ae) Importer(2089858483,0ecaa5967403d082aa24f35e1b516d23)
Start importing Assets/Scripts/Game Scripts/Camera/CameraStartUp.cs using Guid(85ac4a4ffb9f4f744a9612f4489225ae) Importer(2089858483,0ecaa5967403d082aa24f35e1b516d23)  -> (artifact id: '565373ddee2baba8389b461cdda565d3') in 0.003668 seconds
Number of updated asset objects reloaded before import = 0
Number of asset objects unloaded after import = 1
========================================================================
Received Import Request.
  Time since last request: 0.000011 seconds.
  path: Assets/Scripts/Character Scripts/Base/BasicCharacter.cs
  artifactKey: Guid(0a03c00ae3243ca48adfc5602f985b19) Importer(2089858483,0ecaa5967403d082aa24f35e1b516d23)
Start importing Assets/Scripts/Character Scripts/Base/BasicCharacter.cs using Guid(0a03c00ae3243ca48adfc5602f985b19) Importer(2089858483,0ecaa5967403d082aa24f35e1b516d23)  -> (artifact id: '136c69e8a4d75907a47c24c985946d5e') in 0.004195 seconds
Number of updated asset objects reloaded before import = 0
Number of asset objects unloaded after import = 1
========================================================================
Received Import Request.
  Time since last request: 0.000010 seconds.
  path: Assets/Resources/Art/Housing/Furniture.png
  artifactKey: Guid(c319f551b699c1c42af93b279aa32c38) Importer(2089858483,0ecaa5967403d082aa24f35e1b516d23)
Start importing Assets/Resources/Art/Housing/Furniture.png using Guid(c319f551b699c1c42af93b279aa32c38) Importer(2089858483,0ecaa5967403d082aa24f35e1b516d23)  -> (artifact id: '8931a16882012babca08a675a8c86328') in 0.014065 seconds
Number of updated asset objects reloaded before import = 0
Number of asset objects unloaded after import = 3
========================================================================
Received Import Request.
  Time since last request: 0.000012 seconds.
  path: Assets/Resources/Animations/TitleScreen Animations/New Sprite 2.controller
  artifactKey: Guid(a704eb605273d5247a957832d1f16b38) Importer(2089858483,0ecaa5967403d082aa24f35e1b516d23)
Start importing Assets/Resources/Animations/TitleScreen Animations/New Sprite 2.controller using Guid(a704eb605273d5247a957832d1f16b38) Importer(2089858483,0ecaa5967403d082aa24f35e1b516d23)  -> (artifact id: 'a2adc056d0648fa987aed4ca31d7ff5e') in 0.004799 seconds
Number of updated asset objects reloaded before import = 0
Number of asset objects unloaded after import = 4
========================================================================
Received Import Request.
  Time since last request: 0.000011 seconds.
  path: Assets/Resources/Animations/Effect Animations/Smoke.anim
  artifactKey: Guid(26a1ffd63ef7d9544828551da2122163) Importer(2089858483,0ecaa5967403d082aa24f35e1b516d23)
Start importing Assets/Resources/Animations/Effect Animations/Smoke.anim using Guid(26a1ffd63ef7d9544828551da2122163) Importer(2089858483,0ecaa5967403d082aa24f35e1b516d23)  -> (artifact id: 'e8dd6c4a694d2f64fb10ee6d41351204') in 0.007464 seconds
Number of updated asset objects reloaded before import = 0
Number of asset objects unloaded after import = 2
========================================================================
Received Import Request.
  Time since last request: 0.000013 seconds.
  path: Assets/Resources/Animations/Effect Animations/Zeige Item.controller
  artifactKey: Guid(47d8aab5788a8e147966f94bfd2288ab) Importer(2089858483,0ecaa5967403d082aa24f35e1b516d23)
Start importing Assets/Resources/Animations/Effect Animations/Zeige Item.controller using Guid(47d8aab5788a8e147966f94bfd2288ab) Importer(2089858483,0ecaa5967403d082aa24f35e1b516d23)  -> (artifact id: '6b238a3d893fb1ca4ad954369acec7e9') in 0.004318 seconds
Number of updated asset objects reloaded before import = 0
Number of asset objects unloaded after import = 4
========================================================================
Received Import Request.
  Time since last request: 0.000017 seconds.
  path: Assets/Resources/Audio/Soundeffects/Low Mana.wav
  artifactKey: Guid(219ca0edf849a9743b6ee20119564e10) Importer(2089858483,0ecaa5967403d082aa24f35e1b516d23)
Start importing Assets/Resources/Audio/Soundeffects/Low Mana.wav using Guid(219ca0edf849a9743b6ee20119564e10) Importer(2089858483,0ecaa5967403d082aa24f35e1b516d23)  -> (artifact id: '440cdb0cc065b5e1e24c3d9096e9f71a') in 0.021292 seconds
Number of updated asset objects reloaded before import = 0
Number of asset objects unloaded after import = 1
========================================================================
Received Import Request.
  Time since last request: 0.000012 seconds.
  path: Assets/Resources/Art/Weather/cloud shadows.png
  artifactKey: Guid(59ead3fbf85dcd240a265e7cf52340b7) Importer(2089858483,0ecaa5967403d082aa24f35e1b516d23)
Start importing Assets/Resources/Art/Weather/cloud shadows.png using Guid(59ead3fbf85dcd240a265e7cf52340b7) Importer(2089858483,0ecaa5967403d082aa24f35e1b516d23)  -> (artifact id: 'c4cf4a524fbe9223ebf863ddc26d8b18') in 0.202490 seconds
Number of updated asset objects reloaded before import = 0
Number of asset objects unloaded after import = 3
========================================================================
Received Import Request.
  Time since last request: 0.000013 seconds.
  path: Assets/Resources/Animations/Effect Animations/flowNumberOnScreen.anim
  artifactKey: Guid(0b94937a85a760d4ca5418ae995da149) Importer(2089858483,0ecaa5967403d082aa24f35e1b516d23)
Start importing Assets/Resources/Animations/Effect Animations/flowNumberOnScreen.anim using Guid(0b94937a85a760d4ca5418ae995da149) Importer(2089858483,0ecaa5967403d082aa24f35e1b516d23)  -> (artifact id: '75dd23052b5e6a56afef0b22ea67460c') in 0.005392 seconds
Number of updated asset objects reloaded before import = 0
Number of asset objects unloaded after import = 1
========================================================================
Received Import Request.
  Time since last request: 0.000018 seconds.
  path: Assets/Resources/Art/TitleScreen/Cursor.png
  artifactKey: Guid(d1d65ecf8d4294445b4188024a1eb7ef) Importer(2089858483,0ecaa5967403d082aa24f35e1b516d23)
Start importing Assets/Resources/Art/TitleScreen/Cursor.png using Guid(d1d65ecf8d4294445b4188024a1eb7ef) Importer(2089858483,0ecaa5967403d082aa24f35e1b516d23)  -> (artifact id: 'f87241b4897e6c810e171a6e8f81c026') in 0.015844 seconds
Number of updated asset objects reloaded before import = 0
Number of asset objects unloaded after import = 1
========================================================================
Received Import Request.
  Time since last request: 0.000012 seconds.
  path: Assets/Resources/Art/UI/Controls.png
  artifactKey: Guid(e69f0c5e640be364ab0e015f632f509a) Importer(2089858483,0ecaa5967403d082aa24f35e1b516d23)
Start importing Assets/Resources/Art/UI/Controls.png using Guid(e69f0c5e640be364ab0e015f632f509a) Importer(2089858483,0ecaa5967403d082aa24f35e1b516d23)  -> (artifact id: 'c0dbb657362f294b22625184cc3becb9') in 0.053209 seconds
Number of updated asset objects reloaded before import = 0
Number of asset objects unloaded after import = 4
========================================================================
Received Import Request.
  Time since last request: 0.000011 seconds.
  path: Assets/Resources/Animations/UI Animations/increase bar.anim
  artifactKey: Guid(21ab7ebf886c6864289f738a223d8ed9) Importer(2089858483,0ecaa5967403d082aa24f35e1b516d23)
Start importing Assets/Resources/Animations/UI Animations/increase bar.anim using Guid(21ab7ebf886c6864289f738a223d8ed9) Importer(2089858483,0ecaa5967403d082aa24f35e1b516d23)  -> (artifact id: '2fef39dfcbcff7ddf999eb8e3e930675') in 0.090308 seconds
Number of updated asset objects reloaded before import = 0
Number of asset objects unloaded after import = 1
========================================================================
Received Import Request.
  Time since last request: 0.000012 seconds.
  path: Assets/Scripts/Menu Scripts/Main Menu/MainMenuBehaviour.cs
  artifactKey: Guid(e96255123f53a1a4088fed1fadec72fa) Importer(2089858483,0ecaa5967403d082aa24f35e1b516d23)
Start importing Assets/Scripts/Menu Scripts/Main Menu/MainMenuBehaviour.cs using Guid(e96255123f53a1a4088fed1fadec72fa) Importer(2089858483,0ecaa5967403d082aa24f35e1b516d23)  -> (artifact id: '7ea63bf13e092b852a037aec1e74162b') in 0.004320 seconds
Number of updated asset objects reloaded before import = 0
Number of asset objects unloaded after import = 1
========================================================================
Received Import Request.
  Time since last request: 0.000012 seconds.
  path: Assets/Scripts/Menu Scripts/Savepoint/SavePointInfo.cs
  artifactKey: Guid(911e76a6b7f4fae46abd17172078c3b1) Importer(2089858483,0ecaa5967403d082aa24f35e1b516d23)
Start importing Assets/Scripts/Menu Scripts/Savepoint/SavePointInfo.cs using Guid(911e76a6b7f4fae46abd17172078c3b1) Importer(2089858483,0ecaa5967403d082aa24f35e1b516d23)  -> (artifact id: '2e9b8aaaf599d87826196bf32be71d26') in 0.003816 seconds
Number of updated asset objects reloaded before import = 0
Number of asset objects unloaded after import = 1
========================================================================
Received Import Request.
  Time since last request: 0.000013 seconds.
  path: Assets/Scripts/Menu Scripts/Options/ActionButtonUITranslation.cs
  artifactKey: Guid(6947de24509770247ad71ca5522a1abc) Importer(2089858483,0ecaa5967403d082aa24f35e1b516d23)
Start importing Assets/Scripts/Menu Scripts/Options/ActionButtonUITranslation.cs using Guid(6947de24509770247ad71ca5522a1abc) Importer(2089858483,0ecaa5967403d082aa24f35e1b516d23)  -> (artifact id: '70f8d9710dad4fbc6082b6c750a77f74') in 0.004546 seconds
Number of updated asset objects reloaded before import = 0
Number of asset objects unloaded after import = 1
========================================================================
Received Import Request.
  Time since last request: 0.000022 seconds.
  path: Assets/Scripts/Menu Scripts/Inventory/InventorySlot.cs
  artifactKey: Guid(14209fed3f4668549b1918166d3ed4b1) Importer(2089858483,0ecaa5967403d082aa24f35e1b516d23)
Start importing Assets/Scripts/Menu Scripts/Inventory/InventorySlot.cs using Guid(14209fed3f4668549b1918166d3ed4b1) Importer(2089858483,0ecaa5967403d082aa24f35e1b516d23)  -> (artifact id: '370c96f9f02727a5f95adc609c04f90b') in 0.005167 seconds
Number of updated asset objects reloaded before import = 0
Number of asset objects unloaded after import = 1
========================================================================
Received Import Request.
  Time since last request: 0.000019 seconds.
  path: Assets/Scripts/Menu Scripts/Death Screen/DeathScreen.cs
  artifactKey: Guid(307181bca8f9b7244b2468343fa8acc9) Importer(2089858483,0ecaa5967403d082aa24f35e1b516d23)
Start importing Assets/Scripts/Menu Scripts/Death Screen/DeathScreen.cs using Guid(307181bca8f9b7244b2468343fa8acc9) Importer(2089858483,0ecaa5967403d082aa24f35e1b516d23)  -> (artifact id: '242218e96d565563d7c5ef8c3ddda793') in 0.003723 seconds
Number of updated asset objects reloaded before import = 0
Number of asset objects unloaded after import = 1
========================================================================
Received Import Request.
  Time since last request: 0.000017 seconds.
  path: Assets/Scripts/Menu Scripts/HUD/ItemHUDElement.cs
  artifactKey: Guid(da22f18c1d95cbc44b7c5aa3b3df843c) Importer(2089858483,0ecaa5967403d082aa24f35e1b516d23)
Start importing Assets/Scripts/Menu Scripts/HUD/ItemHUDElement.cs using Guid(da22f18c1d95cbc44b7c5aa3b3df843c) Importer(2089858483,0ecaa5967403d082aa24f35e1b516d23)  -> (artifact id: 'f5f456372fdf9cc14f084e760990fd7a') in 0.119250 seconds
Number of updated asset objects reloaded before import = 0
Number of asset objects unloaded after import = 1
========================================================================
Received Import Request.
  Time since last request: 0.000023 seconds.
  path: Assets/Scripts/Menu Scripts/HUD/Fading.cs
  artifactKey: Guid(dc19538cba750a745a4be7d418f5f129) Importer(2089858483,0ecaa5967403d082aa24f35e1b516d23)
Start importing Assets/Scripts/Menu Scripts/HUD/Fading.cs using Guid(dc19538cba750a745a4be7d418f5f129) Importer(2089858483,0ecaa5967403d082aa24f35e1b516d23)  -> (artifact id: '2a4126b84424b87722462e45dd911638') in 0.005178 seconds
Number of updated asset objects reloaded before import = 0
Number of asset objects unloaded after import = 1
========================================================================
Received Import Request.
  Time since last request: 0.000011 seconds.
  path: Assets/Scripts/Menu Scripts/HUD/DateLocation.cs
  artifactKey: Guid(28dbfe572f5a1df4182178bf869a1975) Importer(2089858483,0ecaa5967403d082aa24f35e1b516d23)
Start importing Assets/Scripts/Menu Scripts/HUD/DateLocation.cs using Guid(28dbfe572f5a1df4182178bf869a1975) Importer(2089858483,0ecaa5967403d082aa24f35e1b516d23)  -> (artifact id: '1ac73329ba999f388c4bf4356a5d65a8') in 0.004154 seconds
Number of updated asset objects reloaded before import = 0
Number of asset objects unloaded after import = 1
========================================================================
Received Import Request.
  Time since last request: 0.000021 seconds.
  path: Assets/Scripts/Menu Scripts/Skillbook Menu/SkillMenu.cs
  artifactKey: Guid(7635100212f0a194fabef82456f07e96) Importer(2089858483,0ecaa5967403d082aa24f35e1b516d23)
Start importing Assets/Scripts/Menu Scripts/Skillbook Menu/SkillMenu.cs using Guid(7635100212f0a194fabef82456f07e96) Importer(2089858483,0ecaa5967403d082aa24f35e1b516d23)  -> (artifact id: '2e6b4c6c6ae8f101f928419bb75774f4') in 0.003960 seconds
Number of updated asset objects reloaded before import = 0
Number of asset objects unloaded after import = 1
========================================================================
Received Import Request.
  Time since last request: 0.000010 seconds.
  path: Assets/Scripts/Menu Scripts/Skillbook Menu/SkillPage.cs
  artifactKey: Guid(04752ec8cebd57944b4ca2b88c8952e9) Importer(2089858483,0ecaa5967403d082aa24f35e1b516d23)
Start importing Assets/Scripts/Menu Scripts/Skillbook Menu/SkillPage.cs using Guid(04752ec8cebd57944b4ca2b88c8952e9) Importer(2089858483,0ecaa5967403d082aa24f35e1b516d23)  -> (artifact id: '14527767bc0a8584d08e87912c1736f0') in 0.044615 seconds
Number of updated asset objects reloaded before import = 0
Number of asset objects unloaded after import = 1
========================================================================
Received Import Request.
  Time since last request: 0.000012 seconds.
  path: Assets/Scripts/Skill Scripts/Modifier/SkillModifier.cs
  artifactKey: Guid(b28fdfdb13db6de45adc5ad1ff76beed) Importer(2089858483,0ecaa5967403d082aa24f35e1b516d23)
Start importing Assets/Scripts/Skill Scripts/Modifier/SkillModifier.cs using Guid(b28fdfdb13db6de45adc5ad1ff76beed) Importer(2089858483,0ecaa5967403d082aa24f35e1b516d23)  -> (artifact id: '56b0e4c2044928b98cf3f7fbe00e303e') in 0.065661 seconds
Number of updated asset objects reloaded before import = 0
Number of asset objects unloaded after import = 1
========================================================================
Received Import Request.
  Time since last request: 0.000013 seconds.
  path: Assets/Scripts/Menu Scripts/Options/UIButtonLayout.cs
  artifactKey: Guid(eebb7f893c7c9024f90f0e78795a8a4e) Importer(2089858483,0ecaa5967403d082aa24f35e1b516d23)
Start importing Assets/Scripts/Menu Scripts/Options/UIButtonLayout.cs using Guid(eebb7f893c7c9024f90f0e78795a8a4e) Importer(2089858483,0ecaa5967403d082aa24f35e1b516d23)  -> (artifact id: '62d585eeda0d2fe2e6f3d83aa8a858da') in 0.004652 seconds
Number of updated asset objects reloaded before import = 0
Number of asset objects unloaded after import = 1
========================================================================
Received Import Request.
  Time since last request: 0.000013 seconds.
  path: Assets/Scripts/Menu Scripts/General/HorizontalGroupSprites.cs
  artifactKey: Guid(09df5f05b14863243a52fb27864cf15c) Importer(2089858483,0ecaa5967403d082aa24f35e1b516d23)
Start importing Assets/Scripts/Menu Scripts/General/HorizontalGroupSprites.cs using Guid(09df5f05b14863243a52fb27864cf15c) Importer(2089858483,0ecaa5967403d082aa24f35e1b516d23)  -> (artifact id: '8eb76b8209bcc1c511f5b8059e2a5689') in 0.011370 seconds
Number of updated asset objects reloaded before import = 0
Number of asset objects unloaded after import = 1
========================================================================
Received Import Request.
  Time since last request: 0.000011 seconds.
  path: Assets/Scripts/Menu Scripts/Currencies/CurrencyUI.cs
  artifactKey: Guid(8ea737fbae30e5f4eb23da667a874f48) Importer(2089858483,0ecaa5967403d082aa24f35e1b516d23)
Start importing Assets/Scripts/Menu Scripts/Currencies/CurrencyUI.cs using Guid(8ea737fbae30e5f4eb23da667a874f48) Importer(2089858483,0ecaa5967403d082aa24f35e1b516d23)  -> (artifact id: '33820aef8225c51b0cca980f5c34b57e') in 0.004180 seconds
Number of updated asset objects reloaded before import = 0
Number of asset objects unloaded after import = 1
========================================================================
Received Import Request.
  Time since last request: 0.000013 seconds.
  path: Assets/Scripts/Menu Scripts/Tutorial/TutorialBox.cs
  artifactKey: Guid(ae473f84817fad140af278c5e4ed24d4) Importer(2089858483,0ecaa5967403d082aa24f35e1b516d23)
Start importing Assets/Scripts/Menu Scripts/Tutorial/TutorialBox.cs using Guid(ae473f84817fad140af278c5e4ed24d4) Importer(2089858483,0ecaa5967403d082aa24f35e1b516d23)  -> (artifact id: '32bba44daf6f1234fe8267d415c6db7d') in 0.004157 seconds
Number of updated asset objects reloaded before import = 0
Number of asset objects unloaded after import = 1
========================================================================
Received Import Request.
  Time since last request: 0.000011 seconds.
  path: Assets/Scripts/Menu Scripts/Options/ResolutionMenu.cs
  artifactKey: Guid(24c1a9e061ecb4b45a9910c498c99394) Importer(2089858483,0ecaa5967403d082aa24f35e1b516d23)
Start importing Assets/Scripts/Menu Scripts/Options/ResolutionMenu.cs using Guid(24c1a9e061ecb4b45a9910c498c99394) Importer(2089858483,0ecaa5967403d082aa24f35e1b516d23)  -> (artifact id: 'f3e90d07f497134aace64fca0c402833') in 0.005316 seconds
Number of updated asset objects reloaded before import = 0
Number of asset objects unloaded after import = 1
========================================================================
Received Import Request.
  Time since last request: 0.000013 seconds.
  path: Assets/Scripts/Menu Scripts/Teleport/ReadyWindowBox.cs
  artifactKey: Guid(c7bf7e94cd5143b41961133b03f3ae7c) Importer(2089858483,0ecaa5967403d082aa24f35e1b516d23)
Start importing Assets/Scripts/Menu Scripts/Teleport/ReadyWindowBox.cs using Guid(c7bf7e94cd5143b41961133b03f3ae7c) Importer(2089858483,0ecaa5967403d082aa24f35e1b516d23)  -> (artifact id: '6a220a1a92271234782e8a748d593e19') in 0.005015 seconds
Number of updated asset objects reloaded before import = 0
Number of asset objects unloaded after import = 1
========================================================================
Received Import Request.
  Time since last request: 0.000022 seconds.
  path: Assets/Scripts/Menu Scripts/Cursor and InfoBox/GamePadUILayout.cs
  artifactKey: Guid(5a901a3a611c4bb4fa8d19b51a884988) Importer(2089858483,0ecaa5967403d082aa24f35e1b516d23)
Start importing Assets/Scripts/Menu Scripts/Cursor and InfoBox/GamePadUILayout.cs using Guid(5a901a3a611c4bb4fa8d19b51a884988) Importer(2089858483,0ecaa5967403d082aa24f35e1b516d23)  -> (artifact id: '173328b7296575b16db95a0dbad72466') in 0.004050 seconds
Number of updated asset objects reloaded before import = 0
Number of asset objects unloaded after import = 1
========================================================================
Received Import Request.
  Time since last request: 0.000011 seconds.
  path: Assets/Scripts/Menu Scripts/Manager/OnCancelManager.cs
  artifactKey: Guid(61aa4d8ea6da4234a85b181b52596baa) Importer(2089858483,0ecaa5967403d082aa24f35e1b516d23)
Start importing Assets/Scripts/Menu Scripts/Manager/OnCancelManager.cs using Guid(61aa4d8ea6da4234a85b181b52596baa) Importer(2089858483,0ecaa5967403d082aa24f35e1b516d23)  -> (artifact id: 'ffa4ba0543b648215dcb455f5bb031f4') in 0.004313 seconds
Number of updated asset objects reloaded before import = 0
Number of asset objects unloaded after import = 1
========================================================================
Received Import Request.
  Time since last request: 0.000012 seconds.
  path: Assets/Scripts/Menu Scripts/Inventory/CurrencyInventoryUI.cs
  artifactKey: Guid(5e725b81c24fcde40b3a75a29ace7a6a) Importer(2089858483,0ecaa5967403d082aa24f35e1b516d23)
Start importing Assets/Scripts/Menu Scripts/Inventory/CurrencyInventoryUI.cs using Guid(5e725b81c24fcde40b3a75a29ace7a6a) Importer(2089858483,0ecaa5967403d082aa24f35e1b516d23)  -> (artifact id: '3e836fcf828cdad951dc0bfdc661f974') in 0.004943 seconds
Number of updated asset objects reloaded before import = 0
Number of asset objects unloaded after import = 1
========================================================================
Received Import Request.
  Time since last request: 0.000013 seconds.
  path: Assets/Scripts/Menu Scripts/HUD/OverlayFrameHandler.cs
  artifactKey: Guid(d9686bc4f171f5645abbb50b78e5687a) Importer(2089858483,0ecaa5967403d082aa24f35e1b516d23)
Start importing Assets/Scripts/Menu Scripts/HUD/OverlayFrameHandler.cs using Guid(d9686bc4f171f5645abbb50b78e5687a) Importer(2089858483,0ecaa5967403d082aa24f35e1b516d23)  -> (artifact id: '0f835bdf160649cb1864284d5b5a5e84') in 0.007633 seconds
Number of updated asset objects reloaded before import = 0
Number of asset objects unloaded after import = 1
========================================================================
Received Import Request.
  Time since last request: 0.000013 seconds.
  path: Assets/Resources/Animations/TitleScreen Animations/Green Crystal.anim
  artifactKey: Guid(a473b7a3767849b4e9aeb801708de9c6) Importer(2089858483,0ecaa5967403d082aa24f35e1b516d23)
Start importing Assets/Resources/Animations/TitleScreen Animations/Green Crystal.anim using Guid(a473b7a3767849b4e9aeb801708de9c6) Importer(2089858483,0ecaa5967403d082aa24f35e1b516d23)  -> (artifact id: '6de6f11a5536c06d0b3e26dc5e88706d') in 0.006667 seconds
Number of updated asset objects reloaded before import = 0
Number of asset objects unloaded after import = 1
========================================================================
Received Import Request.
  Time since last request: 0.000014 seconds.
  path: Assets/Resources/Art/Objekte/Objekte.png
  artifactKey: Guid(b0b8d75b616ba6e42aa4ea4103267705) Importer(2089858483,0ecaa5967403d082aa24f35e1b516d23)
Start importing Assets/Resources/Art/Objekte/Objekte.png using Guid(b0b8d75b616ba6e42aa4ea4103267705) Importer(2089858483,0ecaa5967403d082aa24f35e1b516d23)  -> (artifact id: '3353ae54bff26087fcb09bdf99c152cd') in 0.062065 seconds
Number of updated asset objects reloaded before import = 0
Number of asset objects unloaded after import = 37
========================================================================
Received Import Request.
  Time since last request: 0.000012 seconds.
  path: Assets/Resources/Animations/StatusEffectAnimations/Feuer Idle.anim
  artifactKey: Guid(eca60e704619d4c44832b44dd656176d) Importer(2089858483,0ecaa5967403d082aa24f35e1b516d23)
Start importing Assets/Resources/Animations/StatusEffectAnimations/Feuer Idle.anim using Guid(eca60e704619d4c44832b44dd656176d) Importer(2089858483,0ecaa5967403d082aa24f35e1b516d23)  -> (artifact id: 'de54c58db20731ae1766a2bd8a3c50f6') in 0.039343 seconds
Number of updated asset objects reloaded before import = 0
Number of asset objects unloaded after import = 1
========================================================================
Received Import Request.
  Time since last request: 0.000017 seconds.
  path: Assets/Scripts/Menu Scripts/Currencies/CurrencySlot.cs
  artifactKey: Guid(7bac9def0001fb648a2cf90134a8c985) Importer(2089858483,0ecaa5967403d082aa24f35e1b516d23)
Start importing Assets/Scripts/Menu Scripts/Currencies/CurrencySlot.cs using Guid(7bac9def0001fb648a2cf90134a8c985) Importer(2089858483,0ecaa5967403d082aa24f35e1b516d23)  -> (artifact id: '818b51da62b48fc7c19c66215e1c6151') in 0.053836 seconds
Number of updated asset objects reloaded before import = 0
Number of asset objects unloaded after import = 1
========================================================================
Received Import Request.
  Time since last request: 0.000019 seconds.
  path: Assets/Resources/Art/Atlas/UI.spriteatlas
  artifactKey: Guid(6d792b6dd9245ff44b834decdf949ad6) Importer(2089858483,0ecaa5967403d082aa24f35e1b516d23)
Start importing Assets/Resources/Art/Atlas/UI.spriteatlas using Guid(6d792b6dd9245ff44b834decdf949ad6) Importer(2089858483,0ecaa5967403d082aa24f35e1b516d23)  -> (artifact id: '703d5dc089f042e32c1e62266d3f2001') in 0.004373 seconds
Number of updated asset objects reloaded before import = 0
Number of asset objects unloaded after import = 1
========================================================================
Received Import Request.
  Time since last request: 0.000010 seconds.
  path: Assets/Resources/Art/Objekte/Enviroment.png
  artifactKey: Guid(74e4f8b875afd5c42a8a2c4c7a20244d) Importer(2089858483,0ecaa5967403d082aa24f35e1b516d23)
Start importing Assets/Resources/Art/Objekte/Enviroment.png using Guid(74e4f8b875afd5c42a8a2c4c7a20244d) Importer(2089858483,0ecaa5967403d082aa24f35e1b516d23)  -> (artifact id: '4ee31524aeb4c42dbb212f9846dfcc29') in 0.042691 seconds
Number of updated asset objects reloaded before import = 0
Number of asset objects unloaded after import = 11
========================================================================
Received Import Request.
  Time since last request: 0.001441 seconds.
  path: Assets/Resources/Animations/Player Animations/Character.controller
  artifactKey: Guid(e785c4b2f9bbedb4bb6b45a0bbcd1f93) Importer(2089858483,0ecaa5967403d082aa24f35e1b516d23)
Start importing Assets/Resources/Animations/Player Animations/Character.controller using Guid(e785c4b2f9bbedb4bb6b45a0bbcd1f93) Importer(2089858483,0ecaa5967403d082aa24f35e1b516d23)  -> (artifact id: '487e81218baed67e1d53a77c08693829') in 0.010084 seconds
Number of updated asset objects reloaded before import = 0
Number of asset objects unloaded after import = 42
========================================================================
Received Import Request.
  Time since last request: 0.000011 seconds.
  path: Assets/Scripts/Game Scripts/Event Systems/MiniGameEvents.cs
  artifactKey: Guid(a718f1a91979781419ac776f79a6326a) Importer(2089858483,0ecaa5967403d082aa24f35e1b516d23)
Start importing Assets/Scripts/Game Scripts/Event Systems/MiniGameEvents.cs using Guid(a718f1a91979781419ac776f79a6326a) Importer(2089858483,0ecaa5967403d082aa24f35e1b516d23)  -> (artifact id: 'b6d6206623abcc0cf36e6a5be82a18c6') in 0.004586 seconds
Number of updated asset objects reloaded before import = 0
Number of asset objects unloaded after import = 1
========================================================================
Received Import Request.
  Time since last request: 0.000013 seconds.
  path: Assets/Resources/Animations/StatusEffectAnimations/Feuer.controller
  artifactKey: Guid(bc1ea0cd8124b4a478d3bdee9989ca66) Importer(2089858483,0ecaa5967403d082aa24f35e1b516d23)
Start importing Assets/Resources/Animations/StatusEffectAnimations/Feuer.controller using Guid(bc1ea0cd8124b4a478d3bdee9989ca66) Importer(2089858483,0ecaa5967403d082aa24f35e1b516d23)  -> (artifact id: '129677ad6ab1a03314bd641fcf00ae70') in 0.043475 seconds
Number of updated asset objects reloaded before import = 0
Number of asset objects unloaded after import = 4
========================================================================
Received Import Request.
  Time since last request: 0.000013 seconds.
  path: Assets/Plugins/Sirenix/Assemblies/Sirenix.Serialization.dll
  artifactKey: Guid(5f3147f7af4c49739579b966c458f5e4) Importer(2089858483,0ecaa5967403d082aa24f35e1b516d23)
Start importing Assets/Plugins/Sirenix/Assemblies/Sirenix.Serialization.dll using Guid(5f3147f7af4c49739579b966c458f5e4) Importer(2089858483,0ecaa5967403d082aa24f35e1b516d23)  -> (artifact id: '69ab9d05cfcd429cddd5605d5a17b697') in 0.008530 seconds
Number of updated asset objects reloaded before import = 0
Number of asset objects unloaded after import = 1
========================================================================
Received Import Request.
  Time since last request: 0.000013 seconds.
  path: Assets/Scripts/Menu Scripts/Character Creation/CharacterCreatorButton.cs
  artifactKey: Guid(f943325e98d2dc449b32865ac8871b46) Importer(2089858483,0ecaa5967403d082aa24f35e1b516d23)
Start importing Assets/Scripts/Menu Scripts/Character Creation/CharacterCreatorButton.cs using Guid(f943325e98d2dc449b32865ac8871b46) Importer(2089858483,0ecaa5967403d082aa24f35e1b516d23)  -> (artifact id: '91b6ef6762d7e1629760dc03a6410c14') in 0.004701 seconds
Number of updated asset objects reloaded before import = 0
Number of asset objects unloaded after import = 1
========================================================================
Received Import Request.
  Time since last request: 0.000012 seconds.
  path: Assets/Resources/Scriptable Objects/Loot Tables/Stone Loot.asset
  artifactKey: Guid(4f2a762703799ae46a4fc6dd95902f44) Importer(2089858483,0ecaa5967403d082aa24f35e1b516d23)
Start importing Assets/Resources/Scriptable Objects/Loot Tables/Stone Loot.asset using Guid(4f2a762703799ae46a4fc6dd95902f44) Importer(2089858483,0ecaa5967403d082aa24f35e1b516d23)  -> (artifact id: '4643cf9c6541f2c6a51d6b106e46bfe3') in 0.075708 seconds
Number of updated asset objects reloaded before import = 0
Number of asset objects unloaded after import = 97
========================================================================
Received Import Request.
  Time since last request: 0.000014 seconds.
  path: Assets/Resources/Audio/Soundeffects/Flame.ogg
  artifactKey: Guid(9a8fedcd3245c214bb5c86a7a43767ca) Importer(2089858483,0ecaa5967403d082aa24f35e1b516d23)
Start importing Assets/Resources/Audio/Soundeffects/Flame.ogg using Guid(9a8fedcd3245c214bb5c86a7a43767ca) Importer(2089858483,0ecaa5967403d082aa24f35e1b516d23)  -> (artifact id: '001ca4ccc448dc834f1f9e64c5a84cdb') in 0.062071 seconds
Number of updated asset objects reloaded before import = 0
Number of asset objects unloaded after import = 1
========================================================================
Received Import Request.
  Time since last request: 0.000020 seconds.
  path: Assets/Scripts/Character Scripts/NPC/AICombat.cs
  artifactKey: Guid(b0f5ecf49a5ed0c4784502d8b6f90d1d) Importer(2089858483,0ecaa5967403d082aa24f35e1b516d23)
Start importing Assets/Scripts/Character Scripts/NPC/AICombat.cs using Guid(b0f5ecf49a5ed0c4784502d8b6f90d1d) Importer(2089858483,0ecaa5967403d082aa24f35e1b516d23)  -> (artifact id: 'f8e49e636f9041e8c2a99cb62ccc426c') in 0.003844 seconds
Number of updated asset objects reloaded before import = 0
Number of asset objects unloaded after import = 1
========================================================================
Received Import Request.
  Time since last request: 0.000010 seconds.
  path: Assets/Resources/Animations/Player Animations/Walk Down.anim
  artifactKey: Guid(c4ba341f382ce4b4a85e89a8ab72ff34) Importer(2089858483,0ecaa5967403d082aa24f35e1b516d23)
Start importing Assets/Resources/Animations/Player Animations/Walk Down.anim using Guid(c4ba341f382ce4b4a85e89a8ab72ff34) Importer(2089858483,0ecaa5967403d082aa24f35e1b516d23)  -> (artifact id: '4ea948853785721c1f5f34c969e759d9') in 0.006313 seconds
Number of updated asset objects reloaded before import = 0
Number of asset objects unloaded after import = 1
========================================================================
Received Import Request.
  Time since last request: 0.000010 seconds.
  path: Assets/Resources/Scriptable Objects/Movement Stats/Patrol.asset
  artifactKey: Guid(4ec6b2fc12e8808479dca1b601f0bd6d) Importer(2089858483,0ecaa5967403d082aa24f35e1b516d23)
Start importing Assets/Resources/Scriptable Objects/Movement Stats/Patrol.asset using Guid(4ec6b2fc12e8808479dca1b601f0bd6d) Importer(2089858483,0ecaa5967403d082aa24f35e1b516d23)  -> (artifact id: 'd8426ca5900c93a7db40335c03e96064') in 0.004415 seconds
Number of updated asset objects reloaded before import = 0
Number of asset objects unloaded after import = 1
========================================================================
Received Import Request.
  Time since last request: 0.000010 seconds.
  path: Assets/Resources/Scriptable Objects/Networking/CurrentScene.asset
  artifactKey: Guid(b34fa8ed513eae042b02f332a16bef4e) Importer(2089858483,0ecaa5967403d082aa24f35e1b516d23)
Start importing Assets/Resources/Scriptable Objects/Networking/CurrentScene.asset using Guid(b34fa8ed513eae042b02f332a16bef4e) Importer(2089858483,0ecaa5967403d082aa24f35e1b516d23)  -> (artifact id: '4bcdf8cbf4706532888901077168da0e') in 0.040046 seconds
Number of updated asset objects reloaded before import = 0
Number of asset objects unloaded after import = 1
========================================================================
Received Import Request.
  Time since last request: 0.000015 seconds.
  path: Assets/Scripts/Menu Scripts/Cursor and InfoBox/ScrollBarExtension.cs
  artifactKey: Guid(e6bf652b370cf5d42b07c4c21b130e37) Importer(2089858483,0ecaa5967403d082aa24f35e1b516d23)
Start importing Assets/Scripts/Menu Scripts/Cursor and InfoBox/ScrollBarExtension.cs using Guid(e6bf652b370cf5d42b07c4c21b130e37) Importer(2089858483,0ecaa5967403d082aa24f35e1b516d23)  -> (artifact id: 'a9187b03f9fe03e96395cfef695a5799') in 0.004739 seconds
Number of updated asset objects reloaded before import = 0
Number of asset objects unloaded after import = 1
========================================================================
Received Import Request.
  Time since last request: 0.000013 seconds.
  path: Assets/Resources/Art/TitleScreen/gungnir icon.png
  artifactKey: Guid(a50bf2144c6897447b902b9d20377855) Importer(2089858483,0ecaa5967403d082aa24f35e1b516d23)
Start importing Assets/Resources/Art/TitleScreen/gungnir icon.png using Guid(a50bf2144c6897447b902b9d20377855) Importer(2089858483,0ecaa5967403d082aa24f35e1b516d23)  -> (artifact id: 'd46f1b412c5aa4c43287fc39b892cca4') in 0.065256 seconds
Number of updated asset objects reloaded before import = 0
Number of asset objects unloaded after import = 3
========================================================================
Received Import Request.
  Time since last request: 0.000013 seconds.
  path: Assets/Resources/Prefabs/Boss Sequences/Tower Sequence.prefab
  artifactKey: Guid(309de83a7ac1fb14b87c9db8501ed7c1) Importer(2089858483,0ecaa5967403d082aa24f35e1b516d23)
Start importing Assets/Resources/Prefabs/Boss Sequences/Tower Sequence.prefab using Guid(309de83a7ac1fb14b87c9db8501ed7c1) Importer(2089858483,0ecaa5967403d082aa24f35e1b516d23)  -> (artifact id: '453e0a29f16aec111cc6858a3414e384') in 0.037955 seconds
Number of updated asset objects reloaded before import = 0
Number of asset objects unloaded after import = 64
========================================================================
Received Import Request.
  Time since last request: 0.000013 seconds.
  path: Assets/Scripts/Game Scripts/Event Systems/NetworkEvents.cs
  artifactKey: Guid(2dc65814b0c94494eb9322a47fe59d02) Importer(2089858483,0ecaa5967403d082aa24f35e1b516d23)
Start importing Assets/Scripts/Game Scripts/Event Systems/NetworkEvents.cs using Guid(2dc65814b0c94494eb9322a47fe59d02) Importer(2089858483,0ecaa5967403d082aa24f35e1b516d23)  -> (artifact id: 'ac7b1251fd4fdb03e16d248b933a0f45') in 0.004538 seconds
Number of updated asset objects reloaded before import = 0
Number of asset objects unloaded after import = 1
========================================================================
Received Import Request.
  Time since last request: 0.000018 seconds.
  path: Assets/Resources/Art/Effekte/Warnings.png
  artifactKey: Guid(80a65c1741d006247aa1f805cc5091cb) Importer(2089858483,0ecaa5967403d082aa24f35e1b516d23)
Start importing Assets/Resources/Art/Effekte/Warnings.png using Guid(80a65c1741d006247aa1f805cc5091cb) Importer(2089858483,0ecaa5967403d082aa24f35e1b516d23)  -> (artifact id: '1bf3872e9e26c15b3c6b288cc778c3f7') in 0.023299 seconds
Number of updated asset objects reloaded before import = 0
Number of asset objects unloaded after import = 9
========================================================================
Received Import Request.
  Time since last request: 0.000013 seconds.
  path: Assets/Scripts/Menu Scripts/Map/TileMiniMap.cs
  artifactKey: Guid(224d1d214c755fc4e9108c423b5caaee) Importer(2089858483,0ecaa5967403d082aa24f35e1b516d23)
Start importing Assets/Scripts/Menu Scripts/Map/TileMiniMap.cs using Guid(224d1d214c755fc4e9108c423b5caaee) Importer(2089858483,0ecaa5967403d082aa24f35e1b516d23)  -> (artifact id: '871a10081fdd44a2c81db72cb335b8c9') in 0.004068 seconds
Number of updated asset objects reloaded before import = 0
Number of asset objects unloaded after import = 1
========================================================================
Received Import Request.
  Time since last request: 0.000011 seconds.
  path: Assets/Resources/Scriptable Objects/Aggro Behaviors/None.asset
  artifactKey: Guid(a13e42dfd963b4242b2df5f6566bb748) Importer(2089858483,0ecaa5967403d082aa24f35e1b516d23)
Start importing Assets/Resources/Scriptable Objects/Aggro Behaviors/None.asset using Guid(a13e42dfd963b4242b2df5f6566bb748) Importer(2089858483,0ecaa5967403d082aa24f35e1b516d23)  -> (artifact id: '4ae0c3ca4edf6b28f1a932549bd1bcde') in 0.005555 seconds
Number of updated asset objects reloaded before import = 0
Number of asset objects unloaded after import = 2
========================================================================
Received Import Request.
  Time since last request: 0.000012 seconds.
  path: Assets/Scripts/Character Scripts/Character Resources/CharacterResource.cs
  artifactKey: Guid(e7d4cf692bd8ab94980412caf07227a1) Importer(2089858483,0ecaa5967403d082aa24f35e1b516d23)
Start importing Assets/Scripts/Character Scripts/Character Resources/CharacterResource.cs using Guid(e7d4cf692bd8ab94980412caf07227a1) Importer(2089858483,0ecaa5967403d082aa24f35e1b516d23)  -> (artifact id: '787eb91564b6ec4436be388dd703bba2') in 0.004102 seconds
Number of updated asset objects reloaded before import = 0
Number of asset objects unloaded after import = 1
========================================================================
Received Import Request.
  Time since last request: 0.000014 seconds.
  path: Assets/Scripts/Menu Scripts/Shop/ShopMenuCategory.cs
  artifactKey: Guid(c7d2e0df1c3f6604c965d96a0c4b2db3) Importer(2089858483,0ecaa5967403d082aa24f35e1b516d23)
Start importing Assets/Scripts/Menu Scripts/Shop/ShopMenuCategory.cs using Guid(c7d2e0df1c3f6604c965d96a0c4b2db3) Importer(2089858483,0ecaa5967403d082aa24f35e1b516d23)  -> (artifact id: 'a62b67fad7164ab923a348eb977a5ee5') in 0.004887 seconds
Number of updated asset objects reloaded before import = 0
Number of asset objects unloaded after import = 1
========================================================================
Received Import Request.
  Time since last request: 0.000010 seconds.
  path: Assets/Scripts/Character Scripts/Player Scripts/PlayerWarnings.cs
  artifactKey: Guid(5e2e52e2989ad954484ea0f30b073a53) Importer(2089858483,0ecaa5967403d082aa24f35e1b516d23)
Start importing Assets/Scripts/Character Scripts/Player Scripts/PlayerWarnings.cs using Guid(5e2e52e2989ad954484ea0f30b073a53) Importer(2089858483,0ecaa5967403d082aa24f35e1b516d23)  -> (artifact id: '6e8ca197dac04fb0ac46a4d54bab2912') in 0.003843 seconds
Number of updated asset objects reloaded before import = 0
Number of asset objects unloaded after import = 1
========================================================================
Received Import Request.
  Time since last request: 0.000011 seconds.
  path: Assets/Plugins/Sirenix/Assemblies/Sirenix.Utilities.Editor.dll
  artifactKey: Guid(5c65184932ff4fd48a343e2360256baf) Importer(2089858483,0ecaa5967403d082aa24f35e1b516d23)
Start importing Assets/Plugins/Sirenix/Assemblies/Sirenix.Utilities.Editor.dll using Guid(5c65184932ff4fd48a343e2360256baf) Importer(2089858483,0ecaa5967403d082aa24f35e1b516d23)  -> (artifact id: 'acdd927a154c7ae56d58f9459fcafe64') in 0.006662 seconds
Number of updated asset objects reloaded before import = 0
Number of asset objects unloaded after import = 1
========================================================================
Received Import Request.
  Time since last request: 0.000016 seconds.
  path: Assets/Scripts/Menu Scripts/VR Keyboard/VRKeyboardHandler.cs
  artifactKey: Guid(b93fe606afae7da4f9ffb63fb51efaf3) Importer(2089858483,0ecaa5967403d082aa24f35e1b516d23)
Start importing Assets/Scripts/Menu Scripts/VR Keyboard/VRKeyboardHandler.cs using Guid(b93fe606afae7da4f9ffb63fb51efaf3) Importer(2089858483,0ecaa5967403d082aa24f35e1b516d23)  -> (artifact id: '4a9ceba64371ec34f9878bcd8a4264b4') in 0.004570 seconds
Number of updated asset objects reloaded before import = 0
Number of asset objects unloaded after import = 1
========================================================================
Received Import Request.
  Time since last request: 0.000012 seconds.
  path: Assets/Plugins/Sirenix/Assemblies/Sirenix.OdinInspector.Attributes.dll
  artifactKey: Guid(47a84ebde4ec47fabb620b30cc7a3e5c) Importer(2089858483,0ecaa5967403d082aa24f35e1b516d23)
Start importing Assets/Plugins/Sirenix/Assemblies/Sirenix.OdinInspector.Attributes.dll using Guid(47a84ebde4ec47fabb620b30cc7a3e5c) Importer(2089858483,0ecaa5967403d082aa24f35e1b516d23)  -> (artifact id: '146fd931f27723fbeeab84a3c96702f6') in 0.004317 seconds
Number of updated asset objects reloaded before import = 0
Number of asset objects unloaded after import = 1
========================================================================
Received Import Request.
  Time since last request: 0.000010 seconds.
  path: Assets/Resources/Art/UI/Menues 2.png
  artifactKey: Guid(5464c26078efdbc4199f4e071d46edc0) Importer(2089858483,0ecaa5967403d082aa24f35e1b516d23)
Start importing Assets/Resources/Art/UI/Menues 2.png using Guid(5464c26078efdbc4199f4e071d46edc0) Importer(2089858483,0ecaa5967403d082aa24f35e1b516d23)  -> (artifact id: '2d09dd0e2beca9397ce33b51f9e216e2') in 0.020285 seconds
Number of updated asset objects reloaded before import = 0
Number of asset objects unloaded after import = 3
========================================================================
Received Import Request.
  Time since last request: 0.000012 seconds.
  path: Assets/Resources/Scriptable Objects/Loot Tables/Pot Loot.asset
  artifactKey: Guid(ed3c3de46ef6b354b9f5a782e6002caa) Importer(2089858483,0ecaa5967403d082aa24f35e1b516d23)
Start importing Assets/Resources/Scriptable Objects/Loot Tables/Pot Loot.asset using Guid(ed3c3de46ef6b354b9f5a782e6002caa) Importer(2089858483,0ecaa5967403d082aa24f35e1b516d23)  -> (artifact id: '50427ee4239fa62b0ca389ad06f0898c') in 0.012443 seconds
Number of updated asset objects reloaded before import = 0
Number of asset objects unloaded after import = 98
========================================================================
Received Import Request.
  Time since last request: 0.000010 seconds.
  path: Assets/Resources/Signals/Titania/Boss Start.signal
  artifactKey: Guid(13dc04efec64f8340a7dd6b1851ad919) Importer(2089858483,0ecaa5967403d082aa24f35e1b516d23)
Start importing Assets/Resources/Signals/Titania/Boss Start.signal using Guid(13dc04efec64f8340a7dd6b1851ad919) Importer(2089858483,0ecaa5967403d082aa24f35e1b516d23)  -> (artifact id: '4c99adac0fd93090da6bee1f9a5b124a') in 0.007921 seconds
Number of updated asset objects reloaded before import = 0
Number of asset objects unloaded after import = 1
========================================================================
Received Import Request.
  Time since last request: 0.000011 seconds.
  path: Assets/Resources/Animations/UI Animations/Inventory Coins.anim
  artifactKey: Guid(6ccdb9c567485fc4c89f049aeda55ecd) Importer(2089858483,0ecaa5967403d082aa24f35e1b516d23)
Start importing Assets/Resources/Animations/UI Animations/Inventory Coins.anim using Guid(6ccdb9c567485fc4c89f049aeda55ecd) Importer(2089858483,0ecaa5967403d082aa24f35e1b516d23)  -> (artifact id: '322e4dae1b885580fce51f9cbda20e36') in 0.005444 seconds
Number of updated asset objects reloaded before import = 0
Number of asset objects unloaded after import = 1
========================================================================
Received Import Request.
  Time since last request: 0.000010 seconds.
  path: Assets/Resources/Scriptable Objects/Menu/CutSceneValue.asset
  artifactKey: Guid(8c0f8cb7fca735c4a8f01a8329f52c64) Importer(2089858483,0ecaa5967403d082aa24f35e1b516d23)
Start importing Assets/Resources/Scriptable Objects/Menu/CutSceneValue.asset using Guid(8c0f8cb7fca735c4a8f01a8329f52c64) Importer(2089858483,0ecaa5967403d082aa24f35e1b516d23)  -> (artifact id: 'bc8d9b60f56ea46c9589e19e4c112f9b') in 0.003484 seconds
Number of updated asset objects reloaded before import = 0
Number of asset objects unloaded after import = 1
========================================================================
Received Import Request.
  Time since last request: 0.000013 seconds.
  path: Assets/Scripts/Character Scripts/NPC/AIAggroTrigger.cs
  artifactKey: Guid(f9f80b21aee0d2f47a0e58afdc49b328) Importer(2089858483,0ecaa5967403d082aa24f35e1b516d23)
Start importing Assets/Scripts/Character Scripts/NPC/AIAggroTrigger.cs using Guid(f9f80b21aee0d2f47a0e58afdc49b328) Importer(2089858483,0ecaa5967403d082aa24f35e1b516d23)  -> (artifact id: '39c0aa622485b3779b66349529769800') in 0.003805 seconds
Number of updated asset objects reloaded before import = 0
Number of asset objects unloaded after import = 1
========================================================================
Received Import Request.
  Time since last request: 0.000018 seconds.
  path: Assets/Resources/Animations/Effect Animations/RPGNumber.controller
  artifactKey: Guid(6e7585f235ec81441a909662f4a65fda) Importer(2089858483,0ecaa5967403d082aa24f35e1b516d23)
Start importing Assets/Resources/Animations/Effect Animations/RPGNumber.controller using Guid(6e7585f235ec81441a909662f4a65fda) Importer(2089858483,0ecaa5967403d082aa24f35e1b516d23)  -> (artifact id: '17d4cb2d83106595e87f44a56a519f97') in 0.003700 seconds
Number of updated asset objects reloaded before import = 0
Number of asset objects unloaded after import = 3
========================================================================
Received Import Request.
  Time since last request: 0.000010 seconds.
  path: Assets/Resources/Prefabs/StatusEffects/Blind.prefab
  artifactKey: Guid(89c1e2e30ceabdb4a890342f63a46c71) Importer(2089858483,0ecaa5967403d082aa24f35e1b516d23)
Start importing Assets/Resources/Prefabs/StatusEffects/Blind.prefab using Guid(89c1e2e30ceabdb4a890342f63a46c71) Importer(2089858483,0ecaa5967403d082aa24f35e1b516d23)  -> (artifact id: '89da0b0aaab902406857164f1c8a7ba0') in 0.015935 seconds
Number of updated asset objects reloaded before import = 0
Number of asset objects unloaded after import = 18
========================================================================
Received Import Request.
  Time since last request: 0.000013 seconds.
  path: Assets/Resources/Scriptable Objects/Aggro Behaviors/Goddess.asset
  artifactKey: Guid(46e049ec2b630ec40aec487f31843b9f) Importer(2089858483,0ecaa5967403d082aa24f35e1b516d23)
Start importing Assets/Resources/Scriptable Objects/Aggro Behaviors/Goddess.asset using Guid(46e049ec2b630ec40aec487f31843b9f) Importer(2089858483,0ecaa5967403d082aa24f35e1b516d23)  -> (artifact id: '6f8c9b4d1e368e43d140d3e8d1744a31') in 0.005766 seconds
Number of updated asset objects reloaded before import = 0
Number of asset objects unloaded after import = 2
========================================================================
Received Import Request.
  Time since last request: 0.000013 seconds.
  path: Assets/Scripts/Character Scripts/Character Resources/ShopPrice.cs
  artifactKey: Guid(8729d223cdeaa1e40b058839d4651824) Importer(2089858483,0ecaa5967403d082aa24f35e1b516d23)
Start importing Assets/Scripts/Character Scripts/Character Resources/ShopPrice.cs using Guid(8729d223cdeaa1e40b058839d4651824) Importer(2089858483,0ecaa5967403d082aa24f35e1b516d23)  -> (artifact id: '68bbe40015a473a0d169991a8f567676') in 0.005071 seconds
Number of updated asset objects reloaded before import = 0
Number of asset objects unloaded after import = 1
========================================================================
Received Import Request.
  Time since last request: 0.000011 seconds.
  path: Assets/Scripts/Menu Scripts/TitleScreen/GetVersion.cs
  artifactKey: Guid(d49d945c36364be4ca4fca8830a09c47) Importer(2089858483,0ecaa5967403d082aa24f35e1b516d23)
Start importing Assets/Scripts/Menu Scripts/TitleScreen/GetVersion.cs using Guid(d49d945c36364be4ca4fca8830a09c47) Importer(2089858483,0ecaa5967403d082aa24f35e1b516d23)  -> (artifact id: '3fb24f32e188fb455fb74299b81a20d5') in 0.004203 seconds
Number of updated asset objects reloaded before import = 0
Number of asset objects unloaded after import = 1
========================================================================
Received Import Request.
  Time since last request: 0.000013 seconds.
  path: Assets/Scripts/Menu Scripts/VR Keyboard/VRKeyboardButton.cs
  artifactKey: Guid(596be94facdcb6443886898937b0a856) Importer(2089858483,0ecaa5967403d082aa24f35e1b516d23)
Start importing Assets/Scripts/Menu Scripts/VR Keyboard/VRKeyboardButton.cs using Guid(596be94facdcb6443886898937b0a856) Importer(2089858483,0ecaa5967403d082aa24f35e1b516d23)  -> (artifact id: 'f7e99a1a9f6e901ece826ce3f92b8d03') in 0.005602 seconds
Number of updated asset objects reloaded before import = 0
Number of asset objects unloaded after import = 1
========================================================================
Received Import Request.
  Time since last request: 0.000013 seconds.
  path: Assets/Scripts/Menu Scripts/Character Creation/CharacterCreatorTest.cs
  artifactKey: Guid(dfa30a5e614cce44082a5a9d364f7060) Importer(2089858483,0ecaa5967403d082aa24f35e1b516d23)
Start importing Assets/Scripts/Menu Scripts/Character Creation/CharacterCreatorTest.cs using Guid(dfa30a5e614cce44082a5a9d364f7060) Importer(2089858483,0ecaa5967403d082aa24f35e1b516d23)  -> (artifact id: '0824a701a252bafeade2de249236262e') in 0.004707 seconds
Number of updated asset objects reloaded before import = 0
Number of asset objects unloaded after import = 1
========================================================================
Received Import Request.
  Time since last request: 0.000011 seconds.
  path: Assets/Scripts/Menu Scripts/Shop/ShopMenuPlayer.cs
  artifactKey: Guid(e26aafd92669f894383cdfacde951f73) Importer(2089858483,0ecaa5967403d082aa24f35e1b516d23)
Start importing Assets/Scripts/Menu Scripts/Shop/ShopMenuPlayer.cs using Guid(e26aafd92669f894383cdfacde951f73) Importer(2089858483,0ecaa5967403d082aa24f35e1b516d23)  -> (artifact id: 'f4647e5a741ee37f39556bb4b810f9d3') in 0.004047 seconds
Number of updated asset objects reloaded before import = 0
Number of asset objects unloaded after import = 1
========================================================================
Received Import Request.
  Time since last request: 0.000013 seconds.
  path: Assets/Plugins/TextMesh Pro/Sprites/EmojiOne.png
  artifactKey: Guid(dffef66376be4fa480fb02b19edbe903) Importer(2089858483,0ecaa5967403d082aa24f35e1b516d23)
Start importing Assets/Plugins/TextMesh Pro/Sprites/EmojiOne.png using Guid(dffef66376be4fa480fb02b19edbe903) Importer(2089858483,0ecaa5967403d082aa24f35e1b516d23)  -> (artifact id: 'f488b7a4eb1adad32666aebe81effc56') in 0.017014 seconds
Number of updated asset objects reloaded before import = 0
Number of asset objects unloaded after import = 1
========================================================================
Received Import Request.
  Time since last request: 0.000013 seconds.
  path: Assets/Resources/Scriptable Objects/Loot Tables/LootBox Loot.asset
  artifactKey: Guid(23236d0d0ea4bdc47b89bb602b44e9c3) Importer(2089858483,0ecaa5967403d082aa24f35e1b516d23)
Start importing Assets/Resources/Scriptable Objects/Loot Tables/LootBox Loot.asset using Guid(23236d0d0ea4bdc47b89bb602b44e9c3) Importer(2089858483,0ecaa5967403d082aa24f35e1b516d23)  -> (artifact id: 'e6a37083222f92a7ca843fa6c23d51b5') in 0.141148 seconds
Number of updated asset objects reloaded before import = 0
Number of asset objects unloaded after import = 372
========================================================================
Received Import Request.
  Time since last request: 0.000015 seconds.
  path: Assets/Resources/Animations/StatusEffectAnimations/Eis End.anim
  artifactKey: Guid(e33d60e8323643642816a992fc0c6d02) Importer(2089858483,0ecaa5967403d082aa24f35e1b516d23)
Start importing Assets/Resources/Animations/StatusEffectAnimations/Eis End.anim using Guid(e33d60e8323643642816a992fc0c6d02) Importer(2089858483,0ecaa5967403d082aa24f35e1b516d23)  -> (artifact id: 'df416a1918b1181f68be1f1cc5840dcf') in 0.005178 seconds
Number of updated asset objects reloaded before import = 0
Number of asset objects unloaded after import = 1
========================================================================
Received Import Request.
  Time since last request: 0.000018 seconds.
  path: Assets/Resources/Prefabs/TargetingSystem/Targeting System.prefab
  artifactKey: Guid(ccd1b4224daeb3e459b5e782eb2b26f5) Importer(2089858483,0ecaa5967403d082aa24f35e1b516d23)
Start importing Assets/Resources/Prefabs/TargetingSystem/Targeting System.prefab using Guid(ccd1b4224daeb3e459b5e782eb2b26f5) Importer(2089858483,0ecaa5967403d082aa24f35e1b516d23)  -> (artifact id: 'e09ebc6e990520110999b127a7c309aa') in 0.011083 seconds
Number of updated asset objects reloaded before import = 0
Number of asset objects unloaded after import = 14
========================================================================
Received Import Request.
  Time since last request: 0.000011 seconds.
  path: Assets/Scripts/Ingame UI/Enemy/DamageNumbers.cs
  artifactKey: Guid(b573ec3d9bca4ff4dac14ddaf17c596a) Importer(2089858483,0ecaa5967403d082aa24f35e1b516d23)
Start importing Assets/Scripts/Ingame UI/Enemy/DamageNumbers.cs using Guid(b573ec3d9bca4ff4dac14ddaf17c596a) Importer(2089858483,0ecaa5967403d082aa24f35e1b516d23)  -> (artifact id: '181f76739fbf78677402166dab6ccd61') in 0.004118 seconds
Number of updated asset objects reloaded before import = 0
Number of asset objects unloaded after import = 1
========================================================================
Received Import Request.
  Time since last request: 0.000013 seconds.
  path: Assets/Resources/Animations/UI Animations/Image 1.controller
  artifactKey: Guid(e135ee9bc56985542ad1e518073b4053) Importer(2089858483,0ecaa5967403d082aa24f35e1b516d23)
Start importing Assets/Resources/Animations/UI Animations/Image 1.controller using Guid(e135ee9bc56985542ad1e518073b4053) Importer(2089858483,0ecaa5967403d082aa24f35e1b516d23)  -> (artifact id: '45e9345c12373fb3b91d3d2438043f33') in 0.004010 seconds
Number of updated asset objects reloaded before import = 0
Number of asset objects unloaded after import = 4
========================================================================
Received Import Request.
  Time since last request: 0.000010 seconds.
  path: Assets/Scripts/Scriptable Objects/Signals/FloatSignal.cs
  artifactKey: Guid(46d3ae6271a743d4dac09227db8c6bb1) Importer(2089858483,0ecaa5967403d082aa24f35e1b516d23)
Start importing Assets/Scripts/Scriptable Objects/Signals/FloatSignal.cs using Guid(46d3ae6271a743d4dac09227db8c6bb1) Importer(2089858483,0ecaa5967403d082aa24f35e1b516d23)  -> (artifact id: '861a633d589596216a4e95c9cde6d208') in 0.004374 seconds
Number of updated asset objects reloaded before import = 0
Number of asset objects unloaded after import = 1
========================================================================
Received Import Request.
  Time since last request: 0.000012 seconds.
  path: Assets/Resources/Scriptable Objects/StatusEffects/Death Sentence.asset
  artifactKey: Guid(ed737b81017a9504598d315ca436694b) Importer(2089858483,0ecaa5967403d082aa24f35e1b516d23)
Start importing Assets/Resources/Scriptable Objects/StatusEffects/Death Sentence.asset using Guid(ed737b81017a9504598d315ca436694b) Importer(2089858483,0ecaa5967403d082aa24f35e1b516d23)  -> (artifact id: 'ede16c8f613cbd33242e54df16c10d7f') in 0.006699 seconds
Number of updated asset objects reloaded before import = 0
Number of asset objects unloaded after import = 6
========================================================================
Received Import Request.
  Time since last request: 0.000011 seconds.
  path: Assets/Scripts/Game Scripts/Cutscenes/PlayCutscene.cs
  artifactKey: Guid(e5ee705935c51d94a9e678ff8e01f46c) Importer(2089858483,0ecaa5967403d082aa24f35e1b516d23)
Start importing Assets/Scripts/Game Scripts/Cutscenes/PlayCutscene.cs using Guid(e5ee705935c51d94a9e678ff8e01f46c) Importer(2089858483,0ecaa5967403d082aa24f35e1b516d23)  -> (artifact id: '0481b7db1d49cc19b5736fa5a233f89b') in 0.007033 seconds
Number of updated asset objects reloaded before import = 0
Number of asset objects unloaded after import = 1
========================================================================
Received Import Request.
  Time since last request: 0.000010 seconds.
  path: Assets/Scripts/Menu Scripts/Online/OnlineMenu.cs
  artifactKey: Guid(82cbd112abb61b74eb95147c69c4e2c8) Importer(2089858483,0ecaa5967403d082aa24f35e1b516d23)
Start importing Assets/Scripts/Menu Scripts/Online/OnlineMenu.cs using Guid(82cbd112abb61b74eb95147c69c4e2c8) Importer(2089858483,0ecaa5967403d082aa24f35e1b516d23)  -> (artifact id: '1bf53898267838a41aa78f3b6bee6a8f') in 0.005705 seconds
Number of updated asset objects reloaded before import = 0
Number of asset objects unloaded after import = 1
========================================================================
Received Import Request.
  Time since last request: 0.000022 seconds.
  path: Assets/Resources/Scriptable Objects/Indicators/Crosshair.asset
  artifactKey: Guid(1a1339f8b51eb3648a9e6bf2101a7bcd) Importer(2089858483,0ecaa5967403d082aa24f35e1b516d23)
Start importing Assets/Resources/Scriptable Objects/Indicators/Crosshair.asset using Guid(1a1339f8b51eb3648a9e6bf2101a7bcd) Importer(2089858483,0ecaa5967403d082aa24f35e1b516d23)  -> (artifact id: '97335a662c9f960cffa31a704f04be19') in 0.013912 seconds
Number of updated asset objects reloaded before import = 0
Number of asset objects unloaded after import = 22
========================================================================
Received Import Request.
  Time since last request: 0.000011 seconds.
  path: Assets/Resources/Animations/PostProcessing Animations/DeathScreenFading.anim
  artifactKey: Guid(09775e5d8a1f4ce43a4a51c5a6063a54) Importer(2089858483,0ecaa5967403d082aa24f35e1b516d23)
Start importing Assets/Resources/Animations/PostProcessing Animations/DeathScreenFading.anim using Guid(09775e5d8a1f4ce43a4a51c5a6063a54) Importer(2089858483,0ecaa5967403d082aa24f35e1b516d23)  -> (artifact id: '04e6363dbce19149c1a0b81fa3b821cd') in 0.189658 seconds
Number of updated asset objects reloaded before import = 0
Number of asset objects unloaded after import = 1
========================================================================
Received Import Request.
  Time since last request: 0.000013 seconds.
  path: Assets/Plugins/TextMesh Pro/Resources/Shaders/TMP_SDF-Mobile Overlay.shader
  artifactKey: Guid(a02a7d8c237544f1962732b55a9aebf1) Importer(2089858483,0ecaa5967403d082aa24f35e1b516d23)
Start importing Assets/Plugins/TextMesh Pro/Resources/Shaders/TMP_SDF-Mobile Overlay.shader using Guid(a02a7d8c237544f1962732b55a9aebf1) Importer(2089858483,0ecaa5967403d082aa24f35e1b516d23)  -> (artifact id: '9d48f2332c5b07290d2d37197a99a2f8') in 0.008345 seconds
Number of updated asset objects reloaded before import = 0
Number of asset objects unloaded after import = 1
========================================================================
Received Import Request.
  Time since last request: 0.000020 seconds.
  path: Assets/Scripts/Utilities/Utilities/GizmoUtil.cs
  artifactKey: Guid(eb7c369d2fc67994089a6c279e280382) Importer(2089858483,0ecaa5967403d082aa24f35e1b516d23)
Start importing Assets/Scripts/Utilities/Utilities/GizmoUtil.cs using Guid(eb7c369d2fc67994089a6c279e280382) Importer(2089858483,0ecaa5967403d082aa24f35e1b516d23)  -> (artifact id: '605a3ce2b9575e4d48e5de449d43a8ae') in 0.003806 seconds
Number of updated asset objects reloaded before import = 0
Number of asset objects unloaded after import = 1
========================================================================
Received Import Request.
  Time since last request: 0.000011 seconds.
  path: Assets/Plugins/Photon/PhotonLibs/WebSocket/SocketWebTcp.cs
  artifactKey: Guid(ac953d6a57a9ea94e96ec689598995d5) Importer(2089858483,0ecaa5967403d082aa24f35e1b516d23)
Start importing Assets/Plugins/Photon/PhotonLibs/WebSocket/SocketWebTcp.cs using Guid(ac953d6a57a9ea94e96ec689598995d5) Importer(2089858483,0ecaa5967403d082aa24f35e1b516d23)  -> (artifact id: '90379e65c0a34cdd004afed1b074f504') in 0.004076 seconds
Number of updated asset objects reloaded before import = 0
Number of asset objects unloaded after import = 1
========================================================================
Received Import Request.
  Time since last request: 0.000010 seconds.
  path: Assets/Plugins/Demigiant/DOTween/Modules/DOTweenModuleSprite.cs
  artifactKey: Guid(188918ab119d93148aa0de59ccf5286b) Importer(2089858483,0ecaa5967403d082aa24f35e1b516d23)
Start importing Assets/Plugins/Demigiant/DOTween/Modules/DOTweenModuleSprite.cs using Guid(188918ab119d93148aa0de59ccf5286b) Importer(2089858483,0ecaa5967403d082aa24f35e1b516d23)  -> (artifact id: 'ea9c8a0242fd6c46fdeca4858c53f316') in 0.004280 seconds
Number of updated asset objects reloaded before import = 0
Number of asset objects unloaded after import = 1
========================================================================
Received Import Request.
  Time since last request: 0.000017 seconds.
  path: Assets/Resources/Animations/Effect Animations/Dash/Dash Effect.controller
  artifactKey: Guid(e2b1a742176b35f4b9708560cff0ece1) Importer(2089858483,0ecaa5967403d082aa24f35e1b516d23)
Start importing Assets/Resources/Animations/Effect Animations/Dash/Dash Effect.controller using Guid(e2b1a742176b35f4b9708560cff0ece1) Importer(2089858483,0ecaa5967403d082aa24f35e1b516d23)  -> (artifact id: '53e883f1885474628689956ee39d7191') in 0.004807 seconds
Number of updated asset objects reloaded before import = 0
Number of asset objects unloaded after import = 4
========================================================================
Received Import Request.
  Time since last request: 0.000010 seconds.
  path: Assets/Plugins/Photon/PhotonChat/Code/ChannelCreationOptions.cs
  artifactKey: Guid(6c1aa0fceaa2bc14eabdf85976f4e2c8) Importer(2089858483,0ecaa5967403d082aa24f35e1b516d23)
Start importing Assets/Plugins/Photon/PhotonChat/Code/ChannelCreationOptions.cs using Guid(6c1aa0fceaa2bc14eabdf85976f4e2c8) Importer(2089858483,0ecaa5967403d082aa24f35e1b516d23)  -> (artifact id: '0613ae046f70d5d3bcd58b00658fcd0d') in 0.046114 seconds
Number of updated asset objects reloaded before import = 0
Number of asset objects unloaded after import = 1
========================================================================
Received Import Request.
  Time since last request: 0.000014 seconds.
  path: Assets/Scripts/Skill Scripts/Skill Extensions/SkillLaser.cs
  artifactKey: Guid(f11f98c751e773d4abb705eaf65aa040) Importer(2089858483,0ecaa5967403d082aa24f35e1b516d23)
Start importing Assets/Scripts/Skill Scripts/Skill Extensions/SkillLaser.cs using Guid(f11f98c751e773d4abb705eaf65aa040) Importer(2089858483,0ecaa5967403d082aa24f35e1b516d23)  -> (artifact id: '9c9d84adae12f46908a89f966d1b9451') in 0.003770 seconds
Number of updated asset objects reloaded before import = 0
Number of asset objects unloaded after import = 1
========================================================================
Received Import Request.
  Time since last request: 0.000011 seconds.
  path: Assets/Plugins/Photon/PhotonUnityNetworking/Code/ServerSettings.cs
  artifactKey: Guid(9f3758f8f58fdef43803eb9be1df0608) Importer(2089858483,0ecaa5967403d082aa24f35e1b516d23)
Start importing Assets/Plugins/Photon/PhotonUnityNetworking/Code/ServerSettings.cs using Guid(9f3758f8f58fdef43803eb9be1df0608) Importer(2089858483,0ecaa5967403d082aa24f35e1b516d23)  -> (artifact id: '7e3cdc6636dddf0c312c4a6bb782ab4e') in 0.004737 seconds
Number of updated asset objects reloaded before import = 0
Number of asset objects unloaded after import = 1
========================================================================
Received Import Request.
  Time since last request: 0.000011 seconds.
  path: Assets/Scripts/Skill Scripts/Skill Hit Trigger/SkillStandardHit.cs
  artifactKey: Guid(790e6050ddf4a164b8349c725a23765c) Importer(2089858483,0ecaa5967403d082aa24f35e1b516d23)
Start importing Assets/Scripts/Skill Scripts/Skill Hit Trigger/SkillStandardHit.cs using Guid(790e6050ddf4a164b8349c725a23765c) Importer(2089858483,0ecaa5967403d082aa24f35e1b516d23)  -> (artifact id: '9bd883793ffd83a0da01ce337e9f505b') in 0.004785 seconds
Number of updated asset objects reloaded before import = 0
Number of asset objects unloaded after import = 1
========================================================================
Received Import Request.
  Time since last request: 0.000012 seconds.
  path: Assets/Plugins/Photon/PhotonUnityNetworking/Resources/PhotonServerSettings.asset
  artifactKey: Guid(e90b52661d30cad4fae81714b3b5cc7e) Importer(2089858483,0ecaa5967403d082aa24f35e1b516d23)
Start importing Assets/Plugins/Photon/PhotonUnityNetworking/Resources/PhotonServerSettings.asset using Guid(e90b52661d30cad4fae81714b3b5cc7e) Importer(2089858483,0ecaa5967403d082aa24f35e1b516d23)  -> (artifact id: '867ef50c4d13b90511469fb98090e17e') in 0.023825 seconds
Number of updated asset objects reloaded before import = 0
Number of asset objects unloaded after import = 1
========================================================================
Received Import Request.
  Time since last request: 0.000014 seconds.
  path: Assets/Scripts/Skill Scripts/Skill Extensions/SkillHoming.cs
  artifactKey: Guid(e2e64cff09b9cb94e9f0f4be60515c81) Importer(2089858483,0ecaa5967403d082aa24f35e1b516d23)
Start importing Assets/Scripts/Skill Scripts/Skill Extensions/SkillHoming.cs using Guid(e2e64cff09b9cb94e9f0f4be60515c81) Importer(2089858483,0ecaa5967403d082aa24f35e1b516d23)  -> (artifact id: '54f91924ac0b371c66dd8ec48bca8e40') in 0.003892 seconds
Number of updated asset objects reloaded before import = 0
Number of asset objects unloaded after import = 1
========================================================================
Received Import Request.
  Time since last request: 0.000017 seconds.
  path: Assets/Resources/Animations/Effect Animations/Respawn/Enemy Respawn.controller
  artifactKey: Guid(8e4e67bd93fc2374688b6b0e078bfe8e) Importer(2089858483,0ecaa5967403d082aa24f35e1b516d23)
Start importing Assets/Resources/Animations/Effect Animations/Respawn/Enemy Respawn.controller using Guid(8e4e67bd93fc2374688b6b0e078bfe8e) Importer(2089858483,0ecaa5967403d082aa24f35e1b516d23)  -> (artifact id: '389ae90bcc718521a438a0d6036180a8') in 0.005338 seconds
Number of updated asset objects reloaded before import = 0
Number of asset objects unloaded after import = 10
========================================================================
Received Import Request.
  Time since last request: 0.000013 seconds.
  path: Assets/Plugins/Coffee/UIExtensions/UIParticle/package.json
  artifactKey: Guid(823dc693d087a4b559c7e1547274cc7d) Importer(2089858483,0ecaa5967403d082aa24f35e1b516d23)
Start importing Assets/Plugins/Coffee/UIExtensions/UIParticle/package.json using Guid(823dc693d087a4b559c7e1547274cc7d) Importer(2089858483,0ecaa5967403d082aa24f35e1b516d23)  -> (artifact id: 'c96311ad1dc08f7852c24d7ada5b8056') in 0.026319 seconds
Number of updated asset objects reloaded before import = 0
Number of asset objects unloaded after import = 1
========================================================================
Received Import Request.
  Time since last request: 0.000013 seconds.
  path: Assets/Resources/Animations/Effect Animations/Digital Respawn/Digital.anim
  artifactKey: Guid(2cd2491b7180265469fbbb220da939be) Importer(2089858483,0ecaa5967403d082aa24f35e1b516d23)
Start importing Assets/Resources/Animations/Effect Animations/Digital Respawn/Digital.anim using Guid(2cd2491b7180265469fbbb220da939be) Importer(2089858483,0ecaa5967403d082aa24f35e1b516d23)  -> (artifact id: '3eba43b86c7a1235e4535b8e44fa99bd') in 0.005619 seconds
Number of updated asset objects reloaded before import = 0
Number of asset objects unloaded after import = 1
========================================================================
Received Import Request.
  Time since last request: 0.000011 seconds.
  path: Assets/Materials/Shaders/Experimental Shaders/Testing/Outline Material.mat
  artifactKey: Guid(e380a5cff63a36f4dbcb1c56316601b8) Importer(2089858483,0ecaa5967403d082aa24f35e1b516d23)
Start importing Assets/Materials/Shaders/Experimental Shaders/Testing/Outline Material.mat using Guid(e380a5cff63a36f4dbcb1c56316601b8) Importer(2089858483,0ecaa5967403d082aa24f35e1b516d23)  -> (artifact id: '258e9dd3be311191376b4d10f8fd6e09') in 0.017524 seconds
Number of updated asset objects reloaded before import = 0
Number of asset objects unloaded after import = 1
========================================================================
Received Import Request.
  Time since last request: 0.000013 seconds.
  path: Assets/Scripts/Utilities/Utilities/CharacterUtil.cs
  artifactKey: Guid(0dc3b58c200b11949997e0e728284fb9) Importer(2089858483,0ecaa5967403d082aa24f35e1b516d23)
Start importing Assets/Scripts/Utilities/Utilities/CharacterUtil.cs using Guid(0dc3b58c200b11949997e0e728284fb9) Importer(2089858483,0ecaa5967403d082aa24f35e1b516d23)  -> (artifact id: 'ffe6d1610a759dd76a6afbe7b3566c70') in 0.008108 seconds
Number of updated asset objects reloaded before import = 0
Number of asset objects unloaded after import = 1
========================================================================
Received Import Request.
  Time since last request: 0.000010 seconds.
  path: Assets/Materials/Shaders/Final Shaders/Super Shader/Player Shader.shadergraph
  artifactKey: Guid(028653427f945c54cb9200122943206b) Importer(2089858483,0ecaa5967403d082aa24f35e1b516d23)
Start importing Assets/Materials/Shaders/Final Shaders/Super Shader/Player Shader.shadergraph using Guid(028653427f945c54cb9200122943206b) Importer(2089858483,0ecaa5967403d082aa24f35e1b516d23)  -> (artifact id: 'a540f3de03ff5dc47733a68484567496') in 0.012319 seconds
Number of updated asset objects reloaded before import = 0
Number of asset objects unloaded after import = 4
========================================================================
Received Import Request.
  Time since last request: 0.000012 seconds.
  path: Assets/Scripts/StatusEffect Scripts/StatusEffect Modules/StatusEffectAnalyseModule.cs
  artifactKey: Guid(33c7cb061432bf34fa9049995bd7374a) Importer(2089858483,0ecaa5967403d082aa24f35e1b516d23)
Start importing Assets/Scripts/StatusEffect Scripts/StatusEffect Modules/StatusEffectAnalyseModule.cs using Guid(33c7cb061432bf34fa9049995bd7374a) Importer(2089858483,0ecaa5967403d082aa24f35e1b516d23)  -> (artifact id: '5ebf6b57c036ce5ebd57190db3f00d9f') in 0.004198 seconds
Number of updated asset objects reloaded before import = 0
Number of asset objects unloaded after import = 1
========================================================================
Received Import Request.
  Time since last request: 0.000011 seconds.
  path: Assets/Resources/Animations/Effect Animations/Orb/Idle.anim
  artifactKey: Guid(5555000b9b5dfb94190d8247ac14e377) Importer(2089858483,0ecaa5967403d082aa24f35e1b516d23)
Start importing Assets/Resources/Animations/Effect Animations/Orb/Idle.anim using Guid(5555000b9b5dfb94190d8247ac14e377) Importer(2089858483,0ecaa5967403d082aa24f35e1b516d23)  -> (artifact id: 'cb1443d1397bec31d44ac3881e2cb5db') in 0.143430 seconds
Number of updated asset objects reloaded before import = 0
Number of asset objects unloaded after import = 1
========================================================================
Received Import Request.
  Time since last request: 0.000016 seconds.
  path: Assets/Plugins/TextMesh Pro/Resources/Fonts & Materials/LiberationSans SDF - Fallback.asset
  artifactKey: Guid(2e498d1c8094910479dc3e1b768306a4) Importer(2089858483,0ecaa5967403d082aa24f35e1b516d23)
Start importing Assets/Plugins/TextMesh Pro/Resources/Fonts & Materials/LiberationSans SDF - Fallback.asset using Guid(2e498d1c8094910479dc3e1b768306a4) Importer(2089858483,0ecaa5967403d082aa24f35e1b516d23)  -> (artifact id: '069b7656f4140bb490c1612f47ff2879') in 0.029084 seconds
Number of updated asset objects reloaded before import = 0
Number of asset objects unloaded after import = 5
========================================================================
Received Import Request.
  Time since last request: 0.000021 seconds.
  path: Assets/Plugins/TextMesh Pro/Resources/Style Sheets/Default Style Sheet.asset
  artifactKey: Guid(f952c082cb03451daed3ee968ac6c63e) Importer(2089858483,0ecaa5967403d082aa24f35e1b516d23)
Start importing Assets/Plugins/TextMesh Pro/Resources/Style Sheets/Default Style Sheet.asset using Guid(f952c082cb03451daed3ee968ac6c63e) Importer(2089858483,0ecaa5967403d082aa24f35e1b516d23)  -> (artifact id: '097fee3afec1429bac7bef238828603a') in 0.040101 seconds
Number of updated asset objects reloaded before import = 0
Number of asset objects unloaded after import = 1
========================================================================
Received Import Request.
  Time since last request: 0.000013 seconds.
  path: Assets/Plugins/TextMesh Pro/Resources/Sprite Assets/EmojiOne.asset
  artifactKey: Guid(c41005c129ba4d66911b75229fd70b45) Importer(2089858483,0ecaa5967403d082aa24f35e1b516d23)
Start importing Assets/Plugins/TextMesh Pro/Resources/Sprite Assets/EmojiOne.asset using Guid(c41005c129ba4d66911b75229fd70b45) Importer(2089858483,0ecaa5967403d082aa24f35e1b516d23)  -> (artifact id: '18fcc9547012286ab6a80f05f466f954') in 0.009145 seconds
Number of updated asset objects reloaded before import = 0
Number of asset objects unloaded after import = 3
========================================================================
Received Import Request.
  Time since last request: 0.000010 seconds.
  path: Assets/Plugins/Photon/PhotonRealtime/Code/PhotonRealtime.asmdef
  artifactKey: Guid(831409e8f9d13b5479a3baef9822ad34) Importer(2089858483,0ecaa5967403d082aa24f35e1b516d23)
Start importing Assets/Plugins/Photon/PhotonRealtime/Code/PhotonRealtime.asmdef using Guid(831409e8f9d13b5479a3baef9822ad34) Importer(2089858483,0ecaa5967403d082aa24f35e1b516d23)  -> (artifact id: 'd589e36d6b147c580eda2537eb62c7b8') in 0.047163 seconds
Number of updated asset objects reloaded before import = 0
Number of asset objects unloaded after import = 1
========================================================================
Received Import Request.
  Time since last request: 0.000010 seconds.
  path: Assets/Materials/Shaders/Final Shaders/TitleScreenShader/TitleScreenMaterial.mat
  artifactKey: Guid(732a57709ff8a954997a14c8f7ff850a) Importer(2089858483,0ecaa5967403d082aa24f35e1b516d23)
Start importing Assets/Materials/Shaders/Final Shaders/TitleScreenShader/TitleScreenMaterial.mat using Guid(732a57709ff8a954997a14c8f7ff850a) Importer(2089858483,0ecaa5967403d082aa24f35e1b516d23)  -> (artifact id: 'f7e1032dc72e8ac78b22e4586288b0de') in 0.005058 seconds
Number of updated asset objects reloaded before import = 0
Number of asset objects unloaded after import = 1
========================================================================
Received Import Request.
  Time since last request: 0.000010 seconds.
  path: Assets/Plugins/AssetIcons/Editor/Scripts/AssetIconRenderer.cs
  artifactKey: Guid(ff61d12b545e47844b1f31d76461b7b9) Importer(2089858483,0ecaa5967403d082aa24f35e1b516d23)
Start importing Assets/Plugins/AssetIcons/Editor/Scripts/AssetIconRenderer.cs using Guid(ff61d12b545e47844b1f31d76461b7b9) Importer(2089858483,0ecaa5967403d082aa24f35e1b516d23)  -> (artifact id: '0735c1d7a4294a48d59353f0539abd1b') in 0.034418 seconds
Number of updated asset objects reloaded before import = 0
Number of asset objects unloaded after import = 1
========================================================================
Received Import Request.
  Time since last request: 0.000014 seconds.
  path: Assets/Resources/Animations/Effect Animations/Casting/castingBig.anim
  artifactKey: Guid(a773b5c9eac10d64e92c7a4cb2328457) Importer(2089858483,0ecaa5967403d082aa24f35e1b516d23)
Start importing Assets/Resources/Animations/Effect Animations/Casting/castingBig.anim using Guid(a773b5c9eac10d64e92c7a4cb2328457) Importer(2089858483,0ecaa5967403d082aa24f35e1b516d23)  -> (artifact id: '2f673551e94e3bdd654a9f774203c566') in 0.006716 seconds
Number of updated asset objects reloaded before import = 0
Number of asset objects unloaded after import = 1
========================================================================
Received Import Request.
  Time since last request: 0.000011 seconds.
  path: Assets/Scripts/Skill Scripts/Skill Hit Trigger/SkillSelfHit.cs
  artifactKey: Guid(65144b73769891f41a72088043398bca) Importer(2089858483,0ecaa5967403d082aa24f35e1b516d23)
Start importing Assets/Scripts/Skill Scripts/Skill Hit Trigger/SkillSelfHit.cs using Guid(65144b73769891f41a72088043398bca) Importer(2089858483,0ecaa5967403d082aa24f35e1b516d23)  -> (artifact id: '51272c0e0a4fe488c4e39099a4c6a295') in 0.006886 seconds
Number of updated asset objects reloaded before import = 0
Number of asset objects unloaded after import = 1
========================================================================
Received Import Request.
  Time since last request: 0.000012 seconds.
  path: Assets/Plugins/AssetIcons/Editor/Resources/AssetIcon Resources (Light).asset
  artifactKey: Guid(86021a1ea3459e24fae933b9ab19cf8a) Importer(2089858483,0ecaa5967403d082aa24f35e1b516d23)
Start importing Assets/Plugins/AssetIcons/Editor/Resources/AssetIcon Resources (Light).asset using Guid(86021a1ea3459e24fae933b9ab19cf8a) Importer(2089858483,0ecaa5967403d082aa24f35e1b516d23)  -> (artifact id: 'fcf1d6fe773657d39e81c8c4d6f4a8c0') in 0.198789 seconds
Number of updated asset objects reloaded before import = 0
Number of asset objects unloaded after import = 3
========================================================================
Received Import Request.
  Time since last request: 0.000014 seconds.
  path: Assets/Resources/Scriptable Objects/Player/PlayerStats.asset
  artifactKey: Guid(f489034bab4a8c34eb316a47f0cf1f8a) Importer(2089858483,0ecaa5967403d082aa24f35e1b516d23)
Start importing Assets/Resources/Scriptable Objects/Player/PlayerStats.asset using Guid(f489034bab4a8c34eb316a47f0cf1f8a) Importer(2089858483,0ecaa5967403d082aa24f35e1b516d23)  -> (artifact id: '591b91eda51e88ba719cf5c28d632664') in 0.019199 seconds
Number of updated asset objects reloaded before import = 0
Number of asset objects unloaded after import = 2
========================================================================
Received Import Request.
  Time since last request: 0.000017 seconds.
  path: Assets/Resources/Scriptable Objects/Loot Tables/Tree Loot.asset
  artifactKey: Guid(76b2f90e71fbc97489baea9c5d63d29a) Importer(2089858483,0ecaa5967403d082aa24f35e1b516d23)
Start importing Assets/Resources/Scriptable Objects/Loot Tables/Tree Loot.asset using Guid(76b2f90e71fbc97489baea9c5d63d29a) Importer(2089858483,0ecaa5967403d082aa24f35e1b516d23)  -> (artifact id: '4e33751250c42aa06151e166a8bbd8f8') in 0.411347 seconds
Number of updated asset objects reloaded before import = 0
Number of asset objects unloaded after import = 74
========================================================================
Received Import Request.
  Time since last request: 0.000012 seconds.
  path: Assets/Scripts/Menu Scripts/Character Creation/CharacterCreatorButtonHandler.cs
  artifactKey: Guid(ef34c45bf7b3b0142b31041dcd749c9c) Importer(2089858483,0ecaa5967403d082aa24f35e1b516d23)
Start importing Assets/Scripts/Menu Scripts/Character Creation/CharacterCreatorButtonHandler.cs using Guid(ef34c45bf7b3b0142b31041dcd749c9c) Importer(2089858483,0ecaa5967403d082aa24f35e1b516d23)  -> (artifact id: 'db8e307ded97218f784301bb3b757604') in 0.004048 seconds
Number of updated asset objects reloaded before import = 0
Number of asset objects unloaded after import = 1
========================================================================
Received Import Request.
  Time since last request: 0.000018 seconds.
  path: Assets/Scripts/Skill Scripts/Skill Hit Trigger/SkillHealHit.cs
  artifactKey: Guid(0f84853eaec0a2445af962466ca473d0) Importer(2089858483,0ecaa5967403d082aa24f35e1b516d23)
Start importing Assets/Scripts/Skill Scripts/Skill Hit Trigger/SkillHealHit.cs using Guid(0f84853eaec0a2445af962466ca473d0) Importer(2089858483,0ecaa5967403d082aa24f35e1b516d23)  -> (artifact id: 'dbffbc156a53b46a1e373c6ef6ced497') in 0.003714 seconds
Number of updated asset objects reloaded before import = 0
Number of asset objects unloaded after import = 1
========================================================================
Received Import Request.
  Time since last request: 0.000012 seconds.
  path: Assets/Resources/Prefabs/StatusEffects/Zeit Stasis.prefab
  artifactKey: Guid(7c83829c933de2f458035ae6dddde1d3) Importer(2089858483,0ecaa5967403d082aa24f35e1b516d23)
Start importing Assets/Resources/Prefabs/StatusEffects/Zeit Stasis.prefab using Guid(7c83829c933de2f458035ae6dddde1d3) Importer(2089858483,0ecaa5967403d082aa24f35e1b516d23)  -> (artifact id: '6ca789f0b47267f465ecc24196916515') in 0.004942 seconds
Number of updated asset objects reloaded before import = 0
Number of asset objects unloaded after import = 5
========================================================================
Received Import Request.
  Time since last request: 0.000010 seconds.
  path: Assets/Resources/Animations/Menu Animations/Map Cursor.anim
  artifactKey: Guid(b7d24fa58ac92844d8fc3b2623b952da) Importer(2089858483,0ecaa5967403d082aa24f35e1b516d23)
Start importing Assets/Resources/Animations/Menu Animations/Map Cursor.anim using Guid(b7d24fa58ac92844d8fc3b2623b952da) Importer(2089858483,0ecaa5967403d082aa24f35e1b516d23)  -> (artifact id: '0d85f07f4e9b52b2041015d4f5084dde') in 0.005842 seconds
Number of updated asset objects reloaded before import = 0
Number of asset objects unloaded after import = 1
========================================================================
Received Import Request.
  Time since last request: 0.000014 seconds.
  path: Assets/Resources/Scriptable Objects/Player/PlayerSpawnTeleport.asset
  artifactKey: Guid(d2971907b17b2e542a84207d10190c82) Importer(2089858483,0ecaa5967403d082aa24f35e1b516d23)
Start importing Assets/Resources/Scriptable Objects/Player/PlayerSpawnTeleport.asset using Guid(d2971907b17b2e542a84207d10190c82) Importer(2089858483,0ecaa5967403d082aa24f35e1b516d23)  -> (artifact id: '24378cc66e476f43db4cf258756b91bb') in 0.004436 seconds
Number of updated asset objects reloaded before import = 0
Number of asset objects unloaded after import = 1
========================================================================
Received Import Request.
  Time since last request: 0.000010 seconds.
  path: Assets/Resources/Animations/Game Animations/Mark Question.controller
  artifactKey: Guid(ae4ca7bb7411d9f449524131cbef63ba) Importer(2089858483,0ecaa5967403d082aa24f35e1b516d23)
Start importing Assets/Resources/Animations/Game Animations/Mark Question.controller using Guid(ae4ca7bb7411d9f449524131cbef63ba) Importer(2089858483,0ecaa5967403d082aa24f35e1b516d23)  -> (artifact id: '9467974ebb18f902340b01c16d5a907a') in 0.006155 seconds
Number of updated asset objects reloaded before import = 0
Number of asset objects unloaded after import = 4
========================================================================
Received Import Request.
  Time since last request: 0.000010 seconds.
  path: Assets/Scripts/Skill Scripts/Skill Extensions/SkillProjectile.cs
  artifactKey: Guid(07b2c822040a9d9449eed59a8402ec3f) Importer(2089858483,0ecaa5967403d082aa24f35e1b516d23)
Start importing Assets/Scripts/Skill Scripts/Skill Extensions/SkillProjectile.cs using Guid(07b2c822040a9d9449eed59a8402ec3f) Importer(2089858483,0ecaa5967403d082aa24f35e1b516d23)  -> (artifact id: 'bc1895d7beb95dd6ce21063498536b40') in 0.005141 seconds
Number of updated asset objects reloaded before import = 0
Number of asset objects unloaded after import = 1
========================================================================
Received Import Request.
  Time since last request: 0.000013 seconds.
  path: Assets/Scripts/Menu Scripts/Shop/ShopMenuWindow.cs
  artifactKey: Guid(9b00c65f02aabb84d8eeb508e67b87cb) Importer(2089858483,0ecaa5967403d082aa24f35e1b516d23)
Start importing Assets/Scripts/Menu Scripts/Shop/ShopMenuWindow.cs using Guid(9b00c65f02aabb84d8eeb508e67b87cb) Importer(2089858483,0ecaa5967403d082aa24f35e1b516d23)  -> (artifact id: '9633e2974b729f0c303ac5d6d145c83c') in 0.004853 seconds
Number of updated asset objects reloaded before import = 0
Number of asset objects unloaded after import = 1
========================================================================
Received Import Request.
  Time since last request: 0.000016 seconds.
  path: Assets/Plugins/Photon/PhotonRealtime/Code/RegionHandler.cs
  artifactKey: Guid(207807222df026f40ac3688a3a051e38) Importer(2089858483,0ecaa5967403d082aa24f35e1b516d23)
Start importing Assets/Plugins/Photon/PhotonRealtime/Code/RegionHandler.cs using Guid(207807222df026f40ac3688a3a051e38) Importer(2089858483,0ecaa5967403d082aa24f35e1b516d23)  -> (artifact id: '7978524e9b279eedad7cc8342ca9fb32') in 0.004421 seconds
Number of updated asset objects reloaded before import = 0
Number of asset objects unloaded after import = 1
========================================================================
Received Import Request.
  Time since last request: 0.000012 seconds.
  path: Assets/Resources/Prefabs/Boss Sequences/Landslide Bomb Sequence.prefab
  artifactKey: Guid(1909e25a395b1814dbbfac1106eaedba) Importer(2089858483,0ecaa5967403d082aa24f35e1b516d23)
Start importing Assets/Resources/Prefabs/Boss Sequences/Landslide Bomb Sequence.prefab using Guid(1909e25a395b1814dbbfac1106eaedba) Importer(2089858483,0ecaa5967403d082aa24f35e1b516d23)  -> (artifact id: '111cc0a75d9d26a46b97f2c70e21963b') in 0.083206 seconds
Number of updated asset objects reloaded before import = 0
Number of asset objects unloaded after import = 361
========================================================================
Received Import Request.
  Time since last request: 0.000016 seconds.
  path: Assets/Resources/Art/Statuseffects/StatusEffects.png
  artifactKey: Guid(0ca4149b67557c449b0110d5938780ba) Importer(2089858483,0ecaa5967403d082aa24f35e1b516d23)
Start importing Assets/Resources/Art/Statuseffects/StatusEffects.png using Guid(0ca4149b67557c449b0110d5938780ba) Importer(2089858483,0ecaa5967403d082aa24f35e1b516d23)  -> (artifact id: '1be0deb830bc59466c970d7c36959328') in 0.080842 seconds
Number of updated asset objects reloaded before import = 0
Number of asset objects unloaded after import = 25
========================================================================
Received Import Request.
  Time since last request: 0.000018 seconds.
  path: Assets/Resources/Audio/Music/Temple Loop.wav
  artifactKey: Guid(c9676f317383f63408cca263cb371eb0) Importer(2089858483,0ecaa5967403d082aa24f35e1b516d23)
Start importing Assets/Resources/Audio/Music/Temple Loop.wav using Guid(c9676f317383f63408cca263cb371eb0) Importer(2089858483,0ecaa5967403d082aa24f35e1b516d23)  -> (artifact id: 'fdae212c289025ba5735e15350bae1c3') in 0.219688 seconds
Number of updated asset objects reloaded before import = 0
Number of asset objects unloaded after import = 1
========================================================================
Received Import Request.
  Time since last request: 0.000014 seconds.
  path: Assets/Resources/Animations/UI Animations/fadeOut.anim
  artifactKey: Guid(0479b681faca121468a32c9c586fb270) Importer(2089858483,0ecaa5967403d082aa24f35e1b516d23)
Start importing Assets/Resources/Animations/UI Animations/fadeOut.anim using Guid(0479b681faca121468a32c9c586fb270) Importer(2089858483,0ecaa5967403d082aa24f35e1b516d23)  -> (artifact id: 'f11109b7d4f0f239fd4c8bacd66e3276') in 0.009727 seconds
Number of updated asset objects reloaded before import = 0
Number of asset objects unloaded after import = 1
========================================================================
Received Import Request.
  Time since last request: 0.000019 seconds.
  path: Assets/Resources/Animations/Object Animations/Crystal red/Idle.anim
  artifactKey: Guid(d791ad653695d9b4ab11089f735a9c6b) Importer(2089858483,0ecaa5967403d082aa24f35e1b516d23)
Start importing Assets/Resources/Animations/Object Animations/Crystal red/Idle.anim using Guid(d791ad653695d9b4ab11089f735a9c6b) Importer(2089858483,0ecaa5967403d082aa24f35e1b516d23)  -> (artifact id: '07892ef03842b438cf7fd9730d139523') in 0.032927 seconds
Number of updated asset objects reloaded before import = 0
Number of asset objects unloaded after import = 1
========================================================================
Received Import Request.
  Time since last request: 0.000013 seconds.
  path: Assets/Resources/Animations/Indicator Animations/Drop Indicator/Graphics.controller
  artifactKey: Guid(1063a224f54a7c346b2e1a5fd8cd53e2) Importer(2089858483,0ecaa5967403d082aa24f35e1b516d23)
Start importing Assets/Resources/Animations/Indicator Animations/Drop Indicator/Graphics.controller using Guid(1063a224f54a7c346b2e1a5fd8cd53e2) Importer(2089858483,0ecaa5967403d082aa24f35e1b516d23)  -> (artifact id: 'aba28e7d610052653ca0085ad836d9c1') in 0.003868 seconds
Number of updated asset objects reloaded before import = 0
Number of asset objects unloaded after import = 4
========================================================================
Received Import Request.
  Time since last request: 0.000011 seconds.
  path: Assets/Resources/Animations/MiniGame Animations/Higher or Lower/Card.controller
  artifactKey: Guid(2a43cb06e15496448afe10d635cd2eb9) Importer(2089858483,0ecaa5967403d082aa24f35e1b516d23)
Start importing Assets/Resources/Animations/MiniGame Animations/Higher or Lower/Card.controller using Guid(2a43cb06e15496448afe10d635cd2eb9) Importer(2089858483,0ecaa5967403d082aa24f35e1b516d23)  -> (artifact id: '8a502478844017d432a865c135498677') in 0.006534 seconds
Number of updated asset objects reloaded before import = 0
Number of asset objects unloaded after import = 14
========================================================================
Received Import Request.
  Time since last request: 0.000010 seconds.
  path: Assets/Resources/Animations/Enemy Animations/Titania/Casting.anim
  artifactKey: Guid(e5649675a7e29ab4094e24763d555b76) Importer(2089858483,0ecaa5967403d082aa24f35e1b516d23)
Start importing Assets/Resources/Animations/Enemy Animations/Titania/Casting.anim using Guid(e5649675a7e29ab4094e24763d555b76) Importer(2089858483,0ecaa5967403d082aa24f35e1b516d23)  -> (artifact id: 'c422f4cf80595fba7facb05b39650cbe') in 0.005473 seconds
Number of updated asset objects reloaded before import = 0
Number of asset objects unloaded after import = 1
========================================================================
Received Import Request.
  Time since last request: 0.000010 seconds.
  path: Assets/Resources/Animations/Enemy Animations/Stone Blob/Stoneblob Controller.overrideController
  artifactKey: Guid(f0e3ad266e4a29a4bbcdad1831512040) Importer(2089858483,0ecaa5967403d082aa24f35e1b516d23)
Start importing Assets/Resources/Animations/Enemy Animations/Stone Blob/Stoneblob Controller.overrideController using Guid(f0e3ad266e4a29a4bbcdad1831512040) Importer(2089858483,0ecaa5967403d082aa24f35e1b516d23)  -> (artifact id: 'ce9bc8579eaa64b5f6a071e3c6b8ea60') in 0.053705 seconds
Number of updated asset objects reloaded before import = 0
Number of asset objects unloaded after import = 13
========================================================================
Received Import Request.
  Time since last request: 0.000011 seconds.
  path: Assets/Resources/Animations/UI Animations/Indicators/circle.anim
  artifactKey: Guid(0094dea3d0804a64fb2fc2858e713092) Importer(2089858483,0ecaa5967403d082aa24f35e1b516d23)
Start importing Assets/Resources/Animations/UI Animations/Indicators/circle.anim using Guid(0094dea3d0804a64fb2fc2858e713092) Importer(2089858483,0ecaa5967403d082aa24f35e1b516d23)  -> (artifact id: '50765e960075adce6e583f6a13259a2a') in 0.005834 seconds
Number of updated asset objects reloaded before import = 0
Number of asset objects unloaded after import = 1
========================================================================
Received Import Request.
  Time since last request: 0.000011 seconds.
  path: Assets/Resources/Animations/Object Animations/Titan Bomb/Dead.anim
  artifactKey: Guid(d1f6bedbbb0c2c44ea5336f514cd7d85) Importer(2089858483,0ecaa5967403d082aa24f35e1b516d23)
Start importing Assets/Resources/Animations/Object Animations/Titan Bomb/Dead.anim using Guid(d1f6bedbbb0c2c44ea5336f514cd7d85) Importer(2089858483,0ecaa5967403d082aa24f35e1b516d23)  -> (artifact id: '6fa876be50011848a37f56901089587c') in 0.005817 seconds
Number of updated asset objects reloaded before import = 0
Number of asset objects unloaded after import = 1
========================================================================
Received Import Request.
  Time since last request: 0.000012 seconds.
  path: Assets/Resources/Animations/Object Animations/Crystal blue/Sprite.controller
  artifactKey: Guid(1559df894e451bb4785fca3cd9ec5833) Importer(2089858483,0ecaa5967403d082aa24f35e1b516d23)
Start importing Assets/Resources/Animations/Object Animations/Crystal blue/Sprite.controller using Guid(1559df894e451bb4785fca3cd9ec5833) Importer(2089858483,0ecaa5967403d082aa24f35e1b516d23)  -> (artifact id: '8bc37c128515a40062af904da8cd2669') in 0.003767 seconds
Number of updated asset objects reloaded before import = 0
Number of asset objects unloaded after import = 4
========================================================================
Received Import Request.
  Time since last request: 0.000012 seconds.
  path: Assets/Resources/Animations/Object Animations/Coin/Idle.anim
  artifactKey: Guid(e9fbc921a3c592444885154402508e5a) Importer(2089858483,0ecaa5967403d082aa24f35e1b516d23)
Start importing Assets/Resources/Animations/Object Animations/Coin/Idle.anim using Guid(e9fbc921a3c592444885154402508e5a) Importer(2089858483,0ecaa5967403d082aa24f35e1b516d23)  -> (artifact id: '58aaeffa99fc5dfe2d6f89551e0d9c29') in 0.061830 seconds
Number of updated asset objects reloaded before import = 0
Number of asset objects unloaded after import = 1
========================================================================
Received Import Request.
  Time since last request: 0.000013 seconds.
  path: Assets/Resources/Animations/Object Animations/Stonewall/Sprite.controller
  artifactKey: Guid(c8a37ec9e5902054bad2f06454b20a5a) Importer(2089858483,0ecaa5967403d082aa24f35e1b516d23)
Start importing Assets/Resources/Animations/Object Animations/Stonewall/Sprite.controller using Guid(c8a37ec9e5902054bad2f06454b20a5a) Importer(2089858483,0ecaa5967403d082aa24f35e1b516d23)  -> (artifact id: '9a6be59cdc8bd8806aa2b9e89107fec8') in 0.068724 seconds
Number of updated asset objects reloaded before import = 0
Number of asset objects unloaded after import = 21
========================================================================
Received Import Request.
  Time since last request: 0.000019 seconds.
  path: Assets/Resources/Animations/Object Animations/Coin/Sprite.controller
  artifactKey: Guid(d2ee3f297b15011429622d237bf52458) Importer(2089858483,0ecaa5967403d082aa24f35e1b516d23)
Start importing Assets/Resources/Animations/Object Animations/Coin/Sprite.controller using Guid(d2ee3f297b15011429622d237bf52458) Importer(2089858483,0ecaa5967403d082aa24f35e1b516d23)  -> (artifact id: 'ff9e4325226819985891b0f5da6dfd94') in 0.003932 seconds
Number of updated asset objects reloaded before import = 0
Number of asset objects unloaded after import = 4
========================================================================
Received Import Request.
  Time since last request: 0.000011 seconds.
  path: Assets/Resources/Animations/Enemy Animations/Titania/Resting.anim
  artifactKey: Guid(b72e56ee37dcd8f42a278abc55188f2b) Importer(2089858483,0ecaa5967403d082aa24f35e1b516d23)
Start importing Assets/Resources/Animations/Enemy Animations/Titania/Resting.anim using Guid(b72e56ee37dcd8f42a278abc55188f2b) Importer(2089858483,0ecaa5967403d082aa24f35e1b516d23)  -> (artifact id: '0f9517903f1ff13df11c0cae8cbc7f72') in 0.005038 seconds
Number of updated asset objects reloaded before import = 0
Number of asset objects unloaded after import = 1
========================================================================
Received Import Request.
  Time since last request: 0.000019 seconds.
  path: Assets/Resources/Animations/TitleScreen Animations/Crystals/Kristall rot.controller
  artifactKey: Guid(9ef875405c7ac0749b2309611dba9e06) Importer(2089858483,0ecaa5967403d082aa24f35e1b516d23)
Start importing Assets/Resources/Animations/TitleScreen Animations/Crystals/Kristall rot.controller using Guid(9ef875405c7ac0749b2309611dba9e06) Importer(2089858483,0ecaa5967403d082aa24f35e1b516d23)  -> (artifact id: '484ba25b42007d350a5ad695082e7f78') in 0.132201 seconds
Number of updated asset objects reloaded before import = 0
Number of asset objects unloaded after import = 4
========================================================================
Received Import Request.
  Time since last request: 0.000015 seconds.
  path: Assets/Resources/Animations/Enemy Animations/Blob/Blob.controller
  artifactKey: Guid(77d9625469aaf1145a1f3c5cbdce1c8c) Importer(2089858483,0ecaa5967403d082aa24f35e1b516d23)
Start importing Assets/Resources/Animations/Enemy Animations/Blob/Blob.controller using Guid(77d9625469aaf1145a1f3c5cbdce1c8c) Importer(2089858483,0ecaa5967403d082aa24f35e1b516d23)  -> (artifact id: '295d60d0aa88e78f7f4d3d06be9d260a') in 0.004487 seconds
Number of updated asset objects reloaded before import = 0
Number of asset objects unloaded after import = 10
========================================================================
Received Import Request.
  Time since last request: 0.000011 seconds.
  path: Assets/Resources/Animations/UI Animations/Analyse/Secret Area.anim
  artifactKey: Guid(aeba3eac2649dc949856271c659cbe92) Importer(2089858483,0ecaa5967403d082aa24f35e1b516d23)
Start importing Assets/Resources/Animations/UI Animations/Analyse/Secret Area.anim using Guid(aeba3eac2649dc949856271c659cbe92) Importer(2089858483,0ecaa5967403d082aa24f35e1b516d23)  -> (artifact id: '50786e3dc5a6f792211b571ba8b24fb2') in 0.005274 seconds
Number of updated asset objects reloaded before import = 0
Number of asset objects unloaded after import = 1
========================================================================
Received Import Request.
  Time since last request: 0.000018 seconds.
  path: Assets/Resources/Art/Characters/Boss Sprites/Titania.png
  artifactKey: Guid(0b261ff664cc4a74ab6145800b747c86) Importer(2089858483,0ecaa5967403d082aa24f35e1b516d23)
Start importing Assets/Resources/Art/Characters/Boss Sprites/Titania.png using Guid(0b261ff664cc4a74ab6145800b747c86) Importer(2089858483,0ecaa5967403d082aa24f35e1b516d23)  -> (artifact id: 'd6964ada53bea640d47011435c2e4728') in 0.033443 seconds
Number of updated asset objects reloaded before import = 0
Number of asset objects unloaded after import = 17
========================================================================
Received Import Request.
  Time since last request: 0.000020 seconds.
  path: Assets/Resources/Animations/Enemy Animations/Creeper/Respawn.anim
  artifactKey: Guid(862b90a57dc5bca43a538e2d84dc7df0) Importer(2089858483,0ecaa5967403d082aa24f35e1b516d23)
Start importing Assets/Resources/Animations/Enemy Animations/Creeper/Respawn.anim using Guid(862b90a57dc5bca43a538e2d84dc7df0) Importer(2089858483,0ecaa5967403d082aa24f35e1b516d23)  -> (artifact id: '6e2c9b21fb9f59a0884890cf0c2f04e9') in 0.006746 seconds
Number of updated asset objects reloaded before import = 0
Number of asset objects unloaded after import = 1
========================================================================
Received Import Request.
  Time since last request: 0.000013 seconds.
  path: Assets/Resources/Animations/UI Animations/Indicators/Impact Indicator.controller
  artifactKey: Guid(7653109fdf3ccf6419cf498c9f7704b8) Importer(2089858483,0ecaa5967403d082aa24f35e1b516d23)
Start importing Assets/Resources/Animations/UI Animations/Indicators/Impact Indicator.controller using Guid(7653109fdf3ccf6419cf498c9f7704b8) Importer(2089858483,0ecaa5967403d082aa24f35e1b516d23)  -> (artifact id: '70967bb9710eb464067207b6bd2a0c08') in 0.005193 seconds
Number of updated asset objects reloaded before import = 0
Number of asset objects unloaded after import = 4
========================================================================
Received Import Request.
  Time since last request: 0.000017 seconds.
  path: Assets/Resources/Animations/Object Animations/Titan Bomb/Spawn.anim
  artifactKey: Guid(5a247b1cc46aeaf43984dcb80f60afd2) Importer(2089858483,0ecaa5967403d082aa24f35e1b516d23)
Start importing Assets/Resources/Animations/Object Animations/Titan Bomb/Spawn.anim using Guid(5a247b1cc46aeaf43984dcb80f60afd2) Importer(2089858483,0ecaa5967403d082aa24f35e1b516d23)  -> (artifact id: '9e3abdd6f1ea76162022d6cfb0242859') in 0.007037 seconds
Number of updated asset objects reloaded before import = 0
Number of asset objects unloaded after import = 2
========================================================================
Received Import Request.
  Time since last request: 0.000011 seconds.
  path: Assets/Resources/Animations/UI Animations/Indicators/impact.anim
  artifactKey: Guid(0e2b1d1c678383a489371442e7eceb57) Importer(2089858483,0ecaa5967403d082aa24f35e1b516d23)
Start importing Assets/Resources/Animations/UI Animations/Indicators/impact.anim using Guid(0e2b1d1c678383a489371442e7eceb57) Importer(2089858483,0ecaa5967403d082aa24f35e1b516d23)  -> (artifact id: '56851356412e7c251538d901766bfea2') in 0.005771 seconds
Number of updated asset objects reloaded before import = 0
Number of asset objects unloaded after import = 1
========================================================================
Received Import Request.
  Time since last request: 0.000014 seconds.
  path: Assets/Resources/Animations/Enemy Animations/Titania/Idle.anim
  artifactKey: Guid(2b8a2f4db67dee34bb462df9d3026bac) Importer(2089858483,0ecaa5967403d082aa24f35e1b516d23)
Start importing Assets/Resources/Animations/Enemy Animations/Titania/Idle.anim using Guid(2b8a2f4db67dee34bb462df9d3026bac) Importer(2089858483,0ecaa5967403d082aa24f35e1b516d23)  -> (artifact id: '95aefa34b97fe87f8483231acd7017e5') in 0.005256 seconds
Number of updated asset objects reloaded before import = 0
Number of asset objects unloaded after import = 1
========================================================================
Received Import Request.
  Time since last request: 0.000010 seconds.
  path: Assets/Materials/Shaders/Final Shaders/Super Shader/Super Shader.mat
  artifactKey: Guid(6e651c771b790664eb998f99af0d9964) Importer(2089858483,0ecaa5967403d082aa24f35e1b516d23)
Start importing Assets/Materials/Shaders/Final Shaders/Super Shader/Super Shader.mat using Guid(6e651c771b790664eb998f99af0d9964) Importer(2089858483,0ecaa5967403d082aa24f35e1b516d23)  -> (artifact id: '13d93d071b36629a3fbb787db396d83e') in 0.006938 seconds
Number of updated asset objects reloaded before import = 0
Number of asset objects unloaded after import = 3
========================================================================
Received Import Request.
  Time since last request: 0.000011 seconds.
  path: Assets/Scripts/Skill Scripts/Modifier/SkillBlendTreeModule.cs
  artifactKey: Guid(34f850b25bbe1d943abae8f460828fb4) Importer(2089858483,0ecaa5967403d082aa24f35e1b516d23)
Start importing Assets/Scripts/Skill Scripts/Modifier/SkillBlendTreeModule.cs using Guid(34f850b25bbe1d943abae8f460828fb4) Importer(2089858483,0ecaa5967403d082aa24f35e1b516d23)  -> (artifact id: '910d80b168b21972b280f28d63920e92') in 0.003920 seconds
Number of updated asset objects reloaded before import = 0
Number of asset objects unloaded after import = 1
========================================================================
Received Import Request.
  Time since last request: 0.000010 seconds.
  path: Assets/Resources/Scriptable Objects/StatusEffects/Slow.asset
  artifactKey: Guid(a79e7d06af44ae74ab6e78a7265b76df) Importer(2089858483,0ecaa5967403d082aa24f35e1b516d23)
Start importing Assets/Resources/Scriptable Objects/StatusEffects/Slow.asset using Guid(a79e7d06af44ae74ab6e78a7265b76df) Importer(2089858483,0ecaa5967403d082aa24f35e1b516d23)  -> (artifact id: '8972ed0aef97b479b3e60287346cc13f') in 0.005209 seconds
Number of updated asset objects reloaded before import = 0
Number of asset objects unloaded after import = 2
========================================================================
Received Import Request.
  Time since last request: 0.000010 seconds.
  path: Assets/Resources/Scriptable Objects/Loot Tables/Test Loot.asset
  artifactKey: Guid(72314a6d931280c46976534f4a7943d5) Importer(2089858483,0ecaa5967403d082aa24f35e1b516d23)
Start importing Assets/Resources/Scriptable Objects/Loot Tables/Test Loot.asset using Guid(72314a6d931280c46976534f4a7943d5) Importer(2089858483,0ecaa5967403d082aa24f35e1b516d23)  -> (artifact id: '6ea78710148c972adeb584f15d83ed39') in 0.010800 seconds
Number of updated asset objects reloaded before import = 0
Number of asset objects unloaded after import = 98
========================================================================
Received Import Request.
  Time since last request: 0.000011 seconds.
  path: Assets/Resources/Scriptable Objects/Loot Tables/Bush Loot.asset
  artifactKey: Guid(e9522933da50f184088d7cb73c75add3) Importer(2089858483,0ecaa5967403d082aa24f35e1b516d23)
Start importing Assets/Resources/Scriptable Objects/Loot Tables/Bush Loot.asset using Guid(e9522933da50f184088d7cb73c75add3) Importer(2089858483,0ecaa5967403d082aa24f35e1b516d23)  -> (artifact id: '54afac30f56a1e1fc7e9a4cb207013ac') in 0.013621 seconds
Number of updated asset objects reloaded before import = 0
Number of asset objects unloaded after import = 96
========================================================================
Received Import Request.
  Time since last request: 0.000012 seconds.
  path: Assets/Resources/Prefabs/Boss Sequences/Plume Sequence.prefab
  artifactKey: Guid(0d527f5bbff4e174d8503a172419b38a) Importer(2089858483,0ecaa5967403d082aa24f35e1b516d23)
Start importing Assets/Resources/Prefabs/Boss Sequences/Plume Sequence.prefab using Guid(0d527f5bbff4e174d8503a172419b38a) Importer(2089858483,0ecaa5967403d082aa24f35e1b516d23)  -> (artifact id: '09436318d381718977394723dc142966') in 0.020976 seconds
Number of updated asset objects reloaded before import = 0
Number of asset objects unloaded after import = 60
========================================================================
Received Import Request.
  Time since last request: 0.000012 seconds.
  path: Assets/Scripts/Ingame UI/Interactable/ContextClue.cs
  artifactKey: Guid(dc95b6021e9742949ac943c4452de7e5) Importer(2089858483,0ecaa5967403d082aa24f35e1b516d23)
Start importing Assets/Scripts/Ingame UI/Interactable/ContextClue.cs using Guid(dc95b6021e9742949ac943c4452de7e5) Importer(2089858483,0ecaa5967403d082aa24f35e1b516d23)  -> (artifact id: 'b89e4b51d259601b8ce59c6459b5ed55') in 0.004761 seconds
Number of updated asset objects reloaded before import = 0
Number of asset objects unloaded after import = 1
========================================================================
Received Import Request.
  Time since last request: 0.000013 seconds.
  path: Assets/Resources/Scriptable Objects/StatusEffects/Fire.asset
  artifactKey: Guid(646b7065db6bd07488bb7379d6e930a2) Importer(2089858483,0ecaa5967403d082aa24f35e1b516d23)
Start importing Assets/Resources/Scriptable Objects/StatusEffects/Fire.asset using Guid(646b7065db6bd07488bb7379d6e930a2) Importer(2089858483,0ecaa5967403d082aa24f35e1b516d23)  -> (artifact id: 'f3f9c261fc4371761731c76ef2158686') in 0.006589 seconds
Number of updated asset objects reloaded before import = 0
Number of asset objects unloaded after import = 17
========================================================================
Received Import Request.
  Time since last request: 0.000010 seconds.
  path: Assets/Resources/Data/Localisation/Characters.csv
  artifactKey: Guid(d7ed2a59901b8ad46824660be3baddb8) Importer(2089858483,0ecaa5967403d082aa24f35e1b516d23)
Start importing Assets/Resources/Data/Localisation/Characters.csv using Guid(d7ed2a59901b8ad46824660be3baddb8) Importer(2089858483,0ecaa5967403d082aa24f35e1b516d23)  -> (artifact id: '9c0f0331727a20b61ebc39735dec7cc5') in 0.003141 seconds
Number of updated asset objects reloaded before import = 0
Number of asset objects unloaded after import = 1
========================================================================
Received Import Request.
  Time since last request: 0.000014 seconds.
  path: Assets/Resources/Animations/StatusEffectAnimations/Gift Idle.anim
  artifactKey: Guid(fcb8c093c007f8943a7ff2d489fb8c4b) Importer(2089858483,0ecaa5967403d082aa24f35e1b516d23)
Start importing Assets/Resources/Animations/StatusEffectAnimations/Gift Idle.anim using Guid(fcb8c093c007f8943a7ff2d489fb8c4b) Importer(2089858483,0ecaa5967403d082aa24f35e1b516d23)  -> (artifact id: '69db012e23bc02b581b389da158490cd') in 0.005376 seconds
Number of updated asset objects reloaded before import = 0
Number of asset objects unloaded after import = 1
========================================================================
Received Import Request.
  Time since last request: 0.000013 seconds.
  path: Assets/Scripts/Utilities/Utilities/UnityUtil.cs
  artifactKey: Guid(e1be1b2e2cc4eb94bbd2391e0f13d2ce) Importer(2089858483,0ecaa5967403d082aa24f35e1b516d23)
Start importing Assets/Scripts/Utilities/Utilities/UnityUtil.cs using Guid(e1be1b2e2cc4eb94bbd2391e0f13d2ce) Importer(2089858483,0ecaa5967403d082aa24f35e1b516d23)  -> (artifact id: '1aa90e8a56e7241c878cb0fdea97214e') in 0.003879 seconds
Number of updated asset objects reloaded before import = 0
Number of asset objects unloaded after import = 1
========================================================================
Received Import Request.
  Time since last request: 0.000018 seconds.
  path: Assets/Scripts/Utilities/SignalListeners/SpriteSignalListener.cs
  artifactKey: Guid(da0403d224090154ab4ad57f4db21ebb) Importer(2089858483,0ecaa5967403d082aa24f35e1b516d23)
Start importing Assets/Scripts/Utilities/SignalListeners/SpriteSignalListener.cs using Guid(da0403d224090154ab4ad57f4db21ebb) Importer(2089858483,0ecaa5967403d082aa24f35e1b516d23)  -> (artifact id: 'a4892f53ac072a23d13ba6777b8e0527') in 0.005034 seconds
Number of updated asset objects reloaded before import = 0
Number of asset objects unloaded after import = 1
========================================================================
Received Import Request.
  Time since last request: 0.000011 seconds.
  path: Assets/Resources/Art/Characters/Player Sprites/Races.xcf
  artifactKey: Guid(4549b52dfd16b004fa0569c423cb9367) Importer(2089858483,0ecaa5967403d082aa24f35e1b516d23)
Start importing Assets/Resources/Art/Characters/Player Sprites/Races.xcf using Guid(4549b52dfd16b004fa0569c423cb9367) Importer(2089858483,0ecaa5967403d082aa24f35e1b516d23)  -> (artifact id: 'ac60ca470096eb1da1d0f1fc65b96d1c') in 0.002870 seconds
Number of updated asset objects reloaded before import = 0
Number of asset objects unloaded after import = 1
========================================================================
Received Import Request.
  Time since last request: 0.000011 seconds.
  path: Assets/Resources/Animations/Player Animations/Sword Up.anim
  artifactKey: Guid(a30aeaa2a6a43b14f8ac0d20116226f7) Importer(2089858483,0ecaa5967403d082aa24f35e1b516d23)
Start importing Assets/Resources/Animations/Player Animations/Sword Up.anim using Guid(a30aeaa2a6a43b14f8ac0d20116226f7) Importer(2089858483,0ecaa5967403d082aa24f35e1b516d23)  -> (artifact id: '62fd9f0aa8ee474f6b96452cb2e581e2') in 0.005070 seconds
Number of updated asset objects reloaded before import = 0
Number of asset objects unloaded after import = 1
========================================================================
Received Import Request.
  Time since last request: 0.000010 seconds.
  path: Assets/Resources/Animations/Effect Animations/Blast Impuls/Idle.anim
  artifactKey: Guid(e036f512fb1a48e478534fc8ff16a578) Importer(2089858483,0ecaa5967403d082aa24f35e1b516d23)
Start importing Assets/Resources/Animations/Effect Animations/Blast Impuls/Idle.anim using Guid(e036f512fb1a48e478534fc8ff16a578) Importer(2089858483,0ecaa5967403d082aa24f35e1b516d23)  -> (artifact id: 'c8ac131a4cc42b67f587871bf95557e8') in 0.024642 seconds
Number of updated asset objects reloaded before import = 0
Number of asset objects unloaded after import = 2
========================================================================
Received Import Request.
  Time since last request: 0.000011 seconds.
  path: Assets/Scripts/Menu Scripts/Skillbook Menu/SkillMenuDetails.cs
  artifactKey: Guid(a95fde47dc0d83a4da4856f7f1f6ff7b) Importer(2089858483,0ecaa5967403d082aa24f35e1b516d23)
Start importing Assets/Scripts/Menu Scripts/Skillbook Menu/SkillMenuDetails.cs using Guid(a95fde47dc0d83a4da4856f7f1f6ff7b) Importer(2089858483,0ecaa5967403d082aa24f35e1b516d23)  -> (artifact id: '62af2bf978842882311576c42746efa7') in 0.003766 seconds
Number of updated asset objects reloaded before import = 0
Number of asset objects unloaded after import = 1
========================================================================
Received Import Request.
  Time since last request: 0.000013 seconds.
  path: Assets/Scripts/Object Scripts/Base/Rewardable.cs
  artifactKey: Guid(35c020c90c08f3c489596858502f9b19) Importer(2089858483,0ecaa5967403d082aa24f35e1b516d23)
Start importing Assets/Scripts/Object Scripts/Base/Rewardable.cs using Guid(35c020c90c08f3c489596858502f9b19) Importer(2089858483,0ecaa5967403d082aa24f35e1b516d23)  -> (artifact id: 'f9a3418c1d7b64fdce0a42a5fb58b36a') in 0.003961 seconds
Number of updated asset objects reloaded before import = 0
Number of asset objects unloaded after import = 1
========================================================================
Received Import Request.
  Time since last request: 0.000010 seconds.
  path: Assets/Resources/Animations/Enemy Animations/Creeper/Sprite.controller
  artifactKey: Guid(637ea3952f353634e94ee90394c5b582) Importer(2089858483,0ecaa5967403d082aa24f35e1b516d23)
Start importing Assets/Resources/Animations/Enemy Animations/Creeper/Sprite.controller using Guid(637ea3952f353634e94ee90394c5b582) Importer(2089858483,0ecaa5967403d082aa24f35e1b516d23)  -> (artifact id: 'e1dad8735b2e0c110dad450ec15dcbbf') in 0.005754 seconds
Number of updated asset objects reloaded before import = 0
Number of asset objects unloaded after import = 21
========================================================================
Received Import Request.
  Time since last request: 0.000010 seconds.
  path: Assets/Scripts/Skill Scripts/Helper/CastingAnimation.cs
  artifactKey: Guid(141c16c23106db741a15ac3d05055dc5) Importer(2089858483,0ecaa5967403d082aa24f35e1b516d23)
Start importing Assets/Scripts/Skill Scripts/Helper/CastingAnimation.cs using Guid(141c16c23106db741a15ac3d05055dc5) Importer(2089858483,0ecaa5967403d082aa24f35e1b516d23)  -> (artifact id: 'ee000b088785c39052756a19aa0e4ddf') in 0.004048 seconds
Number of updated asset objects reloaded before import = 0
Number of asset objects unloaded after import = 1
========================================================================
Received Import Request.
  Time since last request: 0.000012 seconds.
  path: Assets/Scripts/Map Part Scripts/Terrain/Cliff.cs
  artifactKey: Guid(e1f7f2731a6940842badeddcff0011be) Importer(2089858483,0ecaa5967403d082aa24f35e1b516d23)
Start importing Assets/Scripts/Map Part Scripts/Terrain/Cliff.cs using Guid(e1f7f2731a6940842badeddcff0011be) Importer(2089858483,0ecaa5967403d082aa24f35e1b516d23)  -> (artifact id: '5d872906ee234cc71399e4bd614d3cec') in 0.017621 seconds
Number of updated asset objects reloaded before import = 0
Number of asset objects unloaded after import = 1
========================================================================
Received Import Request.
  Time since last request: 0.000011 seconds.
  path: Assets/Plugins/AssetIcons/Editor/Scripts/AssetIconProjectHooks.cs
  artifactKey: Guid(1861878bf65b9ab4090037f54b27527a) Importer(2089858483,0ecaa5967403d082aa24f35e1b516d23)
Start importing Assets/Plugins/AssetIcons/Editor/Scripts/AssetIconProjectHooks.cs using Guid(1861878bf65b9ab4090037f54b27527a) Importer(2089858483,0ecaa5967403d082aa24f35e1b516d23)  -> (artifact id: '0cee8cecca6463216841846ffbc8869c') in 0.004768 seconds
Number of updated asset objects reloaded before import = 0
Number of asset objects unloaded after import = 1
========================================================================
Received Import Request.
  Time since last request: 0.000011 seconds.
  path: Assets/Resources/Scriptable Objects/Maps/Titania Arena Size.asset
  artifactKey: Guid(08731f7737717fe4d9a654588b95b8ee) Importer(2089858483,0ecaa5967403d082aa24f35e1b516d23)
Start importing Assets/Resources/Scriptable Objects/Maps/Titania Arena Size.asset using Guid(08731f7737717fe4d9a654588b95b8ee) Importer(2089858483,0ecaa5967403d082aa24f35e1b516d23)  -> (artifact id: 'b4286f6094c8ae9cad92afe3af7b31b3') in 0.005079 seconds
Number of updated asset objects reloaded before import = 0
Number of asset objects unloaded after import = 1
========================================================================
Received Import Request.
  Time since last request: 0.000010 seconds.
  path: Assets/Plugins/Photon/PhotonChat/Code/ChatPeer.cs
  artifactKey: Guid(3f712805dec728943a668b3bf19dc422) Importer(2089858483,0ecaa5967403d082aa24f35e1b516d23)
Start importing Assets/Plugins/Photon/PhotonChat/Code/ChatPeer.cs using Guid(3f712805dec728943a668b3bf19dc422) Importer(2089858483,0ecaa5967403d082aa24f35e1b516d23)  -> (artifact id: '54799a6bd4782bf078475366f98ea719') in 0.003959 seconds
Number of updated asset objects reloaded before import = 0
Number of asset objects unloaded after import = 1
========================================================================
Received Import Request.
  Time since last request: 0.000011 seconds.
  path: Assets/Resources/Animations/Object Animations/Door/Tür.controller
  artifactKey: Guid(ca250cfd914709542aad1ee243641854) Importer(2089858483,0ecaa5967403d082aa24f35e1b516d23)
Start importing Assets/Resources/Animations/Object Animations/Door/Tür.controller using Guid(ca250cfd914709542aad1ee243641854) Importer(2089858483,0ecaa5967403d082aa24f35e1b516d23)  -> (artifact id: '7c6a27f47a76fad98e92bfb48386bc7d') in 0.005430 seconds
Number of updated asset objects reloaded before import = 0
Number of asset objects unloaded after import = 14
========================================================================
Received Import Request.
  Time since last request: 0.000011 seconds.
  path: Assets/Scripts/Ingame UI/Analyse/AnalyseInfo.cs
  artifactKey: Guid(d13bb57adab6c6548802f60e29e9ec27) Importer(2089858483,0ecaa5967403d082aa24f35e1b516d23)
Start importing Assets/Scripts/Ingame UI/Analyse/AnalyseInfo.cs using Guid(d13bb57adab6c6548802f60e29e9ec27) Importer(2089858483,0ecaa5967403d082aa24f35e1b516d23)  -> (artifact id: 'dc44f21ebaf326ffd5b9ea60c6e15629') in 0.004471 seconds
Number of updated asset objects reloaded before import = 0
Number of asset objects unloaded after import = 1
========================================================================
Received Import Request.
  Time since last request: 0.000013 seconds.
  path: Assets/Resources/Art/Effekte/Effekte.png
  artifactKey: Guid(b50fb84ca98df4642b929539de03747a) Importer(2089858483,0ecaa5967403d082aa24f35e1b516d23)
Start importing Assets/Resources/Art/Effekte/Effekte.png using Guid(b50fb84ca98df4642b929539de03747a) Importer(2089858483,0ecaa5967403d082aa24f35e1b516d23)  -> (artifact id: 'b40c7b7c55c5f2cb1e387eedaee16c56') in 0.142062 seconds
Number of updated asset objects reloaded before import = 0
Number of asset objects unloaded after import = 62
========================================================================
Received Import Request.
  Time since last request: 0.000014 seconds.
  path: Assets/Scripts/Game Scripts/Colliders/InvertedCircleCollider2D.cs
  artifactKey: Guid(b0afed9800c40b84a88a4170119ee031) Importer(2089858483,0ecaa5967403d082aa24f35e1b516d23)
Start importing Assets/Scripts/Game Scripts/Colliders/InvertedCircleCollider2D.cs using Guid(b0afed9800c40b84a88a4170119ee031) Importer(2089858483,0ecaa5967403d082aa24f35e1b516d23)  -> (artifact id: 'd6ceb2d0d3424858a78129310919ddb4') in 0.004558 seconds
Number of updated asset objects reloaded before import = 0
Number of asset objects unloaded after import = 1
========================================================================
Received Import Request.
  Time since last request: 0.000021 seconds.
  path: Assets/Scripts/Skill Scripts/Modules/SkillModule.cs
  artifactKey: Guid(c4c9760400ef7ec41b4223a6b512b01f) Importer(2089858483,0ecaa5967403d082aa24f35e1b516d23)
Start importing Assets/Scripts/Skill Scripts/Modules/SkillModule.cs using Guid(c4c9760400ef7ec41b4223a6b512b01f) Importer(2089858483,0ecaa5967403d082aa24f35e1b516d23)  -> (artifact id: '9bfab044812938958ebad8f82bc6e3ed') in 0.004900 seconds
Number of updated asset objects reloaded before import = 0
Number of asset objects unloaded after import = 1
========================================================================
Received Import Request.
  Time since last request: 0.000012 seconds.
  path: Assets/Resources/Animations/Enemy Animations/King Blob/Sprite.controller
  artifactKey: Guid(a4efba97df602c8438358619ce263813) Importer(2089858483,0ecaa5967403d082aa24f35e1b516d23)
Start importing Assets/Resources/Animations/Enemy Animations/King Blob/Sprite.controller using Guid(a4efba97df602c8438358619ce263813) Importer(2089858483,0ecaa5967403d082aa24f35e1b516d23)  -> (artifact id: 'dfb73871eb169f0d6c933ffe2b22e485') in 0.005808 seconds
Number of updated asset objects reloaded before import = 0
Number of asset objects unloaded after import = 15
========================================================================
Received Import Request.
  Time since last request: 0.000011 seconds.
  path: Assets/Resources/Scriptable Objects/Discord/DiscordID.asset
  artifactKey: Guid(0e8f5a1f1810a4f46874827b740281a0) Importer(2089858483,0ecaa5967403d082aa24f35e1b516d23)
Start importing Assets/Resources/Scriptable Objects/Discord/DiscordID.asset using Guid(0e8f5a1f1810a4f46874827b740281a0) Importer(2089858483,0ecaa5967403d082aa24f35e1b516d23)  -> (artifact id: '58d834e947303000bfd1240656e272a1') in 0.004638 seconds
Number of updated asset objects reloaded before import = 0
Number of asset objects unloaded after import = 1
========================================================================
Received Import Request.
  Time since last request: 0.000010 seconds.
  path: Assets/Plugins/AssetIcons/Editor/Textures/Light Update Icon.png
  artifactKey: Guid(0bb998e57dfc23b419b4c2d8ffaba7d0) Importer(2089858483,0ecaa5967403d082aa24f35e1b516d23)
Start importing Assets/Plugins/AssetIcons/Editor/Textures/Light Update Icon.png using Guid(0bb998e57dfc23b419b4c2d8ffaba7d0) Importer(2089858483,0ecaa5967403d082aa24f35e1b516d23)  -> (artifact id: '11d933bc2b734990679ed4de81eb2ad3') in 0.014576 seconds
Number of updated asset objects reloaded before import = 0
Number of asset objects unloaded after import = 1
========================================================================
Received Import Request.
  Time since last request: 0.000012 seconds.
  path: Assets/Resources/Animations/NPC Animations/Eos/Spawn.anim
  artifactKey: Guid(2e4f8da348b04b04688565f65b589011) Importer(2089858483,0ecaa5967403d082aa24f35e1b516d23)
Start importing Assets/Resources/Animations/NPC Animations/Eos/Spawn.anim using Guid(2e4f8da348b04b04688565f65b589011) Importer(2089858483,0ecaa5967403d082aa24f35e1b516d23)  -> (artifact id: 'e1984cd2ace3cf0956a8d44b97de3b10') in 0.005324 seconds
Number of updated asset objects reloaded before import = 0
Number of asset objects unloaded after import = 1
========================================================================
Received Import Request.
  Time since last request: 0.000011 seconds.
  path: Assets/Scripts/Utilities/SignalListeners/ResourceSignalListener.cs
  artifactKey: Guid(c657024a2ae280b438a26ceb1ed62752) Importer(2089858483,0ecaa5967403d082aa24f35e1b516d23)
Start importing Assets/Scripts/Utilities/SignalListeners/ResourceSignalListener.cs using Guid(c657024a2ae280b438a26ceb1ed62752) Importer(2089858483,0ecaa5967403d082aa24f35e1b516d23)  -> (artifact id: '66035aa7d9b88e7ad507f8ee9d475166') in 0.005086 seconds
Number of updated asset objects reloaded before import = 0
Number of asset objects unloaded after import = 1
========================================================================
Received Import Request.
  Time since last request: 0.000012 seconds.
  path: Assets/Resources/Animations/Effect Animations/Death/DeathEffect Idle.anim
  artifactKey: Guid(0ce6d452ab16787469c95c58657bde25) Importer(2089858483,0ecaa5967403d082aa24f35e1b516d23)
Start importing Assets/Resources/Animations/Effect Animations/Death/DeathEffect Idle.anim using Guid(0ce6d452ab16787469c95c58657bde25) Importer(2089858483,0ecaa5967403d082aa24f35e1b516d23)  -> (artifact id: 'bfa08f840c2c80fb3f438b519f5b40f9') in 0.006401 seconds
Number of updated asset objects reloaded before import = 0
Number of asset objects unloaded after import = 2
========================================================================
Received Import Request.
  Time since last request: 0.000011 seconds.
  path: Assets/Scripts/Skill Scripts/Skill Extensions/SkillSpread.cs
  artifactKey: Guid(a9df695496023ab46bcc51a279a38179) Importer(2089858483,0ecaa5967403d082aa24f35e1b516d23)
Start importing Assets/Scripts/Skill Scripts/Skill Extensions/SkillSpread.cs using Guid(a9df695496023ab46bcc51a279a38179) Importer(2089858483,0ecaa5967403d082aa24f35e1b516d23)  -> (artifact id: 'b52466b971b9a8b4f4134f3fa9e824ee') in 0.004035 seconds
Number of updated asset objects reloaded before import = 0
Number of asset objects unloaded after import = 1
========================================================================
Received Import Request.
  Time since last request: 0.000015 seconds.
  path: Assets/Plugins/Coffee/UIExtensions/UIParticle/CHANGELOG.md
  artifactKey: Guid(f69dd9b54399641dfb767c86736e80e0) Importer(2089858483,0ecaa5967403d082aa24f35e1b516d23)
Start importing Assets/Plugins/Coffee/UIExtensions/UIParticle/CHANGELOG.md using Guid(f69dd9b54399641dfb767c86736e80e0) Importer(2089858483,0ecaa5967403d082aa24f35e1b516d23)  -> (artifact id: 'eaba57442237dc0a5ea844cbd323d065') in 0.012334 seconds
Number of updated asset objects reloaded before import = 0
Number of asset objects unloaded after import = 1
========================================================================
Received Import Request.
  Time since last request: 0.000010 seconds.
  path: Assets/Scripts/xxxExperimental/Localisation/LocalisationData.cs
  artifactKey: Guid(1a6bd5d78a95247448ff97ba0f48c0aa) Importer(2089858483,0ecaa5967403d082aa24f35e1b516d23)
Start importing Assets/Scripts/xxxExperimental/Localisation/LocalisationData.cs using Guid(1a6bd5d78a95247448ff97ba0f48c0aa) Importer(2089858483,0ecaa5967403d082aa24f35e1b516d23)  -> (artifact id: '1678c7f84be3d6cdfb484fee3ec1891e') in 0.005501 seconds
Number of updated asset objects reloaded before import = 0
Number of asset objects unloaded after import = 1
========================================================================
Received Import Request.
  Time since last request: 0.000012 seconds.
  path: Assets/Resources/Animations/Indicator Animations/Spawn Indicator/Ground Indicator.controller
  artifactKey: Guid(3f67102fe5a25b24983a9c6d0a5a6613) Importer(2089858483,0ecaa5967403d082aa24f35e1b516d23)
Start importing Assets/Resources/Animations/Indicator Animations/Spawn Indicator/Ground Indicator.controller using Guid(3f67102fe5a25b24983a9c6d0a5a6613) Importer(2089858483,0ecaa5967403d082aa24f35e1b516d23)  -> (artifact id: '4c3546299e010af4805ab96183e11ad8') in 0.006209 seconds
Number of updated asset objects reloaded before import = 0
Number of asset objects unloaded after import = 6
========================================================================
Received Import Request.
  Time since last request: 0.000012 seconds.
  path: Assets/Scripts/Utilities/Utilities/GameUtil.cs
  artifactKey: Guid(a2f7d2a9369185849aa74b6b369eb07b) Importer(2089858483,0ecaa5967403d082aa24f35e1b516d23)
Start importing Assets/Scripts/Utilities/Utilities/GameUtil.cs using Guid(a2f7d2a9369185849aa74b6b369eb07b) Importer(2089858483,0ecaa5967403d082aa24f35e1b516d23)  -> (artifact id: 'fa83c26ff5b8eb856ee16f6ee91bd850') in 0.005317 seconds
Number of updated asset objects reloaded before import = 0
Number of asset objects unloaded after import = 1
========================================================================
Received Import Request.
  Time since last request: 0.000012 seconds.
  path: Assets/Resources/Animations/Object Animations/Stonewall/Horizontal.anim
  artifactKey: Guid(45124bfd1a0bfc94db0651d4e01bd60f) Importer(2089858483,0ecaa5967403d082aa24f35e1b516d23)
Start importing Assets/Resources/Animations/Object Animations/Stonewall/Horizontal.anim using Guid(45124bfd1a0bfc94db0651d4e01bd60f) Importer(2089858483,0ecaa5967403d082aa24f35e1b516d23)  -> (artifact id: '508dc15b84f17e500b68f6fda534099f') in 0.005929 seconds
Number of updated asset objects reloaded before import = 0
Number of asset objects unloaded after import = 1
========================================================================
Received Import Request.
  Time since last request: 0.000013 seconds.
  path: Assets/Scripts/StatusEffect Scripts/StatusEffect Modules/StatusEffectBlindModule.cs
  artifactKey: Guid(b44b25cd404574a46b47ab1e4489a3a5) Importer(2089858483,0ecaa5967403d082aa24f35e1b516d23)
Start importing Assets/Scripts/StatusEffect Scripts/StatusEffect Modules/StatusEffectBlindModule.cs using Guid(b44b25cd404574a46b47ab1e4489a3a5) Importer(2089858483,0ecaa5967403d082aa24f35e1b516d23)  -> (artifact id: '8dc5fb49f57400cbf5c1d016a94ade94') in 0.005821 seconds
Number of updated asset objects reloaded before import = 0
Number of asset objects unloaded after import = 1
========================================================================
Received Import Request.
  Time since last request: 0.000011 seconds.
  path: Assets/Scripts/Utilities/Utilities/SerializationUtil.cs
  artifactKey: Guid(7b1661261b6007f42aa9c769e5e1b9d0) Importer(2089858483,0ecaa5967403d082aa24f35e1b516d23)
Start importing Assets/Scripts/Utilities/Utilities/SerializationUtil.cs using Guid(7b1661261b6007f42aa9c769e5e1b9d0) Importer(2089858483,0ecaa5967403d082aa24f35e1b516d23)  -> (artifact id: 'c2e1835bb4bb6f0fd942723fc1151d54') in 0.004031 seconds
Number of updated asset objects reloaded before import = 0
Number of asset objects unloaded after import = 1
========================================================================
Received Import Request.
  Time since last request: 0.000012 seconds.
  path: Assets/Scripts/Utilities/Utilities/ByteUtil.cs
  artifactKey: Guid(46bcbbc77f173954ca452346adc63284) Importer(2089858483,0ecaa5967403d082aa24f35e1b516d23)
Start importing Assets/Scripts/Utilities/Utilities/ByteUtil.cs using Guid(46bcbbc77f173954ca452346adc63284) Importer(2089858483,0ecaa5967403d082aa24f35e1b516d23)  -> (artifact id: '47e40d4bd498b2a90e1744e63d9dcaec') in 0.004447 seconds
Number of updated asset objects reloaded before import = 0
Number of asset objects unloaded after import = 1
========================================================================
Received Import Request.
  Time since last request: 0.000031 seconds.
  path: Assets/Materials/Shaders/Final Shaders/Super Shader/Player Shader.mat
  artifactKey: Guid(6b98efc2a97c8284287514aac1751cd5) Importer(2089858483,0ecaa5967403d082aa24f35e1b516d23)
Start importing Assets/Materials/Shaders/Final Shaders/Super Shader/Player Shader.mat using Guid(6b98efc2a97c8284287514aac1751cd5) Importer(2089858483,0ecaa5967403d082aa24f35e1b516d23)  -> (artifact id: '4e9cd1ae5785fdc3b4e5f32adcd575d4') in 0.019662 seconds
Number of updated asset objects reloaded before import = 0
Number of asset objects unloaded after import = 2
========================================================================
Received Import Request.
  Time since last request: 0.000013 seconds.
  path: Assets/Plugins/Photon/PhotonChat/Code/ChatParameterCode.cs
  artifactKey: Guid(d7a17b60c85fb30448492e397c58c7ce) Importer(2089858483,0ecaa5967403d082aa24f35e1b516d23)
Start importing Assets/Plugins/Photon/PhotonChat/Code/ChatParameterCode.cs using Guid(d7a17b60c85fb30448492e397c58c7ce) Importer(2089858483,0ecaa5967403d082aa24f35e1b516d23)  -> (artifact id: '9a5b70923e3771e38cde17073f639ee9') in 0.003874 seconds
Number of updated asset objects reloaded before import = 0
Number of asset objects unloaded after import = 1
========================================================================
Received Import Request.
  Time since last request: 0.000012 seconds.
  path: Assets/Plugins/Photon/PhotonLibs/WebSocket/websocket-sharp.dll
  artifactKey: Guid(748eb70bc0d7515498ef73fed155520a) Importer(2089858483,0ecaa5967403d082aa24f35e1b516d23)
Start importing Assets/Plugins/Photon/PhotonLibs/WebSocket/websocket-sharp.dll using Guid(748eb70bc0d7515498ef73fed155520a) Importer(2089858483,0ecaa5967403d082aa24f35e1b516d23)  -> (artifact id: 'a929b0c5e81f82419e4f5a1b2fe8a17f') in 0.005578 seconds
Number of updated asset objects reloaded before import = 0
Number of asset objects unloaded after import = 1
========================================================================
Received Import Request.
  Time since last request: 0.000012 seconds.
  path: Assets/Scripts/Skill Scripts/Skill Extensions/SkillSummon.cs
  artifactKey: Guid(ae77e52560de1c0439393b32f8444a02) Importer(2089858483,0ecaa5967403d082aa24f35e1b516d23)
Start importing Assets/Scripts/Skill Scripts/Skill Extensions/SkillSummon.cs using Guid(ae77e52560de1c0439393b32f8444a02) Importer(2089858483,0ecaa5967403d082aa24f35e1b516d23)  -> (artifact id: '17f7a89804b791656aeb7ef2405fc706') in 0.003931 seconds
Number of updated asset objects reloaded before import = 0
Number of asset objects unloaded after import = 1
========================================================================
Received Import Request.
  Time since last request: 0.000012 seconds.
  path: Assets/Resources/Animations/Object Animations/Stonewall/DestroyedHorizontal.anim
  artifactKey: Guid(b578ac9e0794e3442821263b27771d11) Importer(2089858483,0ecaa5967403d082aa24f35e1b516d23)
Start importing Assets/Resources/Animations/Object Animations/Stonewall/DestroyedHorizontal.anim using Guid(b578ac9e0794e3442821263b27771d11) Importer(2089858483,0ecaa5967403d082aa24f35e1b516d23)  -> (artifact id: '10f3e47201a81094f7bfa14daea9f01c') in 0.006654 seconds
Number of updated asset objects reloaded before import = 0
Number of asset objects unloaded after import = 1
========================================================================
Received Import Request.
  Time since last request: 0.000013 seconds.
  path: Assets/Resources/Animations/Effect Animations/Respawn/Respawn Idle.anim
  artifactKey: Guid(eccf0ed464162c24fad8fdd39a416e1d) Importer(2089858483,0ecaa5967403d082aa24f35e1b516d23)
Start importing Assets/Resources/Animations/Effect Animations/Respawn/Respawn Idle.anim using Guid(eccf0ed464162c24fad8fdd39a416e1d) Importer(2089858483,0ecaa5967403d082aa24f35e1b516d23)  -> (artifact id: 'a72ec0d8c68dc692b902f8cae372865b') in 0.128888 seconds
Number of updated asset objects reloaded before import = 0
Number of asset objects unloaded after import = 2
========================================================================
Received Import Request.
  Time since last request: 0.000011 seconds.
  path: Assets/Resources/Animations/UI Animations/Indicators/Schallwelle.controller
  artifactKey: Guid(73347cf87bd1fa042959a99a1c572f8c) Importer(2089858483,0ecaa5967403d082aa24f35e1b516d23)
Start importing Assets/Resources/Animations/UI Animations/Indicators/Schallwelle.controller using Guid(73347cf87bd1fa042959a99a1c572f8c) Importer(2089858483,0ecaa5967403d082aa24f35e1b516d23)  -> (artifact id: 'c513a321a7ab86178b12ce4047540c38') in 0.042242 seconds
Number of updated asset objects reloaded before import = 0
Number of asset objects unloaded after import = 4
========================================================================
Received Import Request.
  Time since last request: 0.000017 seconds.
  path: Assets/Resources/Art/Characters/Enemy Sprites/Enemies.png
  artifactKey: Guid(bba5f92a22649c6499e4206f67431dc5) Importer(2089858483,0ecaa5967403d082aa24f35e1b516d23)
Start importing Assets/Resources/Art/Characters/Enemy Sprites/Enemies.png using Guid(bba5f92a22649c6499e4206f67431dc5) Importer(2089858483,0ecaa5967403d082aa24f35e1b516d23)  -> (artifact id: 'f25ba4be0a5f052714cf80bea1c30d30') in 0.056899 seconds
Number of updated asset objects reloaded before import = 0
Number of asset objects unloaded after import = 30
========================================================================
Received Import Request.
  Time since last request: 0.000018 seconds.
  path: Assets/Materials/Shaders/Final Shaders/Super Shader/ColorInvert.shadersubgraph
  artifactKey: Guid(5c01f1e2a2bd19d418ba67e6663f7706) Importer(2089858483,0ecaa5967403d082aa24f35e1b516d23)
Start importing Assets/Materials/Shaders/Final Shaders/Super Shader/ColorInvert.shadersubgraph using Guid(5c01f1e2a2bd19d418ba67e6663f7706) Importer(2089858483,0ecaa5967403d082aa24f35e1b516d23)  -> (artifact id: 'a18fd9acbb5d9494f128abcff5ae87aa') in 0.072899 seconds
Number of updated asset objects reloaded before import = 0
Number of asset objects unloaded after import = 1
========================================================================
Received Import Request.
  Time since last request: 0.000011 seconds.
  path: Assets/Plugins/Photon/PhotonChat/Code/PhotonChat.asmdef
  artifactKey: Guid(08a110bd598f7604f9519c2d7e1fb3cc) Importer(2089858483,0ecaa5967403d082aa24f35e1b516d23)
Start importing Assets/Plugins/Photon/PhotonChat/Code/PhotonChat.asmdef using Guid(08a110bd598f7604f9519c2d7e1fb3cc) Importer(2089858483,0ecaa5967403d082aa24f35e1b516d23)  -> (artifact id: '1d06a97e040cb8dadcd36fac92ef025f') in 0.006500 seconds
Number of updated asset objects reloaded before import = 0
Number of asset objects unloaded after import = 1
========================================================================
Received Import Request.
  Time since last request: 0.000012 seconds.
  path: Assets/Resources/Animations/Object Animations/Titan Bomb/Sprites.controller
  artifactKey: Guid(cff874509de7c1849952cd4d471953bf) Importer(2089858483,0ecaa5967403d082aa24f35e1b516d23)
Start importing Assets/Resources/Animations/Object Animations/Titan Bomb/Sprites.controller using Guid(cff874509de7c1849952cd4d471953bf) Importer(2089858483,0ecaa5967403d082aa24f35e1b516d23)  -> (artifact id: 'c14fd8789cde5db1769bf73892603a5f') in 0.105462 seconds
Number of updated asset objects reloaded before import = 0
Number of asset objects unloaded after import = 10
========================================================================
Received Import Request.
  Time since last request: 0.000013 seconds.
  path: Assets/Materials/Shaders/Final Shaders/Player Shader/Player Shader Unlit.mat
  artifactKey: Guid(c7487f5d140c37a4c816b1db25d467b9) Importer(2089858483,0ecaa5967403d082aa24f35e1b516d23)
Start importing Assets/Materials/Shaders/Final Shaders/Player Shader/Player Shader Unlit.mat using Guid(c7487f5d140c37a4c816b1db25d467b9) Importer(2089858483,0ecaa5967403d082aa24f35e1b516d23)  -> (artifact id: '1976ca5a00ba56c70600efe860592458') in 0.010633 seconds
Number of updated asset objects reloaded before import = 0
Number of asset objects unloaded after import = 3
========================================================================
Received Import Request.
  Time since last request: 0.000018 seconds.
  path: Assets/Resources/Animations/MiniGame Animations/Higher or Lower/Card Idle.anim
  artifactKey: Guid(534c8e1fc82ab1b49a15284dda1d3ed4) Importer(2089858483,0ecaa5967403d082aa24f35e1b516d23)
Start importing Assets/Resources/Animations/MiniGame Animations/Higher or Lower/Card Idle.anim using Guid(534c8e1fc82ab1b49a15284dda1d3ed4) Importer(2089858483,0ecaa5967403d082aa24f35e1b516d23)  -> (artifact id: 'bb26e0878fd19a2ff22b15282c0b126d') in 0.005763 seconds
Number of updated asset objects reloaded before import = 0
Number of asset objects unloaded after import = 1
========================================================================
Received Import Request.
  Time since last request: 0.000011 seconds.
  path: Assets/Resources/Animations/Object Animations/Door/DoorOpening.anim
  artifactKey: Guid(37142d6988bfa9d40961f95451caa33d) Importer(2089858483,0ecaa5967403d082aa24f35e1b516d23)
Start importing Assets/Resources/Animations/Object Animations/Door/DoorOpening.anim using Guid(37142d6988bfa9d40961f95451caa33d) Importer(2089858483,0ecaa5967403d082aa24f35e1b516d23)  -> (artifact id: '9a184f5dd7b5a4ba6cfe2408bfd86df8') in 0.005836 seconds
Number of updated asset objects reloaded before import = 0
Number of asset objects unloaded after import = 2
========================================================================
Received Import Request.
  Time since last request: 0.000011 seconds.
  path: Assets/Scripts/Skill Scripts/Skill Hit Trigger/SkillProjectileHit.cs
  artifactKey: Guid(2d0d3d2225b54824ba4df2b9553ff761) Importer(2089858483,0ecaa5967403d082aa24f35e1b516d23)
Start importing Assets/Scripts/Skill Scripts/Skill Hit Trigger/SkillProjectileHit.cs using Guid(2d0d3d2225b54824ba4df2b9553ff761) Importer(2089858483,0ecaa5967403d082aa24f35e1b516d23)  -> (artifact id: 'd95585c2c2f04768c12c432d01ccc6d0') in 0.004438 seconds
Number of updated asset objects reloaded before import = 0
Number of asset objects unloaded after import = 1
========================================================================
Received Import Request.
  Time since last request: 0.000011 seconds.
  path: Assets/Resources/Animations/Object Animations/Brunnen/Graphics.controller
  artifactKey: Guid(2a2c385477117d2468668d5707b1d24c) Importer(2089858483,0ecaa5967403d082aa24f35e1b516d23)
Start importing Assets/Resources/Animations/Object Animations/Brunnen/Graphics.controller using Guid(2a2c385477117d2468668d5707b1d24c) Importer(2089858483,0ecaa5967403d082aa24f35e1b516d23)  -> (artifact id: '6492682007751395d74e8199148776e4') in 0.004566 seconds
Number of updated asset objects reloaded before import = 0
Number of asset objects unloaded after import = 4
========================================================================
Received Import Request.
  Time since last request: 0.000010 seconds.
  path: Assets/Resources/Animations/Object Animations/Brunnen/Brunnen Idle.anim
  artifactKey: Guid(da65808008c8a1d4db2b091f83f738d1) Importer(2089858483,0ecaa5967403d082aa24f35e1b516d23)
Start importing Assets/Resources/Animations/Object Animations/Brunnen/Brunnen Idle.anim using Guid(da65808008c8a1d4db2b091f83f738d1) Importer(2089858483,0ecaa5967403d082aa24f35e1b516d23)  -> (artifact id: '86f3d20cc8a47047aa5404c340e9cf43') in 0.009774 seconds
Number of updated asset objects reloaded before import = 0
Number of asset objects unloaded after import = 1
========================================================================
Received Import Request.
  Time since last request: 0.000011 seconds.
  path: Assets/Resources/Prefabs/Lights/Objects/Candle Light.prefab
  artifactKey: Guid(0053029995641684484b1154763deb53) Importer(2089858483,0ecaa5967403d082aa24f35e1b516d23)
Start importing Assets/Resources/Prefabs/Lights/Objects/Candle Light.prefab using Guid(0053029995641684484b1154763deb53) Importer(2089858483,0ecaa5967403d082aa24f35e1b516d23)  -> (artifact id: 'ad0c43fdc05bfb800b915b22b339d898') in 0.047609 seconds
Number of updated asset objects reloaded before import = 0
Number of asset objects unloaded after import = 10
========================================================================
Received Import Request.
  Time since last request: 0.000011 seconds.
  path: Assets/Resources/Scriptable Objects/Abilities/SkillInfo/Lebenselixier.asset
  artifactKey: Guid(76e72ff975e8a814ca708395ebb82e63) Importer(2089858483,0ecaa5967403d082aa24f35e1b516d23)
Start importing Assets/Resources/Scriptable Objects/Abilities/SkillInfo/Lebenselixier.asset using Guid(76e72ff975e8a814ca708395ebb82e63) Importer(2089858483,0ecaa5967403d082aa24f35e1b516d23)  -> (artifact id: '234e912d9db1f102134ca5c2fb3ea160') in 0.004903 seconds
Number of updated asset objects reloaded before import = 0
Number of asset objects unloaded after import = 2
========================================================================
Received Import Request.
  Time since last request: 0.000012 seconds.
  path: Assets/Resources/Prefabs/Effects/Respawn Effects/Digital Respawn.prefab
  artifactKey: Guid(6a37799ce361ece4daa0feb2587adc9f) Importer(2089858483,0ecaa5967403d082aa24f35e1b516d23)
Start importing Assets/Resources/Prefabs/Effects/Respawn Effects/Digital Respawn.prefab using Guid(6a37799ce361ece4daa0feb2587adc9f) Importer(2089858483,0ecaa5967403d082aa24f35e1b516d23)  -> (artifact id: 'ee2b59357fe0bab6ab1ada220e162712') in 0.061434 seconds
Number of updated asset objects reloaded before import = 0
Number of asset objects unloaded after import = 25
========================================================================
Received Import Request.
  Time since last request: 0.000011 seconds.
  path: Assets/Resources/Prefabs/Map Parts/Essential/Cameras.prefab
  artifactKey: Guid(a52d4b66ca1e50d4c805e7d017d0a585) Importer(2089858483,0ecaa5967403d082aa24f35e1b516d23)
Start importing Assets/Resources/Prefabs/Map Parts/Essential/Cameras.prefab using Guid(a52d4b66ca1e50d4c805e7d017d0a585) Importer(2089858483,0ecaa5967403d082aa24f35e1b516d23)  -> (artifact id: '55148f701c2d39a7e4df424af88672aa') in 0.007551 seconds
Number of updated asset objects reloaded before import = 0
Number of asset objects unloaded after import = 29
========================================================================
Received Import Request.
  Time since last request: 0.000013 seconds.
  path: Assets/Resources/Audio/Soundeffects/MP3/Hitzeblitz Explosion.mp3
  artifactKey: Guid(c7484a457c48ee843bfc3936236b94ba) Importer(2089858483,0ecaa5967403d082aa24f35e1b516d23)
Start importing Assets/Resources/Audio/Soundeffects/MP3/Hitzeblitz Explosion.mp3 using Guid(c7484a457c48ee843bfc3936236b94ba) Importer(2089858483,0ecaa5967403d082aa24f35e1b516d23)  -> (artifact id: 'd984375c0845ec42d8d609c0b70e067c') in 0.160066 seconds
Number of updated asset objects reloaded before import = 0
Number of asset objects unloaded after import = 1
========================================================================
Received Import Request.
  Time since last request: 0.000020 seconds.
  path: Assets/Resources/Prefabs/Indicators/Line Indicators/Chain Indicator.prefab
  artifactKey: Guid(0ae2224fd3cf8034ba187640eff96b32) Importer(2089858483,0ecaa5967403d082aa24f35e1b516d23)
Start importing Assets/Resources/Prefabs/Indicators/Line Indicators/Chain Indicator.prefab using Guid(0ae2224fd3cf8034ba187640eff96b32) Importer(2089858483,0ecaa5967403d082aa24f35e1b516d23)  -> (artifact id: '92ef708217a2e5ec6ba16d24aebc3e97') in 0.010420 seconds
Number of updated asset objects reloaded before import = 0
Number of asset objects unloaded after import = 10
========================================================================
Received Import Request.
  Time since last request: 0.000014 seconds.
  path: Assets/Resources/Prefabs/UI and Menu/Ingame UI/Analyse UI Marker.prefab
  artifactKey: Guid(0cea283fbfbcced4fa72e51154d27b6f) Importer(2089858483,0ecaa5967403d082aa24f35e1b516d23)
Start importing Assets/Resources/Prefabs/UI and Menu/Ingame UI/Analyse UI Marker.prefab using Guid(0cea283fbfbcced4fa72e51154d27b6f) Importer(2089858483,0ecaa5967403d082aa24f35e1b516d23)  -> (artifact id: '17171df8485ae0949d5a37670364b699') in 0.096318 seconds
Number of updated asset objects reloaded before import = 0
Number of asset objects unloaded after import = 77
========================================================================
Received Import Request.
  Time since last request: 0.000012 seconds.
  path: Assets/Resources/Prefabs/UI and Menu/Ingame UI/Mark Target.prefab
  artifactKey: Guid(4fd74db682f4f7c4080f1aa35f365e1e) Importer(2089858483,0ecaa5967403d082aa24f35e1b516d23)
Start importing Assets/Resources/Prefabs/UI and Menu/Ingame UI/Mark Target.prefab using Guid(4fd74db682f4f7c4080f1aa35f365e1e) Importer(2089858483,0ecaa5967403d082aa24f35e1b516d23)  -> (artifact id: 'e0fc85576761e65ce2c9c06055294ba9') in 0.006340 seconds
Number of updated asset objects reloaded before import = 0
Number of asset objects unloaded after import = 11
========================================================================
Received Import Request.
  Time since last request: 0.000012 seconds.
  path: Assets/Resources/Prefabs/Objects/Interactables/ShopItem.prefab
  artifactKey: Guid(558d0c161ff317645a4b0813c61f494a) Importer(2089858483,0ecaa5967403d082aa24f35e1b516d23)
Start importing Assets/Resources/Prefabs/Objects/Interactables/ShopItem.prefab using Guid(558d0c161ff317645a4b0813c61f494a) Importer(2089858483,0ecaa5967403d082aa24f35e1b516d23)  -> (artifact id: 'bb70bb57153ddbb702e58c0a2cf23fd5') in 0.112409 seconds
Number of updated asset objects reloaded before import = 0
Number of asset objects unloaded after import = 50
========================================================================
Received Import Request.
  Time since last request: 0.000014 seconds.
  path: Assets/Resources/Prefabs/UI and Menu/UI Parts/InfoBox.prefab
  artifactKey: Guid(6461d34ead370e54ea24f4b4b0d002c1) Importer(2089858483,0ecaa5967403d082aa24f35e1b516d23)
Start importing Assets/Resources/Prefabs/UI and Menu/UI Parts/InfoBox.prefab using Guid(6461d34ead370e54ea24f4b4b0d002c1) Importer(2089858483,0ecaa5967403d082aa24f35e1b516d23)  -> (artifact id: 'd3a28e25da32a0b03e006fcd1096e697') in 0.022875 seconds
Number of updated asset objects reloaded before import = 0
Number of asset objects unloaded after import = 87
========================================================================
Received Import Request.
  Time since last request: 0.000028 seconds.
  path: Assets/Resources/Art/Skills/Enemy Skills/Skills.png
  artifactKey: Guid(c8daf8e26f8383e4384684f9fc339d3c) Importer(2089858483,0ecaa5967403d082aa24f35e1b516d23)
Start importing Assets/Resources/Art/Skills/Enemy Skills/Skills.png using Guid(c8daf8e26f8383e4384684f9fc339d3c) Importer(2089858483,0ecaa5967403d082aa24f35e1b516d23)  -> (artifact id: '5954dda805e33c6f2e782f2d3dbbfb2e') in 0.072218 seconds
Number of updated asset objects reloaded before import = 0
Number of asset objects unloaded after import = 17
========================================================================
Received Import Request.
  Time since last request: 0.000011 seconds.
  path: Assets/Resources/Prefabs/Items/Inventory Items/Potion Health.prefab
  artifactKey: Guid(ca7174dae42a3d74da40fc0c744e4f1d) Importer(2089858483,0ecaa5967403d082aa24f35e1b516d23)
Start importing Assets/Resources/Prefabs/Items/Inventory Items/Potion Health.prefab using Guid(ca7174dae42a3d74da40fc0c744e4f1d) Importer(2089858483,0ecaa5967403d082aa24f35e1b516d23)  -> (artifact id: 'b5f9c28a7612c4aa1a475afd3e2132eb') in 0.013970 seconds
Number of updated asset objects reloaded before import = 0
Number of asset objects unloaded after import = 51
========================================================================
Received Import Request.
  Time since last request: 0.000011 seconds.
  path: Assets/Resources/Prefabs/UI and Menu/MiniMap/Minimap Marker House.prefab
  artifactKey: Guid(4bba15cbcd5cb2e408d9eb4e3fa3da96) Importer(2089858483,0ecaa5967403d082aa24f35e1b516d23)
Start importing Assets/Resources/Prefabs/UI and Menu/MiniMap/Minimap Marker House.prefab using Guid(4bba15cbcd5cb2e408d9eb4e3fa3da96) Importer(2089858483,0ecaa5967403d082aa24f35e1b516d23)  -> (artifact id: '99ec969cdeef78a3fead7f527a00b450') in 0.006919 seconds
Number of updated asset objects reloaded before import = 0
Number of asset objects unloaded after import = 7
========================================================================
Received Import Request.
  Time since last request: 0.000012 seconds.
  path: Assets/Resources/Scriptable Objects/Abilities/Skill Requirements/Teleport Required.asset
  artifactKey: Guid(ec766a967ed3d3640958593d69b6d0dc) Importer(2089858483,0ecaa5967403d082aa24f35e1b516d23)
Start importing Assets/Resources/Scriptable Objects/Abilities/Skill Requirements/Teleport Required.asset using Guid(ec766a967ed3d3640958593d69b6d0dc) Importer(2089858483,0ecaa5967403d082aa24f35e1b516d23)  -> (artifact id: '17e6502eeb86cbdc9a6e03e0e8ad303b') in 0.007306 seconds
Number of updated asset objects reloaded before import = 0
Number of asset objects unloaded after import = 2
========================================================================
Received Import Request.
  Time since last request: 0.000037 seconds.
  path: Assets/Resources/Prefabs/Skills/Player Skills/Dash.prefab
  artifactKey: Guid(689f7820c63a03148aa81b962ee64ad6) Importer(2089858483,0ecaa5967403d082aa24f35e1b516d23)
Start importing Assets/Resources/Prefabs/Skills/Player Skills/Dash.prefab using Guid(689f7820c63a03148aa81b962ee64ad6) Importer(2089858483,0ecaa5967403d082aa24f35e1b516d23)  -> (artifact id: 'a12147ed8d0cd4ba9e047c11b6ae7d78') in 0.063903 seconds
Number of updated asset objects reloaded before import = 0
Number of asset objects unloaded after import = 28
========================================================================
Received Import Request.
  Time since last request: 0.000012 seconds.
  path: Assets/Resources/Scriptable Objects/Abilities/SkillInfo/Eissplitter.asset
  artifactKey: Guid(72c7db4e2d5e056459c8d4e65a64bf04) Importer(2089858483,0ecaa5967403d082aa24f35e1b516d23)
Start importing Assets/Resources/Scriptable Objects/Abilities/SkillInfo/Eissplitter.asset using Guid(72c7db4e2d5e056459c8d4e65a64bf04) Importer(2089858483,0ecaa5967403d082aa24f35e1b516d23)  -> (artifact id: '1c762b8524b397b86c35e44b555b6dfa') in 0.005138 seconds
Number of updated asset objects reloaded before import = 0
Number of asset objects unloaded after import = 2
========================================================================
Received Import Request.
  Time since last request: 0.000016 seconds.
  path: Assets/Resources/Prefabs/Items/Crafting Items/Wind Elemental.prefab
  artifactKey: Guid(7943526b392bdd04f94f3f52ba9d5c10) Importer(2089858483,0ecaa5967403d082aa24f35e1b516d23)
Start importing Assets/Resources/Prefabs/Items/Crafting Items/Wind Elemental.prefab using Guid(7943526b392bdd04f94f3f52ba9d5c10) Importer(2089858483,0ecaa5967403d082aa24f35e1b516d23)  -> (artifact id: 'b6f359ee0eb35d667afebd11724e7083') in 0.132786 seconds
Number of updated asset objects reloaded before import = 0
Number of asset objects unloaded after import = 40
========================================================================
Received Import Request.
  Time since last request: 0.000025 seconds.
  path: Assets/Resources/Prefabs/Skills/Player Skills/Hitzeblitz.prefab
  artifactKey: Guid(d9d5c19e4e61ad142865732f1f61048b) Importer(2089858483,0ecaa5967403d082aa24f35e1b516d23)
Start importing Assets/Resources/Prefabs/Skills/Player Skills/Hitzeblitz.prefab using Guid(d9d5c19e4e61ad142865732f1f61048b) Importer(2089858483,0ecaa5967403d082aa24f35e1b516d23)  -> (artifact id: '0602178d86ba2e384cc8a23779256404') in 0.023854 seconds
Number of updated asset objects reloaded before import = 0
Number of asset objects unloaded after import = 32
========================================================================
Received Import Request.
  Time since last request: 0.000012 seconds.
  path: Assets/Resources/Prefabs/Game/Required/SaveGameManager.prefab
  artifactKey: Guid(bcc8bb98caefd3d4a9e0c83b0ef6d246) Importer(2089858483,0ecaa5967403d082aa24f35e1b516d23)
Start importing Assets/Resources/Prefabs/Game/Required/SaveGameManager.prefab using Guid(bcc8bb98caefd3d4a9e0c83b0ef6d246) Importer(2089858483,0ecaa5967403d082aa24f35e1b516d23)  -> (artifact id: '331ab258b7bb1990119a89d3baafdce0') in 0.033878 seconds
Number of updated asset objects reloaded before import = 0
Number of asset objects unloaded after import = 112
========================================================================
Received Import Request.
  Time since last request: 0.000011 seconds.
  path: Assets/Resources/Scriptable Objects/Abilities/SkillInfo/Feuerball.asset
  artifactKey: Guid(e073b132a85601a45b9ffab3783b6f5b) Importer(2089858483,0ecaa5967403d082aa24f35e1b516d23)
Start importing Assets/Resources/Scriptable Objects/Abilities/SkillInfo/Feuerball.asset using Guid(e073b132a85601a45b9ffab3783b6f5b) Importer(2089858483,0ecaa5967403d082aa24f35e1b516d23)  -> (artifact id: 'e6672dc25ee70245f2511855bddd689a') in 0.004929 seconds
Number of updated asset objects reloaded before import = 0
Number of asset objects unloaded after import = 2
========================================================================
Received Import Request.
  Time since last request: 0.000011 seconds.
  path: Assets/Resources/Prefabs/Items/Crafting Items/Gold.prefab
  artifactKey: Guid(08c017276d6c8ab46ae524ae509f1f48) Importer(2089858483,0ecaa5967403d082aa24f35e1b516d23)
Start importing Assets/Resources/Prefabs/Items/Crafting Items/Gold.prefab using Guid(08c017276d6c8ab46ae524ae509f1f48) Importer(2089858483,0ecaa5967403d082aa24f35e1b516d23)  -> (artifact id: 'c09ea4f0f1f1e8b1653cf8bc51f1c266') in 0.010961 seconds
Number of updated asset objects reloaded before import = 0
Number of asset objects unloaded after import = 28
========================================================================
Received Import Request.
  Time since last request: 0.000012 seconds.
  path: Assets/Resources/Prefabs/Map Parts/Boss related/Camera Intro.prefab
  artifactKey: Guid(5015d3e4c9e9da349908e3a87c8b31a7) Importer(2089858483,0ecaa5967403d082aa24f35e1b516d23)
Start importing Assets/Resources/Prefabs/Map Parts/Boss related/Camera Intro.prefab using Guid(5015d3e4c9e9da349908e3a87c8b31a7) Importer(2089858483,0ecaa5967403d082aa24f35e1b516d23)  -> (artifact id: '97b7947d0abf83a1903ca10be9db4665') in 0.019115 seconds
Number of updated asset objects reloaded before import = 0
Number of asset objects unloaded after import = 37
========================================================================
Received Import Request.
  Time since last request: 0.000012 seconds.
  path: Assets/Resources/Art/Maps/Void/stars Emission.png
  artifactKey: Guid(0e5df40d49f1ed241881b2a65fc0bec5) Importer(2089858483,0ecaa5967403d082aa24f35e1b516d23)
Start importing Assets/Resources/Art/Maps/Void/stars Emission.png using Guid(0e5df40d49f1ed241881b2a65fc0bec5) Importer(2089858483,0ecaa5967403d082aa24f35e1b516d23)  -> (artifact id: 'e167161fe1047f7ef68f58aa453c4690') in 0.013310 seconds
Number of updated asset objects reloaded before import = 0
Number of asset objects unloaded after import = 1
========================================================================
Received Import Request.
  Time since last request: 0.000011 seconds.
  path: Assets/Resources/Prefabs/UI and Menu/MiniMap/Minimap Marker Shop.prefab
  artifactKey: Guid(024fa040ade579943876b28fce0f092c) Importer(2089858483,0ecaa5967403d082aa24f35e1b516d23)
Start importing Assets/Resources/Prefabs/UI and Menu/MiniMap/Minimap Marker Shop.prefab using Guid(024fa040ade579943876b28fce0f092c) Importer(2089858483,0ecaa5967403d082aa24f35e1b516d23)  -> (artifact id: '8c0c1fd810f5647866aace3c8778ca3a') in 0.030885 seconds
Number of updated asset objects reloaded before import = 0
Number of asset objects unloaded after import = 7
========================================================================
Received Import Request.
  Time since last request: 0.000012 seconds.
  path: Assets/Resources/Prefabs/Items/Key Items/Amulette.prefab
  artifactKey: Guid(dedfd425059439248897a8d1b693c5a1) Importer(2089858483,0ecaa5967403d082aa24f35e1b516d23)
Start importing Assets/Resources/Prefabs/Items/Key Items/Amulette.prefab using Guid(dedfd425059439248897a8d1b693c5a1) Importer(2089858483,0ecaa5967403d082aa24f35e1b516d23)  -> (artifact id: 'dd5513fd90650af294ba25d11e7cb994') in 0.052588 seconds
Number of updated asset objects reloaded before import = 0
Number of asset objects unloaded after import = 39
========================================================================
Received Import Request.
  Time since last request: 0.000014 seconds.
  path: Assets/Resources/Prefabs/Items/Consumables/Small Health Potion.prefab
  artifactKey: Guid(4f1623ac219c06a40aa2cbe59058c6b2) Importer(2089858483,0ecaa5967403d082aa24f35e1b516d23)
Start importing Assets/Resources/Prefabs/Items/Consumables/Small Health Potion.prefab using Guid(4f1623ac219c06a40aa2cbe59058c6b2) Importer(2089858483,0ecaa5967403d082aa24f35e1b516d23)  -> (artifact id: '17593824b2fd5ad7fd3b13564642acaa') in 0.015769 seconds
Number of updated asset objects reloaded before import = 0
Number of asset objects unloaded after import = 28
========================================================================
Received Import Request.
  Time since last request: 0.000022 seconds.
  path: Assets/Resources/Scriptable Objects/Abilities/SkillInfo/Arkaner Impuls.asset
  artifactKey: Guid(8df3bc11ad2f37e49b268733d19d2d3f) Importer(2089858483,0ecaa5967403d082aa24f35e1b516d23)
Start importing Assets/Resources/Scriptable Objects/Abilities/SkillInfo/Arkaner Impuls.asset using Guid(8df3bc11ad2f37e49b268733d19d2d3f) Importer(2089858483,0ecaa5967403d082aa24f35e1b516d23)  -> (artifact id: 'e15f4c8972dc4712afa5cadae2be4e4a') in 0.005375 seconds
Number of updated asset objects reloaded before import = 0
Number of asset objects unloaded after import = 2
========================================================================
Received Import Request.
  Time since last request: 0.000012 seconds.
  path: Assets/Resources/Prefabs/Map Parts/Essential/Global Light.prefab
  artifactKey: Guid(7b4700bb73bc60043b0a1df1b611e915) Importer(2089858483,0ecaa5967403d082aa24f35e1b516d23)
Start importing Assets/Resources/Prefabs/Map Parts/Essential/Global Light.prefab using Guid(7b4700bb73bc60043b0a1df1b611e915) Importer(2089858483,0ecaa5967403d082aa24f35e1b516d23)  -> (artifact id: 'dac96154cc00d58d1c736ac3bdf40405') in 0.089689 seconds
Number of updated asset objects reloaded before import = 0
Number of asset objects unloaded after import = 5
========================================================================
Received Import Request.
  Time since last request: 0.000011 seconds.
  path: Assets/Resources/Prefabs/UI and Menu/Ingame UI/Secret Area Marker.prefab
  artifactKey: Guid(0666d86ad951bb8419efc3cdcb568ffa) Importer(2089858483,0ecaa5967403d082aa24f35e1b516d23)
Start importing Assets/Resources/Prefabs/UI and Menu/Ingame UI/Secret Area Marker.prefab using Guid(0666d86ad951bb8419efc3cdcb568ffa) Importer(2089858483,0ecaa5967403d082aa24f35e1b516d23)  -> (artifact id: '4f032793b0625579a00351b676603e5e') in 0.041993 seconds
Number of updated asset objects reloaded before import = 0
Number of asset objects unloaded after import = 12
========================================================================
Received Import Request.
  Time since last request: 0.000011 seconds.
  path: Assets/Resources/Art/Maps/Overworld/Overworld.xcf
  artifactKey: Guid(5c52d526716b14243b9997dfbe5bdc1d) Importer(2089858483,0ecaa5967403d082aa24f35e1b516d23)
Start importing Assets/Resources/Art/Maps/Overworld/Overworld.xcf using Guid(5c52d526716b14243b9997dfbe5bdc1d) Importer(2089858483,0ecaa5967403d082aa24f35e1b516d23)  -> (artifact id: 'a6143c4dde376769904acbb7f9d59193') in 0.003118 seconds
Number of updated asset objects reloaded before import = 0
Number of asset objects unloaded after import = 1
========================================================================
Received Import Request.
  Time since last request: 0.000011 seconds.
  path: Assets/Resources/Prefabs/Effects/Terrain/Smoke.prefab
  artifactKey: Guid(c6bfb798303180449865aad72cdf8e5c) Importer(2089858483,0ecaa5967403d082aa24f35e1b516d23)
Start importing Assets/Resources/Prefabs/Effects/Terrain/Smoke.prefab using Guid(c6bfb798303180449865aad72cdf8e5c) Importer(2089858483,0ecaa5967403d082aa24f35e1b516d23)  -> (artifact id: '8ca0432855b92a42391262da8eb5e9ce') in 0.061775 seconds
Number of updated asset objects reloaded before import = 0
Number of asset objects unloaded after import = 12
========================================================================
Received Import Request.
  Time since last request: 0.000013 seconds.
  path: Assets/Resources/Prefabs/Skills/Player Skills/Giftpfeil.prefab
  artifactKey: Guid(478564dcd28512a4a88aeeac6dcd1b25) Importer(2089858483,0ecaa5967403d082aa24f35e1b516d23)
Start importing Assets/Resources/Prefabs/Skills/Player Skills/Giftpfeil.prefab using Guid(478564dcd28512a4a88aeeac6dcd1b25) Importer(2089858483,0ecaa5967403d082aa24f35e1b516d23)  -> (artifact id: '09d67245cb2c20d2e857e5909a09c5ae') in 0.051717 seconds
Number of updated asset objects reloaded before import = 0
Number of asset objects unloaded after import = 41
========================================================================
Received Import Request.
  Time since last request: 0.000019 seconds.
  path: Assets/Resources/Prefabs/NPCs/NPCs/Sentinel.prefab
  artifactKey: Guid(d7b9a545cd00f294aa2cd5ca992130b9) Importer(2089858483,0ecaa5967403d082aa24f35e1b516d23)
Start importing Assets/Resources/Prefabs/NPCs/NPCs/Sentinel.prefab using Guid(d7b9a545cd00f294aa2cd5ca992130b9) Importer(2089858483,0ecaa5967403d082aa24f35e1b516d23)  -> (artifact id: 'fb3e66ef218fa6351c78d36287341ec9') in 0.057309 seconds
Number of updated asset objects reloaded before import = 0
Number of asset objects unloaded after import = 79
========================================================================
Received Import Request.
  Time since last request: 0.000011 seconds.
  path: Assets/Resources/Prefabs/Objects/Interactables/Brunnen.prefab
  artifactKey: Guid(45f0eec2e38c83740bd29f52c9f07257) Importer(2089858483,0ecaa5967403d082aa24f35e1b516d23)
Start importing Assets/Resources/Prefabs/Objects/Interactables/Brunnen.prefab using Guid(45f0eec2e38c83740bd29f52c9f07257) Importer(2089858483,0ecaa5967403d082aa24f35e1b516d23)  -> (artifact id: 'a68a653ef3b5ac9dc3a91a0f5c289ad6') in 0.075320 seconds
Number of updated asset objects reloaded before import = 0
Number of asset objects unloaded after import = 27
========================================================================
Received Import Request.
  Time since last request: 0.000011 seconds.
  path: Assets/Resources/Prefabs/Map Parts/Character related/PatrolPath.prefab
  artifactKey: Guid(d22ffa2b5ca097c488ba101f32c79e65) Importer(2089858483,0ecaa5967403d082aa24f35e1b516d23)
Start importing Assets/Resources/Prefabs/Map Parts/Character related/PatrolPath.prefab using Guid(d22ffa2b5ca097c488ba101f32c79e65) Importer(2089858483,0ecaa5967403d082aa24f35e1b516d23)  -> (artifact id: '3d9a9706da73bd345b7c837ee071415e') in 0.004551 seconds
Number of updated asset objects reloaded before import = 0
Number of asset objects unloaded after import = 12
========================================================================
Received Import Request.
  Time since last request: 0.000011 seconds.
  path: Assets/Resources/Scriptable Objects/Shop/Crafting Categories/Alchemy.asset
  artifactKey: Guid(249a56200161c6c49a580f8a4b5d7b1f) Importer(2089858483,0ecaa5967403d082aa24f35e1b516d23)
Start importing Assets/Resources/Scriptable Objects/Shop/Crafting Categories/Alchemy.asset using Guid(249a56200161c6c49a580f8a4b5d7b1f) Importer(2089858483,0ecaa5967403d082aa24f35e1b516d23)  -> (artifact id: 'a3f7a7a565671f51beb5d8a3dc7e57db') in 0.124306 seconds
Number of updated asset objects reloaded before import = 0
Number of asset objects unloaded after import = 773
========================================================================
Received Import Request.
  Time since last request: 0.000013 seconds.
  path: Assets/Resources/Scriptable Objects/Character Creation/ColorPalettes/Skin Colors.asset
  artifactKey: Guid(4872210dda126504f914fec57b97643c) Importer(2089858483,0ecaa5967403d082aa24f35e1b516d23)
Start importing Assets/Resources/Scriptable Objects/Character Creation/ColorPalettes/Skin Colors.asset using Guid(4872210dda126504f914fec57b97643c) Importer(2089858483,0ecaa5967403d082aa24f35e1b516d23)  -> (artifact id: '44213c1565dd86a608cd0151d0698619') in 0.005066 seconds
Number of updated asset objects reloaded before import = 0
Number of asset objects unloaded after import = 1
========================================================================
Received Import Request.
  Time since last request: 0.000017 seconds.
  path: Assets/Resources/Scriptable Objects/Character Creation/Presets/Sin Eater.asset
  artifactKey: Guid(33260f9b1dcd1af4bbeff68e435324fb) Importer(2089858483,0ecaa5967403d082aa24f35e1b516d23)
Start importing Assets/Resources/Scriptable Objects/Character Creation/Presets/Sin Eater.asset using Guid(33260f9b1dcd1af4bbeff68e435324fb) Importer(2089858483,0ecaa5967403d082aa24f35e1b516d23)  -> (artifact id: '9d848a5cd8027b2ccf43c8d32bcefc09') in 0.010266 seconds
Number of updated asset objects reloaded before import = 0
Number of asset objects unloaded after import = 30
========================================================================
Received Import Request.
  Time since last request: 0.000011 seconds.
  path: Assets/Resources/Scriptable Objects/Shop/Crafting Items/Antidot Craft.asset
  artifactKey: Guid(d36715fe6b5faa24cbead99bbb0c1b00) Importer(2089858483,0ecaa5967403d082aa24f35e1b516d23)
Start importing Assets/Resources/Scriptable Objects/Shop/Crafting Items/Antidot Craft.asset using Guid(d36715fe6b5faa24cbead99bbb0c1b00) Importer(2089858483,0ecaa5967403d082aa24f35e1b516d23)  -> (artifact id: 'db0474803f31be7a3fe85237f75fb0ad') in 0.011699 seconds
Number of updated asset objects reloaded before import = 0
Number of asset objects unloaded after import = 57
========================================================================
Received Import Request.
  Time since last request: 0.000010 seconds.
  path: Assets/Resources/Scriptable Objects/AI/Titania AI/Titania 6 Enrage.asset
  artifactKey: Guid(97bb94c996213134a8c6d4b117ab90a1) Importer(2089858483,0ecaa5967403d082aa24f35e1b516d23)
Start importing Assets/Resources/Scriptable Objects/AI/Titania AI/Titania 6 Enrage.asset using Guid(97bb94c996213134a8c6d4b117ab90a1) Importer(2089858483,0ecaa5967403d082aa24f35e1b516d23)  -> (artifact id: 'dbfc6f1e4d8671bcb7b99edb2b743bca') in 0.012560 seconds
Number of updated asset objects reloaded before import = 0
Number of asset objects unloaded after import = 49
========================================================================
Received Import Request.
  Time since last request: 0.000012 seconds.
  path: Assets/Resources/Scriptable Objects/Affections/Skills/AoE Heal.asset
  artifactKey: Guid(df306bd26b0b7b646a84b2e26430f61e) Importer(2089858483,0ecaa5967403d082aa24f35e1b516d23)
Start importing Assets/Resources/Scriptable Objects/Affections/Skills/AoE Heal.asset using Guid(df306bd26b0b7b646a84b2e26430f61e) Importer(2089858483,0ecaa5967403d082aa24f35e1b516d23)  -> (artifact id: '89522e998919c83d9e3a628df1af895a') in 0.004779 seconds
Number of updated asset objects reloaded before import = 0
Number of asset objects unloaded after import = 1
========================================================================
Received Import Request.
  Time since last request: 0.000012 seconds.
  path: Assets/Resources/Scriptable Objects/Character Stats/Enemies/Titanias Turm.asset
  artifactKey: Guid(2ecf4e93db9bd0a43a3dda9972716fe8) Importer(2089858483,0ecaa5967403d082aa24f35e1b516d23)
Start importing Assets/Resources/Scriptable Objects/Character Stats/Enemies/Titanias Turm.asset using Guid(2ecf4e93db9bd0a43a3dda9972716fe8) Importer(2089858483,0ecaa5967403d082aa24f35e1b516d23)  -> (artifact id: '10fc3a097a44a1f6f3f62894c75d5686') in 0.016341 seconds
Number of updated asset objects reloaded before import = 0
Number of asset objects unloaded after import = 112
========================================================================
Received Import Request.
  Time since last request: 0.000011 seconds.
  path: Assets/Resources/Scriptable Objects/Shop/Crafting Items/Heatlightning Craft.asset
  artifactKey: Guid(d18adc439e584c44193145fba8fee3df) Importer(2089858483,0ecaa5967403d082aa24f35e1b516d23)
Start importing Assets/Resources/Scriptable Objects/Shop/Crafting Items/Heatlightning Craft.asset using Guid(d18adc439e584c44193145fba8fee3df) Importer(2089858483,0ecaa5967403d082aa24f35e1b516d23)  -> (artifact id: 'a6f41619dbf0461dc070aff21aa532b4') in 0.017353 seconds
Number of updated asset objects reloaded before import = 0
Number of asset objects unloaded after import = 62
========================================================================
Received Import Request.
  Time since last request: 0.000010 seconds.
  path: Assets/Resources/Scriptable Objects/Affections/Base/Neutral Only.asset
  artifactKey: Guid(721f39416dfdb174394d4e99044ce064) Importer(2089858483,0ecaa5967403d082aa24f35e1b516d23)
Start importing Assets/Resources/Scriptable Objects/Affections/Base/Neutral Only.asset using Guid(721f39416dfdb174394d4e99044ce064) Importer(2089858483,0ecaa5967403d082aa24f35e1b516d23)  -> (artifact id: 'ebaf9284c15d4e5ec7204d2c9f37cc7e') in 0.005221 seconds
Number of updated asset objects reloaded before import = 0
Number of asset objects unloaded after import = 1
========================================================================
Received Import Request.
  Time since last request: 0.000013 seconds.
  path: Assets/Resources/Scriptable Objects/AI/Blob AI/Magma Gel Startup.asset
  artifactKey: Guid(ef2de5e269f04244195c2b33fe08fbd5) Importer(2089858483,0ecaa5967403d082aa24f35e1b516d23)
Start importing Assets/Resources/Scriptable Objects/AI/Blob AI/Magma Gel Startup.asset using Guid(ef2de5e269f04244195c2b33fe08fbd5) Importer(2089858483,0ecaa5967403d082aa24f35e1b516d23)  -> (artifact id: '10470c4db5b2d7e386271f948475ed71') in 0.007086 seconds
Number of updated asset objects reloaded before import = 0
Number of asset objects unloaded after import = 30
========================================================================
Received Import Request.
  Time since last request: 0.000010 seconds.
  path: Assets/Resources/Scriptable Objects/Character Creation/Presets/Centaur.asset
  artifactKey: Guid(6baed0ee6d8e6e94293f3d3483d9bb6a) Importer(2089858483,0ecaa5967403d082aa24f35e1b516d23)
Start importing Assets/Resources/Scriptable Objects/Character Creation/Presets/Centaur.asset using Guid(6baed0ee6d8e6e94293f3d3483d9bb6a) Importer(2089858483,0ecaa5967403d082aa24f35e1b516d23)  -> (artifact id: '87e83d6a27b9a2f341d59d537ea9290d') in 0.036213 seconds
Number of updated asset objects reloaded before import = 0
Number of asset objects unloaded after import = 32
========================================================================
Received Import Request.
  Time since last request: 0.000011 seconds.
  path: Assets/Resources/Prefabs/Items/Key Items/Titanias Treasure.prefab
  artifactKey: Guid(b5920abe6703372499f3575b506e6c6d) Importer(2089858483,0ecaa5967403d082aa24f35e1b516d23)
Start importing Assets/Resources/Prefabs/Items/Key Items/Titanias Treasure.prefab using Guid(b5920abe6703372499f3575b506e6c6d) Importer(2089858483,0ecaa5967403d082aa24f35e1b516d23)  -> (artifact id: '686efc1957c1f5c4987b0701b106569b') in 0.017349 seconds
Number of updated asset objects reloaded before import = 0
Number of asset objects unloaded after import = 29
========================================================================
Received Import Request.
  Time since last request: 0.000016 seconds.
  path: Assets/Resources/Scriptable Objects/Shop/Crafting Items/Arcane Impuls Craft.asset
  artifactKey: Guid(68fa20ab897aa994681c8baa8924788a) Importer(2089858483,0ecaa5967403d082aa24f35e1b516d23)
Start importing Assets/Resources/Scriptable Objects/Shop/Crafting Items/Arcane Impuls Craft.asset using Guid(68fa20ab897aa994681c8baa8924788a) Importer(2089858483,0ecaa5967403d082aa24f35e1b516d23)  -> (artifact id: '67e25ad6ebad2a54efa03afbf40c8d5b') in 0.012638 seconds
Number of updated asset objects reloaded before import = 0
Number of asset objects unloaded after import = 55
========================================================================
Received Import Request.
  Time since last request: 0.000019 seconds.
  path: Assets/Resources/Prefabs/Map Parts/Character related/SecretArea.prefab
  artifactKey: Guid(50af93dea71b4b643b9da12e495da573) Importer(2089858483,0ecaa5967403d082aa24f35e1b516d23)
Start importing Assets/Resources/Prefabs/Map Parts/Character related/SecretArea.prefab using Guid(50af93dea71b4b643b9da12e495da573) Importer(2089858483,0ecaa5967403d082aa24f35e1b516d23)  -> (artifact id: 'f33166febf8efb9714d6f8e9a6411a96') in 0.055733 seconds
Number of updated asset objects reloaded before import = 0
Number of asset objects unloaded after import = 9
========================================================================
Received Import Request.
  Time since last request: 0.000014 seconds.
  path: Assets/Resources/Prefabs/Objects/Interactables/Boss Tür.prefab
  artifactKey: Guid(8fde3d5945ed62f44b52950f1d05c6ad) Importer(2089858483,0ecaa5967403d082aa24f35e1b516d23)
Start importing Assets/Resources/Prefabs/Objects/Interactables/Boss Tür.prefab using Guid(8fde3d5945ed62f44b52950f1d05c6ad) Importer(2089858483,0ecaa5967403d082aa24f35e1b516d23)  -> (artifact id: '50777cd8d197c33cdd9963c5aa2cf6f4') in 0.023481 seconds
Number of updated asset objects reloaded before import = 0
Number of asset objects unloaded after import = 51
========================================================================
Received Import Request.
  Time since last request: 0.000011 seconds.
  path: Assets/Resources/Prefabs/Items/Crafting Items/Leather.prefab
  artifactKey: Guid(37eadffe4bc744a42b2ab86fdbe5efa0) Importer(2089858483,0ecaa5967403d082aa24f35e1b516d23)
Start importing Assets/Resources/Prefabs/Items/Crafting Items/Leather.prefab using Guid(37eadffe4bc744a42b2ab86fdbe5efa0) Importer(2089858483,0ecaa5967403d082aa24f35e1b516d23)  -> (artifact id: '33526ea6bd1ad8db518f4f8eb79878ef') in 0.028127 seconds
Number of updated asset objects reloaded before import = 0
Number of asset objects unloaded after import = 28
========================================================================
Received Import Request.
  Time since last request: 0.000012 seconds.
  path: Assets/Resources/Audio/Soundeffects/MP3/Phaser.mp3
  artifactKey: Guid(f326318a806fd6642b491ebc8fe68e7a) Importer(2089858483,0ecaa5967403d082aa24f35e1b516d23)
Start importing Assets/Resources/Audio/Soundeffects/MP3/Phaser.mp3 using Guid(f326318a806fd6642b491ebc8fe68e7a) Importer(2089858483,0ecaa5967403d082aa24f35e1b516d23)  -> (artifact id: 'f354fc8d295513a600995fd72af27de0') in 0.023858 seconds
Number of updated asset objects reloaded before import = 0
Number of asset objects unloaded after import = 1
========================================================================
Received Import Request.
  Time since last request: 0.000012 seconds.
  path: Assets/Resources/Scriptable Objects/AI/Blob AI/Stein Pudding Startup.asset
  artifactKey: Guid(ff7cd6a17546bc24a8801a5250cd4872) Importer(2089858483,0ecaa5967403d082aa24f35e1b516d23)
Start importing Assets/Resources/Scriptable Objects/AI/Blob AI/Stein Pudding Startup.asset using Guid(ff7cd6a17546bc24a8801a5250cd4872) Importer(2089858483,0ecaa5967403d082aa24f35e1b516d23)  -> (artifact id: '14e0e81e000fa432fa62d07ab1e4d81d') in 0.005408 seconds
Number of updated asset objects reloaded before import = 0
Number of asset objects unloaded after import = 13
========================================================================
Received Import Request.
  Time since last request: 0.000014 seconds.
  path: Assets/Resources/Prefabs/Skills/Old Skills/Steinwand.prefab
  artifactKey: Guid(00d71e733b0c7114a806e954775ad101) Importer(2089858483,0ecaa5967403d082aa24f35e1b516d23)
Start importing Assets/Resources/Prefabs/Skills/Old Skills/Steinwand.prefab using Guid(00d71e733b0c7114a806e954775ad101) Importer(2089858483,0ecaa5967403d082aa24f35e1b516d23)  -> (artifact id: 'b641a291737be0ca0c95e947bd15b26b') in 0.181390 seconds
Number of updated asset objects reloaded before import = 0
Number of asset objects unloaded after import = 36
========================================================================
Received Import Request.
  Time since last request: 0.000016 seconds.
  path: Assets/Resources/Scriptable Objects/Character Stats/Enemies/_Test Blob.asset
  artifactKey: Guid(7806cb70a49e5cf4d9aaf96d2ede44c3) Importer(2089858483,0ecaa5967403d082aa24f35e1b516d23)
Start importing Assets/Resources/Scriptable Objects/Character Stats/Enemies/_Test Blob.asset using Guid(7806cb70a49e5cf4d9aaf96d2ede44c3) Importer(2089858483,0ecaa5967403d082aa24f35e1b516d23)  -> (artifact id: '0a2b8cea422d04975286b3d68e8863b1') in 0.052926 seconds
Number of updated asset objects reloaded before import = 0
Number of asset objects unloaded after import = 105
========================================================================
Received Import Request.
  Time since last request: 0.000018 seconds.
  path: Assets/Resources/Prefabs/Lights/Objects/Object Light.prefab
  artifactKey: Guid(f0cbdbc1324a8a2418a8a3edf17ad9e9) Importer(2089858483,0ecaa5967403d082aa24f35e1b516d23)
Start importing Assets/Resources/Prefabs/Lights/Objects/Object Light.prefab using Guid(f0cbdbc1324a8a2418a8a3edf17ad9e9) Importer(2089858483,0ecaa5967403d082aa24f35e1b516d23)  -> (artifact id: '00f8c5c4e70e75f6d11371a8fb4d0ad0') in 0.049292 seconds
Number of updated asset objects reloaded before import = 0
Number of asset objects unloaded after import = 5
========================================================================
Received Import Request.
  Time since last request: 0.000012 seconds.
  path: Assets/Resources/Scriptable Objects/Character Creation/Presets/Default.asset
  artifactKey: Guid(f85bfbd28a416dd43b2f759b5b3a0d35) Importer(2089858483,0ecaa5967403d082aa24f35e1b516d23)
Start importing Assets/Resources/Scriptable Objects/Character Creation/Presets/Default.asset using Guid(f85bfbd28a416dd43b2f759b5b3a0d35) Importer(2089858483,0ecaa5967403d082aa24f35e1b516d23)  -> (artifact id: '986329df6b3bb72a0408112e56296a38') in 0.007679 seconds
Number of updated asset objects reloaded before import = 0
Number of asset objects unloaded after import = 20
========================================================================
Received Import Request.
  Time since last request: 0.000010 seconds.
  path: Assets/Resources/Scriptable Objects/AI/King Blob AI/King Blob Combat.asset
  artifactKey: Guid(b62894fec5e3a46448d1a0cb2e09d40e) Importer(2089858483,0ecaa5967403d082aa24f35e1b516d23)
Start importing Assets/Resources/Scriptable Objects/AI/King Blob AI/King Blob Combat.asset using Guid(b62894fec5e3a46448d1a0cb2e09d40e) Importer(2089858483,0ecaa5967403d082aa24f35e1b516d23)  -> (artifact id: 'c0059d644f3bad2e0fe7e14807104804') in 0.019922 seconds
Number of updated asset objects reloaded before import = 0
Number of asset objects unloaded after import = 211
========================================================================
Received Import Request.
  Time since last request: 0.000011 seconds.
  path: Assets/Resources/Prefabs/Indicators/Ground Indicators/Spawn Indicator.prefab
  artifactKey: Guid(72a15de99436f3c45a111663341b6274) Importer(2089858483,0ecaa5967403d082aa24f35e1b516d23)
Start importing Assets/Resources/Prefabs/Indicators/Ground Indicators/Spawn Indicator.prefab using Guid(72a15de99436f3c45a111663341b6274) Importer(2089858483,0ecaa5967403d082aa24f35e1b516d23)  -> (artifact id: '3f1a3f3401c8f6f64c9ab7953f9da1fc') in 0.089269 seconds
Number of updated asset objects reloaded before import = 0
Number of asset objects unloaded after import = 17
========================================================================
Received Import Request.
  Time since last request: 0.000012 seconds.
  path: Assets/Resources/Scriptable Objects/Abilities/SkillInfo/Windklinge.asset
  artifactKey: Guid(8e19a8ec0eeb3b64d8faba03870c6d9d) Importer(2089858483,0ecaa5967403d082aa24f35e1b516d23)
Start importing Assets/Resources/Scriptable Objects/Abilities/SkillInfo/Windklinge.asset using Guid(8e19a8ec0eeb3b64d8faba03870c6d9d) Importer(2089858483,0ecaa5967403d082aa24f35e1b516d23)  -> (artifact id: '5992d35f007f6a085d26a470aed3e4db') in 0.005037 seconds
Number of updated asset objects reloaded before import = 0
Number of asset objects unloaded after import = 2
========================================================================
Received Import Request.
  Time since last request: 0.000012 seconds.
  path: Assets/Resources/Scriptable Objects/Affections/Skills/Explosion.asset
  artifactKey: Guid(2b799d250264eb54aa1a06cf8054a50b) Importer(2089858483,0ecaa5967403d082aa24f35e1b516d23)
Start importing Assets/Resources/Scriptable Objects/Affections/Skills/Explosion.asset using Guid(2b799d250264eb54aa1a06cf8054a50b) Importer(2089858483,0ecaa5967403d082aa24f35e1b516d23)  -> (artifact id: 'cdc5b07dfabb5d49e3af2cb555f2209b') in 0.004381 seconds
Number of updated asset objects reloaded before import = 0
Number of asset objects unloaded after import = 1
========================================================================
Received Import Request.
  Time since last request: 0.000015 seconds.
  path: Assets/Resources/Scriptable Objects/Abilities/SkillInfo/Stromschlag.asset
  artifactKey: Guid(2e6328e13742cd241809b60a236f07cc) Importer(2089858483,0ecaa5967403d082aa24f35e1b516d23)
Start importing Assets/Resources/Scriptable Objects/Abilities/SkillInfo/Stromschlag.asset using Guid(2e6328e13742cd241809b60a236f07cc) Importer(2089858483,0ecaa5967403d082aa24f35e1b516d23)  -> (artifact id: '9b6f4d6d8214aec3e1fa70ef5f3a3fb0') in 0.007473 seconds
Number of updated asset objects reloaded before import = 0
Number of asset objects unloaded after import = 2
========================================================================
Received Import Request.
  Time since last request: 0.000019 seconds.
  path: Assets/Resources/Scriptable Objects/Abilities/SkillInfo/Frostspitze.asset
  artifactKey: Guid(16a74a1bc8da49349b9860e5bdc5a5b4) Importer(2089858483,0ecaa5967403d082aa24f35e1b516d23)
Start importing Assets/Resources/Scriptable Objects/Abilities/SkillInfo/Frostspitze.asset using Guid(16a74a1bc8da49349b9860e5bdc5a5b4) Importer(2089858483,0ecaa5967403d082aa24f35e1b516d23)  -> (artifact id: 'ac14c9d915a705e29bb01c1951f8c00c') in 0.004261 seconds
Number of updated asset objects reloaded before import = 0
Number of asset objects unloaded after import = 2
========================================================================
Received Import Request.
  Time since last request: 0.000013 seconds.
  path: Assets/Resources/Prefabs/Objects/Breakable/Pot.prefab
  artifactKey: Guid(8b5e4506eaf351344a4780bbb62c9b06) Importer(2089858483,0ecaa5967403d082aa24f35e1b516d23)
Start importing Assets/Resources/Prefabs/Objects/Breakable/Pot.prefab using Guid(8b5e4506eaf351344a4780bbb62c9b06) Importer(2089858483,0ecaa5967403d082aa24f35e1b516d23)  -> (artifact id: 'bdb20510e06e5aef9b68600088de0da5') in 0.056107 seconds
Number of updated asset objects reloaded before import = 0
Number of asset objects unloaded after import = 129
========================================================================
Received Import Request.
  Time since last request: 0.000012 seconds.
  path: Assets/Resources/Prefabs/Indicators/Ground Indicators/Beam Indicator.prefab
  artifactKey: Guid(62a3c32970897c246bc3585375530d9a) Importer(2089858483,0ecaa5967403d082aa24f35e1b516d23)
Start importing Assets/Resources/Prefabs/Indicators/Ground Indicators/Beam Indicator.prefab using Guid(62a3c32970897c246bc3585375530d9a) Importer(2089858483,0ecaa5967403d082aa24f35e1b516d23)  -> (artifact id: '62f08c09c95161ca2e2dd6c0ede79754') in 0.041280 seconds
Number of updated asset objects reloaded before import = 0
Number of asset objects unloaded after import = 11
========================================================================
Received Import Request.
  Time since last request: 0.000012 seconds.
  path: Assets/Resources/Art/Skills/Player Skills/Skills.png
  artifactKey: Guid(f3e0ea032db470442af7fcac9d83f1cb) Importer(2089858483,0ecaa5967403d082aa24f35e1b516d23)
Start importing Assets/Resources/Art/Skills/Player Skills/Skills.png using Guid(f3e0ea032db470442af7fcac9d83f1cb) Importer(2089858483,0ecaa5967403d082aa24f35e1b516d23)  -> (artifact id: 'b65cd9a45d2f47245171e24ddcc74e67') in 0.199911 seconds
Number of updated asset objects reloaded before import = 0
Number of asset objects unloaded after import = 97
========================================================================
Received Import Request.
  Time since last request: 0.000013 seconds.
  path: Assets/Resources/Prefabs/NPCs/Enemies/Stein Pudding.prefab
  artifactKey: Guid(99c1e1af02a86d84d907fc9f97711e57) Importer(2089858483,0ecaa5967403d082aa24f35e1b516d23)
Start importing Assets/Resources/Prefabs/NPCs/Enemies/Stein Pudding.prefab using Guid(99c1e1af02a86d84d907fc9f97711e57) Importer(2089858483,0ecaa5967403d082aa24f35e1b516d23)  -> (artifact id: 'b019192a8071c5a9966300c926351e7a') in 0.036043 seconds
Number of updated asset objects reloaded before import = 0
Number of asset objects unloaded after import = 198
========================================================================
Received Import Request.
  Time since last request: 0.000019 seconds.
  path: Assets/Resources/Scriptable Objects/Abilities/SkillInfo/Phaser.asset
  artifactKey: Guid(34b6433cfa71afe48a66d9b1a6d3ec50) Importer(2089858483,0ecaa5967403d082aa24f35e1b516d23)
Start importing Assets/Resources/Scriptable Objects/Abilities/SkillInfo/Phaser.asset using Guid(34b6433cfa71afe48a66d9b1a6d3ec50) Importer(2089858483,0ecaa5967403d082aa24f35e1b516d23)  -> (artifact id: 'ca0f0044b25e7d92d2a100e0a65950d7') in 0.006063 seconds
Number of updated asset objects reloaded before import = 0
Number of asset objects unloaded after import = 2
========================================================================
Received Import Request.
  Time since last request: 0.000011 seconds.
  path: Assets/Resources/Prefabs/Skills/Player Skills/Schild.prefab
  artifactKey: Guid(42f53cb1b0e3a1e4c98ecc587d8dd07e) Importer(2089858483,0ecaa5967403d082aa24f35e1b516d23)
Start importing Assets/Resources/Prefabs/Skills/Player Skills/Schild.prefab using Guid(42f53cb1b0e3a1e4c98ecc587d8dd07e) Importer(2089858483,0ecaa5967403d082aa24f35e1b516d23)  -> (artifact id: 'd5d192ffd0b0d8d2d02767fa510feb7c') in 0.020573 seconds
Number of updated asset objects reloaded before import = 0
Number of asset objects unloaded after import = 28
========================================================================
Received Import Request.
  Time since last request: 0.000012 seconds.
  path: Assets/Resources/Scriptable Objects/Abilities/SkillInfo/Hitzeblitz.asset
  artifactKey: Guid(c5dbae62dc5891b4886ca2b080b4ebf8) Importer(2089858483,0ecaa5967403d082aa24f35e1b516d23)
Start importing Assets/Resources/Scriptable Objects/Abilities/SkillInfo/Hitzeblitz.asset using Guid(c5dbae62dc5891b4886ca2b080b4ebf8) Importer(2089858483,0ecaa5967403d082aa24f35e1b516d23)  -> (artifact id: 'bb4dae33af411c5af5d7561078715b12') in 0.005656 seconds
Number of updated asset objects reloaded before import = 0
Number of asset objects unloaded after import = 2
========================================================================
Received Import Request.
  Time since last request: 0.000012 seconds.
  path: Assets/Resources/Prefabs/NPCs/Enemies/Blob.prefab
  artifactKey: Guid(1d6332d8d9d7c9c438540f3999e42183) Importer(2089858483,0ecaa5967403d082aa24f35e1b516d23)
Start importing Assets/Resources/Prefabs/NPCs/Enemies/Blob.prefab using Guid(1d6332d8d9d7c9c438540f3999e42183) Importer(2089858483,0ecaa5967403d082aa24f35e1b516d23)  -> (artifact id: '92716af0a60990129093db2fa27d8ecd') in 0.033126 seconds
Number of updated asset objects reloaded before import = 0
Number of asset objects unloaded after import = 168
========================================================================
Received Import Request.
  Time since last request: 0.000011 seconds.
  path: Assets/Resources/Scriptable Objects/AI/King Blob AI/King Blob Startup.asset
  artifactKey: Guid(cb13a087f2d8b3a4dbf86c75af062824) Importer(2089858483,0ecaa5967403d082aa24f35e1b516d23)
Start importing Assets/Resources/Scriptable Objects/AI/King Blob AI/King Blob Startup.asset using Guid(cb13a087f2d8b3a4dbf86c75af062824) Importer(2089858483,0ecaa5967403d082aa24f35e1b516d23)  -> (artifact id: '181964a5654295c688fb83a079f6787f') in 0.021226 seconds
Number of updated asset objects reloaded before import = 0
Number of asset objects unloaded after import = 222
========================================================================
Received Import Request.
  Time since last request: 0.000012 seconds.
  path: Assets/Scripts/Scriptable Objects/Objects/Character Creator/CharacterCreatorProperty.cs
  artifactKey: Guid(0d0b985e1f045e945aa90cf31b10f8e8) Importer(2089858483,0ecaa5967403d082aa24f35e1b516d23)
Start importing Assets/Scripts/Scriptable Objects/Objects/Character Creator/CharacterCreatorProperty.cs using Guid(0d0b985e1f045e945aa90cf31b10f8e8) Importer(2089858483,0ecaa5967403d082aa24f35e1b516d23)  -> (artifact id: '4fa1df718992e3fb98f190262d50f171') in 0.004854 seconds
Number of updated asset objects reloaded before import = 0
Number of asset objects unloaded after import = 1
========================================================================
Received Import Request.
  Time since last request: 0.000012 seconds.
  path: Assets/Resources/Scriptable Objects/Signals/Menu Signals/openOnlineModeSignal.asset
  artifactKey: Guid(d99a7955facba174585e886cf6d6a551) Importer(2089858483,0ecaa5967403d082aa24f35e1b516d23)
Start importing Assets/Resources/Scriptable Objects/Signals/Menu Signals/openOnlineModeSignal.asset using Guid(d99a7955facba174585e886cf6d6a551) Importer(2089858483,0ecaa5967403d082aa24f35e1b516d23)  -> (artifact id: '05c7fcaa08ef9c5383792a4def6c71d3') in 0.003775 seconds
Number of updated asset objects reloaded before import = 0
Number of asset objects unloaded after import = 1
========================================================================
Received Import Request.
  Time since last request: 0.000010 seconds.
  path: Assets/Scripts/Scriptable Objects/Objects/Character Creator/CharacterCreatorColorPalette.cs
  artifactKey: Guid(30be7d88ba8e64149ad8ec3d3687dd7d) Importer(2089858483,0ecaa5967403d082aa24f35e1b516d23)
Start importing Assets/Scripts/Scriptable Objects/Objects/Character Creator/CharacterCreatorColorPalette.cs using Guid(30be7d88ba8e64149ad8ec3d3687dd7d) Importer(2089858483,0ecaa5967403d082aa24f35e1b516d23)  -> (artifact id: 'c2a13de3e15fb90322c4876003635957') in 0.005868 seconds
Number of updated asset objects reloaded before import = 0
Number of asset objects unloaded after import = 1
========================================================================
Received Import Request.
  Time since last request: 0.000012 seconds.
  path: Assets/Resources/Scriptable Objects/Signals/Cutscene Signals/Boss Transform Signal.asset
  artifactKey: Guid(f41e51f8de8a5f64c946c1ef73cc147a) Importer(2089858483,0ecaa5967403d082aa24f35e1b516d23)
Start importing Assets/Resources/Scriptable Objects/Signals/Cutscene Signals/Boss Transform Signal.asset using Guid(f41e51f8de8a5f64c946c1ef73cc147a) Importer(2089858483,0ecaa5967403d082aa24f35e1b516d23)  -> (artifact id: 'c4377eb959ac08568406bee7a3f0f20a') in 0.003609 seconds
Number of updated asset objects reloaded before import = 0
Number of asset objects unloaded after import = 1
========================================================================
Received Import Request.
  Time since last request: 0.000011 seconds.
  path: Assets/Scripts/Scriptable Objects/Objects/Debugging/DebugLog.cs
  artifactKey: Guid(dd727ad4417f77d4eabcc7200c22dbf6) Importer(2089858483,0ecaa5967403d082aa24f35e1b516d23)
Start importing Assets/Scripts/Scriptable Objects/Objects/Debugging/DebugLog.cs using Guid(dd727ad4417f77d4eabcc7200c22dbf6) Importer(2089858483,0ecaa5967403d082aa24f35e1b516d23)  -> (artifact id: 'cb64912017af4b35437c8fa9dc78b7bd') in 0.004457 seconds
Number of updated asset objects reloaded before import = 0
Number of asset objects unloaded after import = 1
========================================================================
Received Import Request.
  Time since last request: 0.000015 seconds.
  path: Assets/Resources/Scriptable Objects/Signals/Menu Signals/openSkillMenuSignal.asset
  artifactKey: Guid(a0040097a322aac45b0490d99fbc08a4) Importer(2089858483,0ecaa5967403d082aa24f35e1b516d23)
Start importing Assets/Resources/Scriptable Objects/Signals/Menu Signals/openSkillMenuSignal.asset using Guid(a0040097a322aac45b0490d99fbc08a4) Importer(2089858483,0ecaa5967403d082aa24f35e1b516d23)  -> (artifact id: 'a877a01f89e318912921019e89336a6f') in 0.003789 seconds
Number of updated asset objects reloaded before import = 0
Number of asset objects unloaded after import = 1
========================================================================
Received Import Request.
  Time since last request: 0.000012 seconds.
  path: Assets/Resources/Scriptable Objects/TeleportPoints/Dorf/Haustür.asset
  artifactKey: Guid(b365e11c494da9b49ba071fdcf7ca2c1) Importer(2089858483,0ecaa5967403d082aa24f35e1b516d23)
Start importing Assets/Resources/Scriptable Objects/TeleportPoints/Dorf/Haustür.asset using Guid(b365e11c494da9b49ba071fdcf7ca2c1) Importer(2089858483,0ecaa5967403d082aa24f35e1b516d23)  -> (artifact id: '168c777e77ba573880de62e668124791') in 0.005234 seconds
Number of updated asset objects reloaded before import = 0
Number of asset objects unloaded after import = 1
========================================================================
Received Import Request.
  Time since last request: 0.000014 seconds.
  path: Assets/Scripts/Scriptable Objects/Objects/Character Creator/CharacterPreset.cs
  artifactKey: Guid(17a2b03240e5c4c4eab3922301d66a96) Importer(2089858483,0ecaa5967403d082aa24f35e1b516d23)
Start importing Assets/Scripts/Scriptable Objects/Objects/Character Creator/CharacterPreset.cs using Guid(17a2b03240e5c4c4eab3922301d66a96) Importer(2089858483,0ecaa5967403d082aa24f35e1b516d23)  -> (artifact id: '4a5ac587f7bfef0cb02e6d2fef4546dd') in 0.003974 seconds
Number of updated asset objects reloaded before import = 0
Number of asset objects unloaded after import = 1
========================================================================
Received Import Request.
  Time since last request: 0.000013 seconds.
  path: Assets/Resources/Scriptable Objects/Shop/Crafting Items/Windblade Craft.asset
  artifactKey: Guid(7961b0e580a496144954131e587a52dc) Importer(2089858483,0ecaa5967403d082aa24f35e1b516d23)
Start importing Assets/Resources/Scriptable Objects/Shop/Crafting Items/Windblade Craft.asset using Guid(7961b0e580a496144954131e587a52dc) Importer(2089858483,0ecaa5967403d082aa24f35e1b516d23)  -> (artifact id: '0bcd5f825cddef5bdb9da841cd6f3c40') in 0.016783 seconds
Number of updated asset objects reloaded before import = 0
Number of asset objects unloaded after import = 65
========================================================================
Received Import Request.
  Time since last request: 0.000025 seconds.
  path: Assets/Scripts/Scriptable Objects/Objects/Player/PlayerSkillset.cs
  artifactKey: Guid(50b950f9e3817ca41bb78e7eb87afc34) Importer(2089858483,0ecaa5967403d082aa24f35e1b516d23)
Start importing Assets/Scripts/Scriptable Objects/Objects/Player/PlayerSkillset.cs using Guid(50b950f9e3817ca41bb78e7eb87afc34) Importer(2089858483,0ecaa5967403d082aa24f35e1b516d23)  -> (artifact id: 'bea845e47ebd4570834b17b9f858b2e9') in 0.004150 seconds
Number of updated asset objects reloaded before import = 0
Number of asset objects unloaded after import = 1
========================================================================
Received Import Request.
  Time since last request: 0.000011 seconds.
  path: Assets/Scripts/Scriptable Objects/Objects/Debugging/DebugSettings.cs
  artifactKey: Guid(5461fbb86466fe947926f424c0e7a23b) Importer(2089858483,0ecaa5967403d082aa24f35e1b516d23)
Start importing Assets/Scripts/Scriptable Objects/Objects/Debugging/DebugSettings.cs using Guid(5461fbb86466fe947926f424c0e7a23b) Importer(2089858483,0ecaa5967403d082aa24f35e1b516d23)  -> (artifact id: '1e2f2e51b2131d8adf834bc796cf82b5') in 0.004216 seconds
Number of updated asset objects reloaded before import = 0
Number of asset objects unloaded after import = 1
========================================================================
Received Import Request.
  Time since last request: 0.000011 seconds.
  path: Assets/Resources/Scriptable Objects/Shop/Shop Items/Keys.asset
  artifactKey: Guid(42826f29f748fc04e99f21d2b06cf33b) Importer(2089858483,0ecaa5967403d082aa24f35e1b516d23)
Start importing Assets/Resources/Scriptable Objects/Shop/Shop Items/Keys.asset using Guid(42826f29f748fc04e99f21d2b06cf33b) Importer(2089858483,0ecaa5967403d082aa24f35e1b516d23)  -> (artifact id: '762fe2ff5556687dccaac0a7c8f5afc2') in 0.009192 seconds
Number of updated asset objects reloaded before import = 0
Number of asset objects unloaded after import = 32
========================================================================
Received Import Request.
  Time since last request: 0.000041 seconds.
  path: Assets/Scripts/Scriptable Objects/Objects/Menu/MenuDialogBoxInfo.cs
  artifactKey: Guid(6cb3ba1e99391cc4f9e25c81fa36be48) Importer(2089858483,0ecaa5967403d082aa24f35e1b516d23)
Start importing Assets/Scripts/Scriptable Objects/Objects/Menu/MenuDialogBoxInfo.cs using Guid(6cb3ba1e99391cc4f9e25c81fa36be48) Importer(2089858483,0ecaa5967403d082aa24f35e1b516d23)  -> (artifact id: '5a36a62b72421f059e56f440dd0baec8') in 0.004335 seconds
Number of updated asset objects reloaded before import = 0
Number of asset objects unloaded after import = 1
========================================================================
Received Import Request.
  Time since last request: 0.000014 seconds.
  path: Assets/Scripts/Scriptable Objects/Objects/Player/PlayerInventory.cs
  artifactKey: Guid(d84b709bb4aba3d42bcd446b7631ed8c) Importer(2089858483,0ecaa5967403d082aa24f35e1b516d23)
Start importing Assets/Scripts/Scriptable Objects/Objects/Player/PlayerInventory.cs using Guid(d84b709bb4aba3d42bcd446b7631ed8c) Importer(2089858483,0ecaa5967403d082aa24f35e1b516d23)  -> (artifact id: 'e980684d87f6b47a10fc797db1dee13b') in 0.004826 seconds
Number of updated asset objects reloaded before import = 0
Number of asset objects unloaded after import = 1
========================================================================
Received Import Request.
  Time since last request: 0.000012 seconds.
  path: Assets/Scripts/Scriptable Objects/Objects/Item/LootTable.cs
  artifactKey: Guid(b9e0ab837478e584e9ccad0adeafdd3b) Importer(2089858483,0ecaa5967403d082aa24f35e1b516d23)
Start importing Assets/Scripts/Scriptable Objects/Objects/Item/LootTable.cs using Guid(b9e0ab837478e584e9ccad0adeafdd3b) Importer(2089858483,0ecaa5967403d082aa24f35e1b516d23)  -> (artifact id: '9dc7164a3df935c522c0f61c12a061e7') in 0.003936 seconds
Number of updated asset objects reloaded before import = 0
Number of asset objects unloaded after import = 1
========================================================================
Received Import Request.
  Time since last request: 0.000013 seconds.
  path: Assets/Resources/Scriptable Objects/Shop/Crafting Items/Shield Craft.asset
  artifactKey: Guid(2b8c08a2b89085742accec839593d48b) Importer(2089858483,0ecaa5967403d082aa24f35e1b516d23)
Start importing Assets/Resources/Scriptable Objects/Shop/Crafting Items/Shield Craft.asset using Guid(2b8c08a2b89085742accec839593d48b) Importer(2089858483,0ecaa5967403d082aa24f35e1b516d23)  -> (artifact id: 'c6f0fbb3892badf43fef4d054281eace') in 0.009504 seconds
Number of updated asset objects reloaded before import = 0
Number of asset objects unloaded after import = 36
========================================================================
Received Import Request.
  Time since last request: 0.000013 seconds.
  path: Assets/Resources/Scriptable Objects/Signals/Menu Signals/MiniGameObjectSignal.asset
  artifactKey: Guid(daf7c46dd8efc4e4cac43cc104163fdc) Importer(2089858483,0ecaa5967403d082aa24f35e1b516d23)
Start importing Assets/Resources/Scriptable Objects/Signals/Menu Signals/MiniGameObjectSignal.asset using Guid(daf7c46dd8efc4e4cac43cc104163fdc) Importer(2089858483,0ecaa5967403d082aa24f35e1b516d23)  -> (artifact id: '9787c59115fa80cadaf4d2ea7a4a45d2') in 0.004222 seconds
Number of updated asset objects reloaded before import = 0
Number of asset objects unloaded after import = 1
========================================================================
Received Import Request.
  Time since last request: 0.000010 seconds.
  path: Assets/Scripts/Scriptable Objects/Objects/StatusEffect/StatusEffect.cs
  artifactKey: Guid(b6b22a3ebb90863458dba94076083e2b) Importer(2089858483,0ecaa5967403d082aa24f35e1b516d23)
Start importing Assets/Scripts/Scriptable Objects/Objects/StatusEffect/StatusEffect.cs using Guid(b6b22a3ebb90863458dba94076083e2b) Importer(2089858483,0ecaa5967403d082aa24f35e1b516d23)  -> (artifact id: '21e53934eafebae63f50b087a819017d') in 0.003987 seconds
Number of updated asset objects reloaded before import = 0
Number of asset objects unloaded after import = 1
========================================================================
Received Import Request.
  Time since last request: 0.000011 seconds.
  path: Assets/Resources/Scriptable Objects/Shop/Shop Items/Antidot.asset
  artifactKey: Guid(cc8ed9a4c8f32764ba576113e0712efa) Importer(2089858483,0ecaa5967403d082aa24f35e1b516d23)
Start importing Assets/Resources/Scriptable Objects/Shop/Shop Items/Antidot.asset using Guid(cc8ed9a4c8f32764ba576113e0712efa) Importer(2089858483,0ecaa5967403d082aa24f35e1b516d23)  -> (artifact id: '15b77ca2c56176076ebd82eb3ff22202') in 0.010569 seconds
Number of updated asset objects reloaded before import = 0
Number of asset objects unloaded after import = 53
========================================================================
Received Import Request.
  Time since last request: 0.000010 seconds.
  path: Assets/Resources/Prefabs/Skills/Enemy Skills/Feuer Haut.prefab
  artifactKey: Guid(51f9d7aedc6941b4eb34d1eb4d280123) Importer(2089858483,0ecaa5967403d082aa24f35e1b516d23)
Start importing Assets/Resources/Prefabs/Skills/Enemy Skills/Feuer Haut.prefab using Guid(51f9d7aedc6941b4eb34d1eb4d280123) Importer(2089858483,0ecaa5967403d082aa24f35e1b516d23)  -> (artifact id: '62f685002536adcc6429482909fad840') in 0.012310 seconds
Number of updated asset objects reloaded before import = 0
Number of asset objects unloaded after import = 28
========================================================================
Received Import Request.
  Time since last request: 0.000011 seconds.
  path: Assets/Scripts/Scriptable Objects/Objects/Player/PlayerAttributes.cs
  artifactKey: Guid(73e9213e3fdd8d44d8fc0072fff933c0) Importer(2089858483,0ecaa5967403d082aa24f35e1b516d23)
Start importing Assets/Scripts/Scriptable Objects/Objects/Player/PlayerAttributes.cs using Guid(73e9213e3fdd8d44d8fc0072fff933c0) Importer(2089858483,0ecaa5967403d082aa24f35e1b516d23)  -> (artifact id: 'b87510f124a947aad4d50cf59bef30cb') in 0.004090 seconds
Number of updated asset objects reloaded before import = 0
Number of asset objects unloaded after import = 1
========================================================================
Received Import Request.
  Time since last request: 0.000011 seconds.
  path: Assets/Resources/Prefabs/Items/Inventory Items/Time Shard.prefab
  artifactKey: Guid(9eed5a7d4c3ca4f49b552c626d2d4ee7) Importer(2089858483,0ecaa5967403d082aa24f35e1b516d23)
Start importing Assets/Resources/Prefabs/Items/Inventory Items/Time Shard.prefab using Guid(9eed5a7d4c3ca4f49b552c626d2d4ee7) Importer(2089858483,0ecaa5967403d082aa24f35e1b516d23)  -> (artifact id: '51ce89703da3fa574d1b2b29483b080b') in 0.019676 seconds
Number of updated asset objects reloaded before import = 0
Number of asset objects unloaded after import = 90
========================================================================
Received Import Request.
  Time since last request: 0.000015 seconds.
  path: Assets/Scripts/Scriptable Objects/Objects/Ability/Ability.cs
  artifactKey: Guid(266771f26e0200047a77d2d39c8b8900) Importer(2089858483,0ecaa5967403d082aa24f35e1b516d23)
Start importing Assets/Scripts/Scriptable Objects/Objects/Ability/Ability.cs using Guid(266771f26e0200047a77d2d39c8b8900) Importer(2089858483,0ecaa5967403d082aa24f35e1b516d23)  -> (artifact id: 'dd432325831dad059d92d50503439841') in 0.044129 seconds
Number of updated asset objects reloaded before import = 0
Number of asset objects unloaded after import = 1
========================================================================
Received Import Request.
  Time since last request: 0.000017 seconds.
  path: Assets/Resources/Scriptable Objects/Character Creation/Races/Human.asset
  artifactKey: Guid(e25e91085d99db24099f523e37b65227) Importer(2089858483,0ecaa5967403d082aa24f35e1b516d23)
Start importing Assets/Resources/Scriptable Objects/Character Creation/Races/Human.asset using Guid(e25e91085d99db24099f523e37b65227) Importer(2089858483,0ecaa5967403d082aa24f35e1b516d23)  -> (artifact id: '41b7adf95712240df47f88c30d3ea089') in 0.005003 seconds
Number of updated asset objects reloaded before import = 0
Number of asset objects unloaded after import = 2
========================================================================
Received Import Request.
  Time since last request: 0.000017 seconds.
  path: Assets/Scripts/Scriptable Objects/Objects/Crafting/ShopCategory.cs
  artifactKey: Guid(16b207b0980978c4d8d15c199b583231) Importer(2089858483,0ecaa5967403d082aa24f35e1b516d23)
Start importing Assets/Scripts/Scriptable Objects/Objects/Crafting/ShopCategory.cs using Guid(16b207b0980978c4d8d15c199b583231) Importer(2089858483,0ecaa5967403d082aa24f35e1b516d23)  -> (artifact id: 'eec9abf2583eba9b28f6eea06516a16b') in 0.005043 seconds
Number of updated asset objects reloaded before import = 0
Number of asset objects unloaded after import = 1
========================================================================
Received Import Request.
  Time since last request: 0.000013 seconds.
  path: Assets/Resources/Scriptable Objects/AI/Sentinel AI/Sentinel Startup.asset
  artifactKey: Guid(9e6241ad94a039b4eb88295fc09c3c29) Importer(2089858483,0ecaa5967403d082aa24f35e1b516d23)
Start importing Assets/Resources/Scriptable Objects/AI/Sentinel AI/Sentinel Startup.asset using Guid(9e6241ad94a039b4eb88295fc09c3c29) Importer(2089858483,0ecaa5967403d082aa24f35e1b516d23)  -> (artifact id: '495bcc0ea5f57f915312764763d18f22') in 0.006147 seconds
Number of updated asset objects reloaded before import = 0
Number of asset objects unloaded after import = 29
========================================================================
Received Import Request.
  Time since last request: 0.000012 seconds.
  path: Assets/Resources/Prefabs/Skills/Player Skills/Schwert.prefab
  artifactKey: Guid(08ac142b84c3a2547ab5aed3862039d9) Importer(2089858483,0ecaa5967403d082aa24f35e1b516d23)
Start importing Assets/Resources/Prefabs/Skills/Player Skills/Schwert.prefab using Guid(08ac142b84c3a2547ab5aed3862039d9) Importer(2089858483,0ecaa5967403d082aa24f35e1b516d23)  -> (artifact id: '535b4581c8e24d7bde3d868b108d325f') in 0.023277 seconds
Number of updated asset objects reloaded before import = 0
Number of asset objects unloaded after import = 27
========================================================================
Received Import Request.
  Time since last request: 0.000012 seconds.
  path: Assets/Resources/Scriptable Objects/Shop/Crafting Items/Arrow Craft.asset
  artifactKey: Guid(7e00400e090335244919c8e80e50ebf6) Importer(2089858483,0ecaa5967403d082aa24f35e1b516d23)
Start importing Assets/Resources/Scriptable Objects/Shop/Crafting Items/Arrow Craft.asset using Guid(7e00400e090335244919c8e80e50ebf6) Importer(2089858483,0ecaa5967403d082aa24f35e1b516d23)  -> (artifact id: 'd3ad14596380f48bca60ab8a8f018300') in 0.009861 seconds
Number of updated asset objects reloaded before import = 0
Number of asset objects unloaded after import = 37
========================================================================
Received Import Request.
  Time since last request: 0.000011 seconds.
  path: Assets/Resources/Scriptable Objects/Character Stats/Enemies/Titanias Bombe.asset
  artifactKey: Guid(111de9de902cc5e47880fc2eb47930b9) Importer(2089858483,0ecaa5967403d082aa24f35e1b516d23)
Start importing Assets/Resources/Scriptable Objects/Character Stats/Enemies/Titanias Bombe.asset using Guid(111de9de902cc5e47880fc2eb47930b9) Importer(2089858483,0ecaa5967403d082aa24f35e1b516d23)  -> (artifact id: 'fc71e5d40d644a50eaf8039890046af5') in 0.007755 seconds
Number of updated asset objects reloaded before import = 0
Number of asset objects unloaded after import = 2
========================================================================
Received Import Request.
  Time since last request: 0.000011 seconds.
  path: Assets/Resources/Prefabs/Skills/Enemy Skills/Explosion.prefab
  artifactKey: Guid(5606597b2db4c724b853aec8699a49e5) Importer(2089858483,0ecaa5967403d082aa24f35e1b516d23)
Start importing Assets/Resources/Prefabs/Skills/Enemy Skills/Explosion.prefab using Guid(5606597b2db4c724b853aec8699a49e5) Importer(2089858483,0ecaa5967403d082aa24f35e1b516d23)  -> (artifact id: '9ef549bb3b9aced3b3d85d24ab004697') in 0.145597 seconds
Number of updated asset objects reloaded before import = 0
Number of asset objects unloaded after import = 25
========================================================================
Received Import Request.
  Time since last request: 0.000014 seconds.
  path: Assets/Scripts/Scriptable Objects/Objects/AI/MovementStats.cs
  artifactKey: Guid(b295fa8a2ad051e4b89189d4dd6bd712) Importer(2089858483,0ecaa5967403d082aa24f35e1b516d23)
Start importing Assets/Scripts/Scriptable Objects/Objects/AI/MovementStats.cs using Guid(b295fa8a2ad051e4b89189d4dd6bd712) Importer(2089858483,0ecaa5967403d082aa24f35e1b516d23)  -> (artifact id: 'a0c4a174ab324c348f0847e99c8c43e7') in 0.004644 seconds
Number of updated asset objects reloaded before import = 0
Number of asset objects unloaded after import = 1
========================================================================
Received Import Request.
  Time since last request: 0.000019 seconds.
  path: Assets/Resources/Scriptable Objects/Shop/Crafting Items/Key Craft.asset
  artifactKey: Guid(6626a3932ae7cc046a9d237fce28c54f) Importer(2089858483,0ecaa5967403d082aa24f35e1b516d23)
Start importing Assets/Resources/Scriptable Objects/Shop/Crafting Items/Key Craft.asset using Guid(6626a3932ae7cc046a9d237fce28c54f) Importer(2089858483,0ecaa5967403d082aa24f35e1b516d23)  -> (artifact id: '96d31ff251e2de75e36349bb49346a53') in 0.011637 seconds
Number of updated asset objects reloaded before import = 0
Number of asset objects unloaded after import = 36
========================================================================
Received Import Request.
  Time since last request: 0.000021 seconds.
  path: Assets/Resources/Art/Characters/Player Sprites/Template 32x48.png
  artifactKey: Guid(7ca3c5a3c80b3af49b0d70e21ade3a7e) Importer(2089858483,0ecaa5967403d082aa24f35e1b516d23)
Start importing Assets/Resources/Art/Characters/Player Sprites/Template 32x48.png using Guid(7ca3c5a3c80b3af49b0d70e21ade3a7e) Importer(2089858483,0ecaa5967403d082aa24f35e1b516d23)  -> (artifact id: 'fb91b1186836267f32521e9ef654278a') in 0.204958 seconds
Number of updated asset objects reloaded before import = 0
Number of asset objects unloaded after import = 3
========================================================================
Received Import Request.
  Time since last request: 0.000013 seconds.
  path: Assets/Resources/Prefabs/Lights/Map/AußenFackel.prefab
  artifactKey: Guid(1f030407e91f7de419d368acb08f6cb1) Importer(2089858483,0ecaa5967403d082aa24f35e1b516d23)
Start importing Assets/Resources/Prefabs/Lights/Map/AußenFackel.prefab using Guid(1f030407e91f7de419d368acb08f6cb1) Importer(2089858483,0ecaa5967403d082aa24f35e1b516d23)  -> (artifact id: '48eb6665676219432d02abb962492a82') in 0.007803 seconds
Number of updated asset objects reloaded before import = 0
Number of asset objects unloaded after import = 23
========================================================================
Received Import Request.
  Time since last request: 0.000018 seconds.
  path: Assets/Resources/Prefabs/Indicators/Mark Indicators/Cross Hair Indicator.prefab
  artifactKey: Guid(34c9dccc3af913a4189d0f1402b3f3a7) Importer(2089858483,0ecaa5967403d082aa24f35e1b516d23)
Start importing Assets/Resources/Prefabs/Indicators/Mark Indicators/Cross Hair Indicator.prefab using Guid(34c9dccc3af913a4189d0f1402b3f3a7) Importer(2089858483,0ecaa5967403d082aa24f35e1b516d23)  -> (artifact id: '16153b0b2a30f528c087b1c739ef0895') in 0.019514 seconds
Number of updated asset objects reloaded before import = 0
Number of asset objects unloaded after import = 22
========================================================================
Received Import Request.
  Time since last request: 0.000012 seconds.
  path: Assets/Resources/Scriptable Objects/Character Creation/Presets/Elf.asset
  artifactKey: Guid(96f3c20388c27f245b81b075e0222f2f) Importer(2089858483,0ecaa5967403d082aa24f35e1b516d23)
Start importing Assets/Resources/Scriptable Objects/Character Creation/Presets/Elf.asset using Guid(96f3c20388c27f245b81b075e0222f2f) Importer(2089858483,0ecaa5967403d082aa24f35e1b516d23)  -> (artifact id: 'fca0dca13e9a976910ec71fd579a7aa5') in 0.037344 seconds
Number of updated asset objects reloaded before import = 0
Number of asset objects unloaded after import = 26
========================================================================
Received Import Request.
  Time since last request: 0.000012 seconds.
  path: Assets/Resources/Art/Characters/Player Sprites/Weapons.xcf
  artifactKey: Guid(0f896445785f27943826165f79557104) Importer(2089858483,0ecaa5967403d082aa24f35e1b516d23)
Start importing Assets/Resources/Art/Characters/Player Sprites/Weapons.xcf using Guid(0f896445785f27943826165f79557104) Importer(2089858483,0ecaa5967403d082aa24f35e1b516d23)  -> (artifact id: '1e1f6f3f14346421a89dc5bee821d023') in 0.003815 seconds
Number of updated asset objects reloaded before import = 0
Number of asset objects unloaded after import = 1
========================================================================
Received Import Request.
  Time since last request: 0.000014 seconds.
  path: Assets/Resources/Prefabs/Game/Required/Networking.prefab
  artifactKey: Guid(10fd24f1b0be2394dbb3289427bcba82) Importer(2089858483,0ecaa5967403d082aa24f35e1b516d23)
Start importing Assets/Resources/Prefabs/Game/Required/Networking.prefab using Guid(10fd24f1b0be2394dbb3289427bcba82) Importer(2089858483,0ecaa5967403d082aa24f35e1b516d23)  -> (artifact id: 'a1e66c34de7093f93a6841bad0ff987a') in 0.055495 seconds
Number of updated asset objects reloaded before import = 0
Number of asset objects unloaded after import = 340
========================================================================
Received Import Request.
  Time since last request: 0.000050 seconds.
  path: Assets/Resources/Prefabs/Lights/Skills/Skill Light.prefab
  artifactKey: Guid(42a4137c3904df94aa0b798edf1c5d6b) Importer(2089858483,0ecaa5967403d082aa24f35e1b516d23)
Start importing Assets/Resources/Prefabs/Lights/Skills/Skill Light.prefab using Guid(42a4137c3904df94aa0b798edf1c5d6b) Importer(2089858483,0ecaa5967403d082aa24f35e1b516d23)  -> (artifact id: '1b10cfc20b7d1de72877c0bb17b36861') in 0.030475 seconds
Number of updated asset objects reloaded before import = 0
Number of asset objects unloaded after import = 5
========================================================================
Received Import Request.
  Time since last request: 0.000011 seconds.
  path: Assets/Resources/Scriptable Objects/Signals/Game Signals/deathSignal.asset
  artifactKey: Guid(dda75ee433c9b274f8925d7dc56f9851) Importer(2089858483,0ecaa5967403d082aa24f35e1b516d23)
Start importing Assets/Resources/Scriptable Objects/Signals/Game Signals/deathSignal.asset using Guid(dda75ee433c9b274f8925d7dc56f9851) Importer(2089858483,0ecaa5967403d082aa24f35e1b516d23)  -> (artifact id: '5fe8b7efe5119576581d7affc833058f') in 0.004379 seconds
Number of updated asset objects reloaded before import = 0
Number of asset objects unloaded after import = 1
========================================================================
Received Import Request.
  Time since last request: 0.000011 seconds.
  path: Assets/Resources/Scriptable Objects/Shop/Crafting Items/Laser Craft.asset
  artifactKey: Guid(fa44676285c6bd541b25b8bbe8a0fea2) Importer(2089858483,0ecaa5967403d082aa24f35e1b516d23)
Start importing Assets/Resources/Scriptable Objects/Shop/Crafting Items/Laser Craft.asset using Guid(fa44676285c6bd541b25b8bbe8a0fea2) Importer(2089858483,0ecaa5967403d082aa24f35e1b516d23)  -> (artifact id: '81f9f0aca9e6cec0b93398ca3fd6c5b2') in 0.011544 seconds
Number of updated asset objects reloaded before import = 0
Number of asset objects unloaded after import = 60
========================================================================
Received Import Request.
  Time since last request: 0.000013 seconds.
  path: Assets/Scripts/Scriptable Objects/Objects/Game/TeleportStats.cs
  artifactKey: Guid(9deee4aebf9b1f840937afaf74e1469c) Importer(2089858483,0ecaa5967403d082aa24f35e1b516d23)
Start importing Assets/Scripts/Scriptable Objects/Objects/Game/TeleportStats.cs using Guid(9deee4aebf9b1f840937afaf74e1469c) Importer(2089858483,0ecaa5967403d082aa24f35e1b516d23)  -> (artifact id: '49a5e8d7b89f3739ad65fc81fcc89360') in 0.003949 seconds
Number of updated asset objects reloaded before import = 0
Number of asset objects unloaded after import = 1
========================================================================
Received Import Request.
  Time since last request: 0.000017 seconds.
  path: Assets/Resources/Scriptable Objects/Character Creation/Races/Unicorn.asset
  artifactKey: Guid(9318b3cf53ca9244ea617bb49bb91249) Importer(2089858483,0ecaa5967403d082aa24f35e1b516d23)
Start importing Assets/Resources/Scriptable Objects/Character Creation/Races/Unicorn.asset using Guid(9318b3cf53ca9244ea617bb49bb91249) Importer(2089858483,0ecaa5967403d082aa24f35e1b516d23)  -> (artifact id: 'eaa37f968ae7517b61fdac98167363ec') in 0.004737 seconds
Number of updated asset objects reloaded before import = 0
Number of asset objects unloaded after import = 2
========================================================================
Received Import Request.
  Time since last request: 0.000011 seconds.
  path: Assets/Resources/Prefabs/NPCs/Enemies/Magma Gel.prefab
  artifactKey: Guid(541e59ec760f7cb4caf119b8b3f81f76) Importer(2089858483,0ecaa5967403d082aa24f35e1b516d23)
Start importing Assets/Resources/Prefabs/NPCs/Enemies/Magma Gel.prefab using Guid(541e59ec760f7cb4caf119b8b3f81f76) Importer(2089858483,0ecaa5967403d082aa24f35e1b516d23)  -> (artifact id: '10dfa3b723330025b91d4d860e2b1ff7') in 0.032593 seconds
Number of updated asset objects reloaded before import = 0
Number of asset objects unloaded after import = 176
========================================================================
Received Import Request.
  Time since last request: 0.000011 seconds.
  path: Assets/Resources/Prefabs/Lights/Map/Window Light.prefab
  artifactKey: Guid(ff57f277d422337448be975d59d38d36) Importer(2089858483,0ecaa5967403d082aa24f35e1b516d23)
Start importing Assets/Resources/Prefabs/Lights/Map/Window Light.prefab using Guid(ff57f277d422337448be975d59d38d36) Importer(2089858483,0ecaa5967403d082aa24f35e1b516d23)  -> (artifact id: '0b2da46cd50aac42830210c95c7da11b') in 0.014770 seconds
Number of updated asset objects reloaded before import = 0
Number of asset objects unloaded after import = 6
========================================================================
Received Import Request.
  Time since last request: 0.000011 seconds.
  path: Assets/Scripts/Scriptable Objects/Objects/Crafting/PlayerRecipes.cs
  artifactKey: Guid(aec20f5ac3373ec47800feae0adb87c8) Importer(2089858483,0ecaa5967403d082aa24f35e1b516d23)
Start importing Assets/Scripts/Scriptable Objects/Objects/Crafting/PlayerRecipes.cs using Guid(aec20f5ac3373ec47800feae0adb87c8) Importer(2089858483,0ecaa5967403d082aa24f35e1b516d23)  -> (artifact id: '5da492b0927f1613bd8f6c8c03a7db41') in 0.004923 seconds
Number of updated asset objects reloaded before import = 0
Number of asset objects unloaded after import = 1
========================================================================
Received Import Request.
  Time since last request: 0.000014 seconds.
  path: Assets/Scripts/Scriptable Objects/Objects/Game/MasterManager.cs
  artifactKey: Guid(541fb1591861a2b4298c5cd3e6923b72) Importer(2089858483,0ecaa5967403d082aa24f35e1b516d23)
Start importing Assets/Scripts/Scriptable Objects/Objects/Game/MasterManager.cs using Guid(541fb1591861a2b4298c5cd3e6923b72) Importer(2089858483,0ecaa5967403d082aa24f35e1b516d23)  -> (artifact id: '4c8e9d407aacceeb2e9a1af0a301850c') in 0.006179 seconds
Number of updated asset objects reloaded before import = 0
Number of asset objects unloaded after import = 2
========================================================================
Received Import Request.
  Time since last request: 0.000011 seconds.
  path: Assets/Resources/Scriptable Objects/AI/Blob AI/Blob Aggro.asset
  artifactKey: Guid(38b0bc9f07ba3a5489bbb7817d157113) Importer(2089858483,0ecaa5967403d082aa24f35e1b516d23)
Start importing Assets/Resources/Scriptable Objects/AI/Blob AI/Blob Aggro.asset using Guid(38b0bc9f07ba3a5489bbb7817d157113) Importer(2089858483,0ecaa5967403d082aa24f35e1b516d23)  -> (artifact id: '40f8c257ee266f569e4c928604c9b8e3') in 0.005877 seconds
Number of updated asset objects reloaded before import = 0
Number of asset objects unloaded after import = 24
========================================================================
Received Import Request.
  Time since last request: 0.000013 seconds.
  path: Assets/Resources/Scriptable Objects/Character Creation/PropertyGroups/Lower Gear.asset
  artifactKey: Guid(14a80bdea01e7bd4f975f95021db9c4f) Importer(2089858483,0ecaa5967403d082aa24f35e1b516d23)
Start importing Assets/Resources/Scriptable Objects/Character Creation/PropertyGroups/Lower Gear.asset using Guid(14a80bdea01e7bd4f975f95021db9c4f) Importer(2089858483,0ecaa5967403d082aa24f35e1b516d23)  -> (artifact id: 'a6d76c06bf61a46e2b3307e5ab787a78') in 0.006540 seconds
Number of updated asset objects reloaded before import = 0
Number of asset objects unloaded after import = 14
========================================================================
Received Import Request.
  Time since last request: 0.000011 seconds.
  path: Assets/Resources/Scriptable Objects/Shop/Crafting Items/Mana Potion Craft.asset
  artifactKey: Guid(b24c37aa21c18074284beff5baca46f1) Importer(2089858483,0ecaa5967403d082aa24f35e1b516d23)
Start importing Assets/Resources/Scriptable Objects/Shop/Crafting Items/Mana Potion Craft.asset using Guid(b24c37aa21c18074284beff5baca46f1) Importer(2089858483,0ecaa5967403d082aa24f35e1b516d23)  -> (artifact id: '376c2a0b2be37978db0e374b4086dc82') in 0.012342 seconds
Number of updated asset objects reloaded before import = 0
Number of asset objects unloaded after import = 60
========================================================================
Received Import Request.
  Time since last request: 0.000011 seconds.
  path: Assets/Scripts/Utilities/Utilities/CollisionUtil.cs
  artifactKey: Guid(ff16494873b968e46be2753aa05e1198) Importer(2089858483,0ecaa5967403d082aa24f35e1b516d23)
Start importing Assets/Scripts/Utilities/Utilities/CollisionUtil.cs using Guid(ff16494873b968e46be2753aa05e1198) Importer(2089858483,0ecaa5967403d082aa24f35e1b516d23)  -> (artifact id: 'f4ff4eca667b6c814e8d35cefc381340') in 0.004064 seconds
Number of updated asset objects reloaded before import = 0
Number of asset objects unloaded after import = 1
========================================================================
Received Import Request.
  Time since last request: 0.000015 seconds.
  path: Assets/Materials/Shaders/Final Shaders/Character Shader/Character Shader.mat
  artifactKey: Guid(355432992060eda49abb91f4a41cf0b7) Importer(2089858483,0ecaa5967403d082aa24f35e1b516d23)
Start importing Assets/Materials/Shaders/Final Shaders/Character Shader/Character Shader.mat using Guid(355432992060eda49abb91f4a41cf0b7) Importer(2089858483,0ecaa5967403d082aa24f35e1b516d23)  -> (artifact id: '2fdba51e2dd4421adb9cc2c7be09c027') in 0.044197 seconds
Number of updated asset objects reloaded before import = 0
Number of asset objects unloaded after import = 1
========================================================================
Received Import Request.
  Time since last request: 0.000011 seconds.
  path: Assets/Resources/Prefabs/Indicators/Ground Indicators/Ground Indicator.prefab
  artifactKey: Guid(f21261978b8e468489ef17d46c3f7a49) Importer(2089858483,0ecaa5967403d082aa24f35e1b516d23)
Start importing Assets/Resources/Prefabs/Indicators/Ground Indicators/Ground Indicator.prefab using Guid(f21261978b8e468489ef17d46c3f7a49) Importer(2089858483,0ecaa5967403d082aa24f35e1b516d23)  -> (artifact id: '1268af7f7dff1761bf4f993d2058f3f4') in 0.026668 seconds
Number of updated asset objects reloaded before import = 0
Number of asset objects unloaded after import = 18
========================================================================
Received Import Request.
  Time since last request: 0.000015 seconds.
  path: Assets/Resources/Animations/Object Animations/Angel Feather/Sprite.controller
  artifactKey: Guid(7be63060d3146114ea3ad72a8ee25009) Importer(2089858483,0ecaa5967403d082aa24f35e1b516d23)
Start importing Assets/Resources/Animations/Object Animations/Angel Feather/Sprite.controller using Guid(7be63060d3146114ea3ad72a8ee25009) Importer(2089858483,0ecaa5967403d082aa24f35e1b516d23)  -> (artifact id: '974f7e77e4ade35904908b7b5fc7883c') in 0.003980 seconds
Number of updated asset objects reloaded before import = 0
Number of asset objects unloaded after import = 4
========================================================================
Received Import Request.
  Time since last request: 0.000019 seconds.
  path: Assets/Resources/Scriptable Objects/AI/Titania AI/Titania 4 Mechanics.asset
  artifactKey: Guid(0d5ddcc02be48a14083f29c606df3e1c) Importer(2089858483,0ecaa5967403d082aa24f35e1b516d23)
Start importing Assets/Resources/Scriptable Objects/AI/Titania AI/Titania 4 Mechanics.asset using Guid(0d5ddcc02be48a14083f29c606df3e1c) Importer(2089858483,0ecaa5967403d082aa24f35e1b516d23)  -> (artifact id: 'd9569fb966bcdab397faf42888556faf') in 0.070856 seconds
Number of updated asset objects reloaded before import = 0
Number of asset objects unloaded after import = 1156
========================================================================
Received Import Request.
  Time since last request: 0.000013 seconds.
  path: Assets/Resources/Animations/Enemy Animations/King Blob/Invisible.anim
  artifactKey: Guid(54801b587bb4ed94cb5b85b7501630c5) Importer(2089858483,0ecaa5967403d082aa24f35e1b516d23)
Start importing Assets/Resources/Animations/Enemy Animations/King Blob/Invisible.anim using Guid(54801b587bb4ed94cb5b85b7501630c5) Importer(2089858483,0ecaa5967403d082aa24f35e1b516d23)  -> (artifact id: 'bcc2bca1b4fac76ec3b5ace8594fc825') in 0.005121 seconds
Number of updated asset objects reloaded before import = 0
Number of asset objects unloaded after import = 1
========================================================================
Received Import Request.
  Time since last request: 0.000010 seconds.
  path: Assets/Scripts/Scriptable Objects/Objects/AI/AggroStats.cs
  artifactKey: Guid(cc4a6928ca6b56a4f85c42075596079d) Importer(2089858483,0ecaa5967403d082aa24f35e1b516d23)
Start importing Assets/Scripts/Scriptable Objects/Objects/AI/AggroStats.cs using Guid(cc4a6928ca6b56a4f85c42075596079d) Importer(2089858483,0ecaa5967403d082aa24f35e1b516d23)  -> (artifact id: '56a2cdec299951c2ffb310f9db9ecb17') in 0.003888 seconds
Number of updated asset objects reloaded before import = 0
Number of asset objects unloaded after import = 1
========================================================================
Received Import Request.
  Time since last request: 0.000010 seconds.
  path: Assets/Scripts/Skill Scripts/Modifier/SkillRotationModule.cs
  artifactKey: Guid(b951f28716f63414da5d74b247c0af8a) Importer(2089858483,0ecaa5967403d082aa24f35e1b516d23)
Start importing Assets/Scripts/Skill Scripts/Modifier/SkillRotationModule.cs using Guid(b951f28716f63414da5d74b247c0af8a) Importer(2089858483,0ecaa5967403d082aa24f35e1b516d23)  -> (artifact id: 'b4b6d63716a90e39b06e6874c459d06d') in 0.003922 seconds
Number of updated asset objects reloaded before import = 0
Number of asset objects unloaded after import = 1
========================================================================
Received Import Request.
  Time since last request: 0.000011 seconds.
  path: Assets/Plugins/Gabriel Pereira/Events 2.0 for Unity/Scripts/Editor/UnityEvent2Drawer.cs
  artifactKey: Guid(035b50b9802457749838a674a93a2c57) Importer(2089858483,0ecaa5967403d082aa24f35e1b516d23)
Start importing Assets/Plugins/Gabriel Pereira/Events 2.0 for Unity/Scripts/Editor/UnityEvent2Drawer.cs using Guid(035b50b9802457749838a674a93a2c57) Importer(2089858483,0ecaa5967403d082aa24f35e1b516d23)  -> (artifact id: '815d3a15f500b44fbe4733d8b1ec9052') in 0.003913 seconds
Number of updated asset objects reloaded before import = 0
Number of asset objects unloaded after import = 1
========================================================================
Received Import Request.
  Time since last request: 0.000010 seconds.
  path: Assets/Plugins/Photon/PhotonUnityNetworking/UtilityScripts/UI/TabViewManager.cs
  artifactKey: Guid(c94485733838d40fda441b2c0fbbec10) Importer(2089858483,0ecaa5967403d082aa24f35e1b516d23)
Start importing Assets/Plugins/Photon/PhotonUnityNetworking/UtilityScripts/UI/TabViewManager.cs using Guid(c94485733838d40fda441b2c0fbbec10) Importer(2089858483,0ecaa5967403d082aa24f35e1b516d23)  -> (artifact id: '8e8e9d97b2ff652e5368fb90d19ca981') in 0.003977 seconds
Number of updated asset objects reloaded before import = 0
Number of asset objects unloaded after import = 1
========================================================================
Received Import Request.
  Time since last request: 0.000011 seconds.
  path: Assets/Resources/Animations/Skill Animations/Boss Skill Animations/Meteor/Erdbeben.anim
  artifactKey: Guid(352dba0286e132f479597d92295b2003) Importer(2089858483,0ecaa5967403d082aa24f35e1b516d23)
Start importing Assets/Resources/Animations/Skill Animations/Boss Skill Animations/Meteor/Erdbeben.anim using Guid(352dba0286e132f479597d92295b2003) Importer(2089858483,0ecaa5967403d082aa24f35e1b516d23)  -> (artifact id: 'ae989946aba042c0b0485c8621174b40') in 0.014502 seconds
Number of updated asset objects reloaded before import = 0
Number of asset objects unloaded after import = 1
========================================================================
Received Import Request.
  Time since last request: 0.000012 seconds.
  path: Assets/Resources/Animations/Skill Animations/Boss Skill Animations/Deadly Sight/Tödlicher Blick.controller
  artifactKey: Guid(c7c9b3afd2875254fb24a634777520ed) Importer(2089858483,0ecaa5967403d082aa24f35e1b516d23)
Start importing Assets/Resources/Animations/Skill Animations/Boss Skill Animations/Deadly Sight/Tödlicher Blick.controller using Guid(c7c9b3afd2875254fb24a634777520ed) Importer(2089858483,0ecaa5967403d082aa24f35e1b516d23)  -> (artifact id: '275eef2b1af159a7b9e9f133c3035599') in 0.024834 seconds
Number of updated asset objects reloaded before import = 0
Number of asset objects unloaded after import = 4
========================================================================
Received Import Request.
  Time since last request: 0.000014 seconds.
  path: Assets/Plugins/Photon/PhotonUnityNetworking/Code/Views/PhotonRigidbody2DView.cs
  artifactKey: Guid(0e7cb724808c322458aa4d15f5035fa9) Importer(2089858483,0ecaa5967403d082aa24f35e1b516d23)
Start importing Assets/Plugins/Photon/PhotonUnityNetworking/Code/Views/PhotonRigidbody2DView.cs using Guid(0e7cb724808c322458aa4d15f5035fa9) Importer(2089858483,0ecaa5967403d082aa24f35e1b516d23)  -> (artifact id: 'd1990d31958d305760b79cc66308f741') in 0.004973 seconds
Number of updated asset objects reloaded before import = 0
Number of asset objects unloaded after import = 1
========================================================================
Received Import Request.
  Time since last request: 0.000013 seconds.
  path: Assets/Plugins/Gabriel Pereira/Events 2.0 for Unity/Scripts/Core/UnityEvent2_10.cs
  artifactKey: Guid(095a43fe42b171e4691b7da9c9f955b1) Importer(2089858483,0ecaa5967403d082aa24f35e1b516d23)
Start importing Assets/Plugins/Gabriel Pereira/Events 2.0 for Unity/Scripts/Core/UnityEvent2_10.cs using Guid(095a43fe42b171e4691b7da9c9f955b1) Importer(2089858483,0ecaa5967403d082aa24f35e1b516d23)  -> (artifact id: 'b0e154678bb9308f419a2d8905356403') in 0.003859 seconds
Number of updated asset objects reloaded before import = 0
Number of asset objects unloaded after import = 1
========================================================================
Received Import Request.
  Time since last request: 0.000011 seconds.
  path: Assets/Resources/Animations/Skill Animations/Boss Skill Animations/Seismischer Schock/Seismischer Schock.controller
  artifactKey: Guid(bd53bb37964912043a2294c8892d75a9) Importer(2089858483,0ecaa5967403d082aa24f35e1b516d23)
Start importing Assets/Resources/Animations/Skill Animations/Boss Skill Animations/Seismischer Schock/Seismischer Schock.controller using Guid(bd53bb37964912043a2294c8892d75a9) Importer(2089858483,0ecaa5967403d082aa24f35e1b516d23)  -> (artifact id: 'a8a04894b1a6978dfba90c5733945169') in 0.004897 seconds
Number of updated asset objects reloaded before import = 0
Number of asset objects unloaded after import = 7
========================================================================
Received Import Request.
  Time since last request: 0.000013 seconds.
  path: Assets/Plugins/Photon/PhotonUnityNetworking/Demos/DemoSlotRacer/SlotCar-Scene.unity
  artifactKey: Guid(711b38c07f2cf904f81b3422c67f1825) Importer(2089858483,0ecaa5967403d082aa24f35e1b516d23)
Start importing Assets/Plugins/Photon/PhotonUnityNetworking/Demos/DemoSlotRacer/SlotCar-Scene.unity using Guid(711b38c07f2cf904f81b3422c67f1825) Importer(2089858483,0ecaa5967403d082aa24f35e1b516d23)  -> (artifact id: '6b811406724b0876368b916d5080f6d8') in 0.002994 seconds
Number of updated asset objects reloaded before import = 0
Number of asset objects unloaded after import = 1
========================================================================
Received Import Request.
  Time since last request: 0.000017 seconds.
  path: Assets/Plugins/Photon/PhotonChat/Demos/DemoChat/ChatAppIdCheckerUI.cs
  artifactKey: Guid(4eb1284704a754507acb17b07b888086) Importer(2089858483,0ecaa5967403d082aa24f35e1b516d23)
Start importing Assets/Plugins/Photon/PhotonChat/Demos/DemoChat/ChatAppIdCheckerUI.cs using Guid(4eb1284704a754507acb17b07b888086) Importer(2089858483,0ecaa5967403d082aa24f35e1b516d23)  -> (artifact id: '621aa6fa3511ed68a121830d4a3bc02a') in 0.004070 seconds
Number of updated asset objects reloaded before import = 0
Number of asset objects unloaded after import = 1
========================================================================
Received Import Request.
  Time since last request: 0.000012 seconds.
  path: Assets/Resources/Animations/Skill Animations/Enemy Skill Animations/Impact/End.anim
  artifactKey: Guid(4ed5292fed0a2b14482021c7d7e506d3) Importer(2089858483,0ecaa5967403d082aa24f35e1b516d23)
Start importing Assets/Resources/Animations/Skill Animations/Enemy Skill Animations/Impact/End.anim using Guid(4ed5292fed0a2b14482021c7d7e506d3) Importer(2089858483,0ecaa5967403d082aa24f35e1b516d23)  -> (artifact id: 'ec6fd6662d9de4b668a4022ce85c6558') in 0.006614 seconds
Number of updated asset objects reloaded before import = 0
Number of asset objects unloaded after import = 2
========================================================================
Received Import Request.
  Time since last request: 0.000012 seconds.
  path: Assets/Resources/Animations/Skill Animations/Boss Skill Animations/Tower/AoE Hit.controller
  artifactKey: Guid(4e288cc82c4e9a84e80a22638e6152e3) Importer(2089858483,0ecaa5967403d082aa24f35e1b516d23)
Start importing Assets/Resources/Animations/Skill Animations/Boss Skill Animations/Tower/AoE Hit.controller using Guid(4e288cc82c4e9a84e80a22638e6152e3) Importer(2089858483,0ecaa5967403d082aa24f35e1b516d23)  -> (artifact id: '6c375e523e186a32cd60a4e742bd997a') in 0.005578 seconds
Number of updated asset objects reloaded before import = 0
Number of asset objects unloaded after import = 4
========================================================================
Received Import Request.
  Time since last request: 0.000010 seconds.
  path: Assets/Plugins/Sirenix/Odin Inspector/Config/Editor/OdinModuleConfig.asset
  artifactKey: Guid(23a2ce3c8ecdb1440b038a01c066f67d) Importer(2089858483,0ecaa5967403d082aa24f35e1b516d23)
Start importing Assets/Plugins/Sirenix/Odin Inspector/Config/Editor/OdinModuleConfig.asset using Guid(23a2ce3c8ecdb1440b038a01c066f67d) Importer(2089858483,0ecaa5967403d082aa24f35e1b516d23)  -> (artifact id: '499e65f1fb1f802a3600bf61eb61924b') in 0.005431 seconds
Number of updated asset objects reloaded before import = 0
Number of asset objects unloaded after import = 1
========================================================================
Received Import Request.
  Time since last request: 0.000011 seconds.
  path: Assets/Plugins/Gabriel Pereira/Events 2.0 for Unity/Scripts/Core/UnityEvent2_8.cs
  artifactKey: Guid(1daede4d3de900643bf0c7d2ca1e979d) Importer(2089858483,0ecaa5967403d082aa24f35e1b516d23)
Start importing Assets/Plugins/Gabriel Pereira/Events 2.0 for Unity/Scripts/Core/UnityEvent2_8.cs using Guid(1daede4d3de900643bf0c7d2ca1e979d) Importer(2089858483,0ecaa5967403d082aa24f35e1b516d23)  -> (artifact id: 'd912d0cbc024b3115ac345193f330429') in 0.004446 seconds
Number of updated asset objects reloaded before import = 0
Number of asset objects unloaded after import = 1
========================================================================
Received Import Request.
  Time since last request: 0.000010 seconds.
  path: Assets/Resources/Animations/Skill Animations/Enemy Skill Animations/Nitro/Explosion.controller
  artifactKey: Guid(83e24bf727b43f544b02b599b1562e93) Importer(2089858483,0ecaa5967403d082aa24f35e1b516d23)
Start importing Assets/Resources/Animations/Skill Animations/Enemy Skill Animations/Nitro/Explosion.controller using Guid(83e24bf727b43f544b02b599b1562e93) Importer(2089858483,0ecaa5967403d082aa24f35e1b516d23)  -> (artifact id: '843b125a9f66b42410ca342ad1b43ef6') in 0.004681 seconds
Number of updated asset objects reloaded before import = 0
Number of asset objects unloaded after import = 4
========================================================================
Received Import Request.
  Time since last request: 0.000011 seconds.
  path: Assets/Plugins/Photon/PhotonUnityNetworking/UtilityScripts/UI/TextToggleIsOnTransition.cs
  artifactKey: Guid(ec99d371d7c8e44899ce4b834dfd4d6a) Importer(2089858483,0ecaa5967403d082aa24f35e1b516d23)
Start importing Assets/Plugins/Photon/PhotonUnityNetworking/UtilityScripts/UI/TextToggleIsOnTransition.cs using Guid(ec99d371d7c8e44899ce4b834dfd4d6a) Importer(2089858483,0ecaa5967403d082aa24f35e1b516d23)  -> (artifact id: 'ba16ad6323967fd1357a1273fa7688e8') in 0.004792 seconds
Number of updated asset objects reloaded before import = 0
Number of asset objects unloaded after import = 1
========================================================================
Received Import Request.
  Time since last request: 0.000014 seconds.
  path: Assets/Resources/Animations/Skill Animations/Enemy Skill Animations/Shot/Idle.anim
  artifactKey: Guid(26b8a79439145564498c772341e2b860) Importer(2089858483,0ecaa5967403d082aa24f35e1b516d23)
Start importing Assets/Resources/Animations/Skill Animations/Enemy Skill Animations/Shot/Idle.anim using Guid(26b8a79439145564498c772341e2b860) Importer(2089858483,0ecaa5967403d082aa24f35e1b516d23)  -> (artifact id: '6d56873855358c3767777c7c1fd1933e') in 0.008781 seconds
Number of updated asset objects reloaded before import = 0
Number of asset objects unloaded after import = 2
========================================================================
Received Import Request.
  Time since last request: 0.000011 seconds.
  path: Assets/Plugins/Photon/PhotonUnityNetworking/UtilityScripts/Debugging/PhotonStatsGui.cs
  artifactKey: Guid(d06466c03d263624786afa88b52928b6) Importer(2089858483,0ecaa5967403d082aa24f35e1b516d23)
Start importing Assets/Plugins/Photon/PhotonUnityNetworking/UtilityScripts/Debugging/PhotonStatsGui.cs using Guid(d06466c03d263624786afa88b52928b6) Importer(2089858483,0ecaa5967403d082aa24f35e1b516d23)  -> (artifact id: 'ef33670a006fe8bdb2b61ab13ef6ebc5') in 0.005164 seconds
Number of updated asset objects reloaded before import = 0
Number of asset objects unloaded after import = 1
========================================================================
Received Import Request.
  Time since last request: 0.000015 seconds.
  path: Assets/Plugins/Photon/PhotonUnityNetworking/UtilityScripts/Room/CountdownTimer.cs
  artifactKey: Guid(ffc398cf76e6d458caf303b5fceea504) Importer(2089858483,0ecaa5967403d082aa24f35e1b516d23)
Start importing Assets/Plugins/Photon/PhotonUnityNetworking/UtilityScripts/Room/CountdownTimer.cs using Guid(ffc398cf76e6d458caf303b5fceea504) Importer(2089858483,0ecaa5967403d082aa24f35e1b516d23)  -> (artifact id: '41521192c846d0af9116059159eeea16') in 0.004383 seconds
Number of updated asset objects reloaded before import = 0
Number of asset objects unloaded after import = 1
========================================================================
Received Import Request.
  Time since last request: 0.000012 seconds.
  path: Assets/Plugins/AssetIcons/Editor/Scripts/Preferences/AssetReference.cs
  artifactKey: Guid(70275d02442e2a84cb0a576a0e4337a3) Importer(2089858483,0ecaa5967403d082aa24f35e1b516d23)
Start importing Assets/Plugins/AssetIcons/Editor/Scripts/Preferences/AssetReference.cs using Guid(70275d02442e2a84cb0a576a0e4337a3) Importer(2089858483,0ecaa5967403d082aa24f35e1b516d23)  -> (artifact id: '13b2bc2b4f00118e25f50e2de5836fbf') in 0.003989 seconds
Number of updated asset objects reloaded before import = 0
Number of asset objects unloaded after import = 1
========================================================================
Received Import Request.
  Time since last request: 0.000011 seconds.
  path: Assets/Plugins/Photon/PhotonRealtime/Demos/DemoLoadBalancing/Jura-Medium-LB.ttf
  artifactKey: Guid(4a4df204c321f9c40b0dbfb1baaffb4c) Importer(2089858483,0ecaa5967403d082aa24f35e1b516d23)
Start importing Assets/Plugins/Photon/PhotonRealtime/Demos/DemoLoadBalancing/Jura-Medium-LB.ttf using Guid(4a4df204c321f9c40b0dbfb1baaffb4c) Importer(2089858483,0ecaa5967403d082aa24f35e1b516d23)  -> (artifact id: '33232bc189fe05db1ef0c0e1b088625e') in 0.187768 seconds
Number of updated asset objects reloaded before import = 0
Number of asset objects unloaded after import = 3
========================================================================
Received Import Request.
  Time since last request: 0.000013 seconds.
  path: Assets/Plugins/Photon/PhotonUnityNetworking/Code/Editor/PhotonEditor.cs
  artifactKey: Guid(dabbbed2a74eac44dac281f20d706ba8) Importer(2089858483,0ecaa5967403d082aa24f35e1b516d23)
Start importing Assets/Plugins/Photon/PhotonUnityNetworking/Code/Editor/PhotonEditor.cs using Guid(dabbbed2a74eac44dac281f20d706ba8) Importer(2089858483,0ecaa5967403d082aa24f35e1b516d23)  -> (artifact id: '54be66a72748773737a3f95e88dabf6b') in 0.006062 seconds
Number of updated asset objects reloaded before import = 0
Number of asset objects unloaded after import = 1
========================================================================
Received Import Request.
  Time since last request: 0.000019 seconds.
  path: Assets/Plugins/Gabriel Pereira/Events 2.0 for Unity/Scripts/Core/UnityEvent2_5.cs
  artifactKey: Guid(fccac5df27d043f41b8e9f923a5ad788) Importer(2089858483,0ecaa5967403d082aa24f35e1b516d23)
Start importing Assets/Plugins/Gabriel Pereira/Events 2.0 for Unity/Scripts/Core/UnityEvent2_5.cs using Guid(fccac5df27d043f41b8e9f923a5ad788) Importer(2089858483,0ecaa5967403d082aa24f35e1b516d23)  -> (artifact id: 'c01acaf2c63121d222c08f91bca62c30') in 0.003994 seconds
Number of updated asset objects reloaded before import = 0
Number of asset objects unloaded after import = 1
========================================================================
Received Import Request.
  Time since last request: 0.000011 seconds.
  path: Assets/Resources/Animations/Skill Animations/Boss Skill Animations/Tower/Hit.anim
  artifactKey: Guid(c9705f0b4030e724ba2e82e1cb8de4b4) Importer(2089858483,0ecaa5967403d082aa24f35e1b516d23)
Start importing Assets/Resources/Animations/Skill Animations/Boss Skill Animations/Tower/Hit.anim using Guid(c9705f0b4030e724ba2e82e1cb8de4b4) Importer(2089858483,0ecaa5967403d082aa24f35e1b516d23)  -> (artifact id: 'a0a2a0be531330eedfe5b11402154198') in 0.005286 seconds
Number of updated asset objects reloaded before import = 0
Number of asset objects unloaded after import = 1
========================================================================
Received Import Request.
  Time since last request: 0.000013 seconds.
  path: Assets/Plugins/AssetIcons/Editor/Scripts/Preferences/FromValuesAttribute.cs
  artifactKey: Guid(4c969155bed0e3a4491d38b457e20f8b) Importer(2089858483,0ecaa5967403d082aa24f35e1b516d23)
Start importing Assets/Plugins/AssetIcons/Editor/Scripts/Preferences/FromValuesAttribute.cs using Guid(4c969155bed0e3a4491d38b457e20f8b) Importer(2089858483,0ecaa5967403d082aa24f35e1b516d23)  -> (artifact id: 'ae922ec0cc0983a7487d5cb6ed12ed8c') in 0.004578 seconds
Number of updated asset objects reloaded before import = 0
Number of asset objects unloaded after import = 1
========================================================================
Received Import Request.
  Time since last request: 0.000010 seconds.
  path: Assets/Plugins/Gabriel Pereira/Events 2.0 for Unity/Scripts/Core/UnityEvent2_9.cs
  artifactKey: Guid(227714ec5d3935f4dae605fd75747639) Importer(2089858483,0ecaa5967403d082aa24f35e1b516d23)
Start importing Assets/Plugins/Gabriel Pereira/Events 2.0 for Unity/Scripts/Core/UnityEvent2_9.cs using Guid(227714ec5d3935f4dae605fd75747639) Importer(2089858483,0ecaa5967403d082aa24f35e1b516d23)  -> (artifact id: 'f58560eb89a441ec5391a51c335b85f9') in 0.004210 seconds
Number of updated asset objects reloaded before import = 0
Number of asset objects unloaded after import = 1
========================================================================
Received Import Request.
  Time since last request: 0.000012 seconds.
  path: Assets/Plugins/Sirenix/Odin Inspector/Assets/Editor/Bootstrap License.txt
  artifactKey: Guid(3fdc67fad3e362e47b5dd365a0bbdd7f) Importer(2089858483,0ecaa5967403d082aa24f35e1b516d23)
Start importing Assets/Plugins/Sirenix/Odin Inspector/Assets/Editor/Bootstrap License.txt using Guid(3fdc67fad3e362e47b5dd365a0bbdd7f) Importer(2089858483,0ecaa5967403d082aa24f35e1b516d23)  -> (artifact id: '45e605d48080d4c92bcbc1595b064101') in 0.057672 seconds
Number of updated asset objects reloaded before import = 0
Number of asset objects unloaded after import = 1
========================================================================
Received Import Request.
  Time since last request: 0.000010 seconds.
  path: Assets/Plugins/Coffee/UIExtensions/UIParticle/Scripts/UIParticleOverlayCamera.cs
  artifactKey: Guid(f69dfb25b53b14addbd71dbebdbaa132) Importer(2089858483,0ecaa5967403d082aa24f35e1b516d23)
Start importing Assets/Plugins/Coffee/UIExtensions/UIParticle/Scripts/UIParticleOverlayCamera.cs using Guid(f69dfb25b53b14addbd71dbebdbaa132) Importer(2089858483,0ecaa5967403d082aa24f35e1b516d23)  -> (artifact id: 'ac7add5c4d29f0b0678f9652e272290a') in 0.004590 seconds
Number of updated asset objects reloaded before import = 0
Number of asset objects unloaded after import = 1
========================================================================
Received Import Request.
  Time since last request: 0.000012 seconds.
  path: Assets/Resources/Animations/Skill Animations/Boss Skill Animations/Titan Bomb/Idle.anim
  artifactKey: Guid(09ac4760a57f5504e99892d6785f21f2) Importer(2089858483,0ecaa5967403d082aa24f35e1b516d23)
Start importing Assets/Resources/Animations/Skill Animations/Boss Skill Animations/Titan Bomb/Idle.anim using Guid(09ac4760a57f5504e99892d6785f21f2) Importer(2089858483,0ecaa5967403d082aa24f35e1b516d23)  -> (artifact id: '47f683dff2b96d5d8fffc8251f677e76') in 0.005615 seconds
Number of updated asset objects reloaded before import = 0
Number of asset objects unloaded after import = 1
========================================================================
Received Import Request.
  Time since last request: 0.000010 seconds.
  path: Assets/Plugins/Photon/PhotonUnityNetworking/UtilityScripts/UI/GraphicToggleIsOnTransition.cs
  artifactKey: Guid(195602a009c4b42b6a62e0bdf601b70d) Importer(2089858483,0ecaa5967403d082aa24f35e1b516d23)
Start importing Assets/Plugins/Photon/PhotonUnityNetworking/UtilityScripts/UI/GraphicToggleIsOnTransition.cs using Guid(195602a009c4b42b6a62e0bdf601b70d) Importer(2089858483,0ecaa5967403d082aa24f35e1b516d23)  -> (artifact id: '4bc436960390939eadf8d681c06e6d86') in 0.004041 seconds
Number of updated asset objects reloaded before import = 0
Number of asset objects unloaded after import = 1
========================================================================
Received Import Request.
  Time since last request: 0.000010 seconds.
  path: Assets/Plugins/Photon/PhotonUnityNetworking/Code/Editor/PhotonEditorUtils.cs
  artifactKey: Guid(607340ca505d53d4f8e785423fac7964) Importer(2089858483,0ecaa5967403d082aa24f35e1b516d23)
Start importing Assets/Plugins/Photon/PhotonUnityNetworking/Code/Editor/PhotonEditorUtils.cs using Guid(607340ca505d53d4f8e785423fac7964) Importer(2089858483,0ecaa5967403d082aa24f35e1b516d23)  -> (artifact id: 'dd929ff8639cf13136e511e2ac2a1bc7') in 0.004472 seconds
Number of updated asset objects reloaded before import = 0
Number of asset objects unloaded after import = 1
========================================================================
Received Import Request.
  Time since last request: 0.000011 seconds.
  path: Assets/Plugins/Coffee/UIExtensions/UIParticle/Scripts/Coffee.UIParticle.asmdef
  artifactKey: Guid(7793e5cd8d2e94e21b56de41db6606bb) Importer(2089858483,0ecaa5967403d082aa24f35e1b516d23)
Start importing Assets/Plugins/Coffee/UIExtensions/UIParticle/Scripts/Coffee.UIParticle.asmdef using Guid(7793e5cd8d2e94e21b56de41db6606bb) Importer(2089858483,0ecaa5967403d082aa24f35e1b516d23)  -> (artifact id: '9aa2d60dc8f264a941b4f5cc318a3e5f') in 0.160543 seconds
Number of updated asset objects reloaded before import = 0
Number of asset objects unloaded after import = 1
========================================================================
Received Import Request.
  Time since last request: 0.000015 seconds.
  path: Assets/Resources/Animations/Skill Animations/Enemy Skill Animations/Nitro/Nitro.controller
  artifactKey: Guid(42fae047cfd242a469d53a1cee5b0809) Importer(2089858483,0ecaa5967403d082aa24f35e1b516d23)
Start importing Assets/Resources/Animations/Skill Animations/Enemy Skill Animations/Nitro/Nitro.controller using Guid(42fae047cfd242a469d53a1cee5b0809) Importer(2089858483,0ecaa5967403d082aa24f35e1b516d23)  -> (artifact id: '786d8b99d217c9bc0c8be0f34692a5bd') in 0.004032 seconds
Number of updated asset objects reloaded before import = 0
Number of asset objects unloaded after import = 4
========================================================================
Received Import Request.
  Time since last request: 0.000017 seconds.
  path: Assets/Plugins/Photon/PhotonUnityNetworking/UtilityScripts/PhotonPlayer/PunPlayerScores.cs
  artifactKey: Guid(6b4df3943860f1d45bfe232053a58d80) Importer(2089858483,0ecaa5967403d082aa24f35e1b516d23)
Start importing Assets/Plugins/Photon/PhotonUnityNetworking/UtilityScripts/PhotonPlayer/PunPlayerScores.cs using Guid(6b4df3943860f1d45bfe232053a58d80) Importer(2089858483,0ecaa5967403d082aa24f35e1b516d23)  -> (artifact id: '2acbe2f04962cb91f23bcb068618f3c1') in 0.004092 seconds
Number of updated asset objects reloaded before import = 0
Number of asset objects unloaded after import = 1
========================================================================
Received Import Request.
  Time since last request: 0.000013 seconds.
  path: Assets/Plugins/Photon/PhotonUnityNetworking/Code/Editor/PunGradient.png
  artifactKey: Guid(1faa1cf0448470c4ebbb23b97759ab50) Importer(2089858483,0ecaa5967403d082aa24f35e1b516d23)
Start importing Assets/Plugins/Photon/PhotonUnityNetworking/Code/Editor/PunGradient.png using Guid(1faa1cf0448470c4ebbb23b97759ab50) Importer(2089858483,0ecaa5967403d082aa24f35e1b516d23)  -> (artifact id: '12f0a79e46c485e0ec138fdc457a7c18') in 0.026723 seconds
Number of updated asset objects reloaded before import = 0
Number of asset objects unloaded after import = 1
========================================================================
Received Import Request.
  Time since last request: 0.000010 seconds.
  path: Assets/Plugins/Photon/PhotonUnityNetworking/Code/Editor/PunSceneSettingsInspector.cs
  artifactKey: Guid(1ad59deacfd0848dcb64a51b0a0eb960) Importer(2089858483,0ecaa5967403d082aa24f35e1b516d23)
Start importing Assets/Plugins/Photon/PhotonUnityNetworking/Code/Editor/PunSceneSettingsInspector.cs using Guid(1ad59deacfd0848dcb64a51b0a0eb960) Importer(2089858483,0ecaa5967403d082aa24f35e1b516d23)  -> (artifact id: 'cef7e6061d894fb123adcc3346fe2abf') in 0.013537 seconds
Number of updated asset objects reloaded before import = 0
Number of asset objects unloaded after import = 1
========================================================================
Received Import Request.
  Time since last request: 0.000012 seconds.
  path: Assets/Plugins/Photon/PhotonChat/Demos/DemoChat/AppSettingsExtensions.cs
  artifactKey: Guid(4fcf4818ecc9abf4e9b7e0c37af9b851) Importer(2089858483,0ecaa5967403d082aa24f35e1b516d23)
Start importing Assets/Plugins/Photon/PhotonChat/Demos/DemoChat/AppSettingsExtensions.cs using Guid(4fcf4818ecc9abf4e9b7e0c37af9b851) Importer(2089858483,0ecaa5967403d082aa24f35e1b516d23)  -> (artifact id: '725e39be2dc33b4b6c3df81e1b07642b') in 0.003777 seconds
Number of updated asset objects reloaded before import = 0
Number of asset objects unloaded after import = 1
========================================================================
Received Import Request.
  Time since last request: 0.000011 seconds.
  path: Assets/Plugins/Photon/PhotonUnityNetworking/Code/Views/PhotonTransformView.cs
  artifactKey: Guid(627855c7f81362d41938ffe0b1475957) Importer(2089858483,0ecaa5967403d082aa24f35e1b516d23)
Start importing Assets/Plugins/Photon/PhotonUnityNetworking/Code/Views/PhotonTransformView.cs using Guid(627855c7f81362d41938ffe0b1475957) Importer(2089858483,0ecaa5967403d082aa24f35e1b516d23)  -> (artifact id: '5856e2892d8fb1b5f75a045381e780bc') in 0.005632 seconds
Number of updated asset objects reloaded before import = 0
Number of asset objects unloaded after import = 1
========================================================================
Received Import Request.
  Time since last request: 0.000013 seconds.
  path: Assets/Scripts/Scriptable Objects/Objects/Value/ByteValue.cs
  artifactKey: Guid(7d3d7da0a011b414db85d7793a224cf4) Importer(2089858483,0ecaa5967403d082aa24f35e1b516d23)
Start importing Assets/Scripts/Scriptable Objects/Objects/Value/ByteValue.cs using Guid(7d3d7da0a011b414db85d7793a224cf4) Importer(2089858483,0ecaa5967403d082aa24f35e1b516d23)  -> (artifact id: '1122ae7b6724e7a13384a0230c70fbe8') in 0.005475 seconds
Number of updated asset objects reloaded before import = 0
Number of asset objects unloaded after import = 1
========================================================================
Received Import Request.
  Time since last request: 0.000010 seconds.
  path: Assets/Plugins/Photon/PhotonChat/Demos/Common/EventSystemSpawner.cs
  artifactKey: Guid(bd5ff9965d0784cad8e07f5eb9cb9c06) Importer(2089858483,0ecaa5967403d082aa24f35e1b516d23)
Start importing Assets/Plugins/Photon/PhotonChat/Demos/Common/EventSystemSpawner.cs using Guid(bd5ff9965d0784cad8e07f5eb9cb9c06) Importer(2089858483,0ecaa5967403d082aa24f35e1b516d23)  -> (artifact id: 'df9a5961eadc779516642bcf5d9ee276') in 0.005306 seconds
Number of updated asset objects reloaded before import = 0
Number of asset objects unloaded after import = 1
========================================================================
Received Import Request.
  Time since last request: 0.000011 seconds.
  path: Assets/Plugins/Photon/PhotonUnityNetworking/Code/Editor/CopyIcon.png
  artifactKey: Guid(d1228d93299ce47a8a5ac1a33513aeaf) Importer(2089858483,0ecaa5967403d082aa24f35e1b516d23)
Start importing Assets/Plugins/Photon/PhotonUnityNetworking/Code/Editor/CopyIcon.png using Guid(d1228d93299ce47a8a5ac1a33513aeaf) Importer(2089858483,0ecaa5967403d082aa24f35e1b516d23)  -> (artifact id: '08f63d35a5ffdb1f9d7713abefcf02d9') in 0.044415 seconds
Number of updated asset objects reloaded before import = 0
Number of asset objects unloaded after import = 1
========================================================================
Received Import Request.
  Time since last request: 0.000012 seconds.
  path: Assets/Plugins/Photon/PhotonUnityNetworking/UtilityScripts/Debugging/StatesGui.cs
  artifactKey: Guid(62880f27e95abf2418fd79e9d9d568b4) Importer(2089858483,0ecaa5967403d082aa24f35e1b516d23)
Start importing Assets/Plugins/Photon/PhotonUnityNetworking/UtilityScripts/Debugging/StatesGui.cs using Guid(62880f27e95abf2418fd79e9d9d568b4) Importer(2089858483,0ecaa5967403d082aa24f35e1b516d23)  -> (artifact id: 'e58992a6d17920bcdcc3f2027ca2738f') in 0.004027 seconds
Number of updated asset objects reloaded before import = 0
Number of asset objects unloaded after import = 1
========================================================================
Received Import Request.
  Time since last request: 0.000011 seconds.
  path: Assets/Resources/Animations/Skill Animations/Player Skill Animations/Feuerball/Feuerball Startup.anim
  artifactKey: Guid(c5f82aaa39f6529419c4488170b9797b) Importer(2089858483,0ecaa5967403d082aa24f35e1b516d23)
Start importing Assets/Resources/Animations/Skill Animations/Player Skill Animations/Feuerball/Feuerball Startup.anim using Guid(c5f82aaa39f6529419c4488170b9797b) Importer(2089858483,0ecaa5967403d082aa24f35e1b516d23)  -> (artifact id: '486602431c6e6c856fa53468c5b75dc6') in 0.104304 seconds
Number of updated asset objects reloaded before import = 0
Number of asset objects unloaded after import = 2
========================================================================
Received Import Request.
  Time since last request: 0.000018 seconds.
  path: Assets/Resources/Animations/Skill Animations/Player Skill Animations/Bombe/Explosion.anim
  artifactKey: Guid(260b4a4f6ece8a64c9751668c23e3393) Importer(2089858483,0ecaa5967403d082aa24f35e1b516d23)
Start importing Assets/Resources/Animations/Skill Animations/Player Skill Animations/Bombe/Explosion.anim using Guid(260b4a4f6ece8a64c9751668c23e3393) Importer(2089858483,0ecaa5967403d082aa24f35e1b516d23)  -> (artifact id: '347accebf5fef09f512a0b82a2b73283') in 0.006614 seconds
Number of updated asset objects reloaded before import = 0
Number of asset objects unloaded after import = 2
========================================================================
Received Import Request.
  Time since last request: 0.000018 seconds.
  path: Assets/Plugins/Photon/PhotonUnityNetworking/Code/Views/PhotonTransformViewClassic.cs
  artifactKey: Guid(8efc6b1d64977384eb3405357896c656) Importer(2089858483,0ecaa5967403d082aa24f35e1b516d23)
Start importing Assets/Plugins/Photon/PhotonUnityNetworking/Code/Views/PhotonTransformViewClassic.cs using Guid(8efc6b1d64977384eb3405357896c656) Importer(2089858483,0ecaa5967403d082aa24f35e1b516d23)  -> (artifact id: '1425fb27380ee14dfecf2478f4c1eee7') in 0.004585 seconds
Number of updated asset objects reloaded before import = 0
Number of asset objects unloaded after import = 1
========================================================================
Received Import Request.
  Time since last request: 0.000012 seconds.
  path: Assets/Plugins/Photon/PhotonRealtime/Demos/DemoLoadBalancing/ConnectAndJoinRandomLb.cs
  artifactKey: Guid(72e8756202d0dfc488140c228938043b) Importer(2089858483,0ecaa5967403d082aa24f35e1b516d23)
Start importing Assets/Plugins/Photon/PhotonRealtime/Demos/DemoLoadBalancing/ConnectAndJoinRandomLb.cs using Guid(72e8756202d0dfc488140c228938043b) Importer(2089858483,0ecaa5967403d082aa24f35e1b516d23)  -> (artifact id: '0e0ab01ccf0598c19ae5d50f68bcc0f6') in 0.004475 seconds
Number of updated asset objects reloaded before import = 0
Number of asset objects unloaded after import = 1
========================================================================
Received Import Request.
  Time since last request: 0.000010 seconds.
  path: Assets/Plugins/Gabriel Pereira/Events 2.0 for Unity/Scripts/Core/UnityEvent2.cs
  artifactKey: Guid(53880c658cc4ce241ba99001adacd440) Importer(2089858483,0ecaa5967403d082aa24f35e1b516d23)
Start importing Assets/Plugins/Gabriel Pereira/Events 2.0 for Unity/Scripts/Core/UnityEvent2.cs using Guid(53880c658cc4ce241ba99001adacd440) Importer(2089858483,0ecaa5967403d082aa24f35e1b516d23)  -> (artifact id: '2c22861262d68f81f8200ec790e78e01') in 0.004237 seconds
Number of updated asset objects reloaded before import = 0
Number of asset objects unloaded after import = 1
========================================================================
Received Import Request.
  Time since last request: 0.000012 seconds.
  path: Assets/Resources/Animations/Skill Animations/Enemy Skill Animations/Impact/Idle.anim
  artifactKey: Guid(5eb3097245181dc42b0958bd21d0e556) Importer(2089858483,0ecaa5967403d082aa24f35e1b516d23)
Start importing Assets/Resources/Animations/Skill Animations/Enemy Skill Animations/Impact/Idle.anim using Guid(5eb3097245181dc42b0958bd21d0e556) Importer(2089858483,0ecaa5967403d082aa24f35e1b516d23)  -> (artifact id: '43fbb98ae07f271c5e4f962f01781e58') in 0.005600 seconds
Number of updated asset objects reloaded before import = 0
Number of asset objects unloaded after import = 1
========================================================================
Received Import Request.
  Time since last request: 0.000011 seconds.
  path: Assets/Resources/Animations/Skill Animations/Player Skill Animations/Eissplitter/Eissplitter Explosion.anim
  artifactKey: Guid(1ae1e362454be604f90d6b89eab4e481) Importer(2089858483,0ecaa5967403d082aa24f35e1b516d23)
Start importing Assets/Resources/Animations/Skill Animations/Player Skill Animations/Eissplitter/Eissplitter Explosion.anim using Guid(1ae1e362454be604f90d6b89eab4e481) Importer(2089858483,0ecaa5967403d082aa24f35e1b516d23)  -> (artifact id: 'b977e8d0b1e3e6981bb743788f4134bd') in 0.006464 seconds
Number of updated asset objects reloaded before import = 0
Number of asset objects unloaded after import = 2
========================================================================
Received Import Request.
  Time since last request: 0.000010 seconds.
  path: Assets/Plugins/AssetIcons/Editor/Scripts/Preferences/PreferencesPreset.cs
  artifactKey: Guid(ef67cd20b812fd745a5fa369ab28dbd4) Importer(2089858483,0ecaa5967403d082aa24f35e1b516d23)
Start importing Assets/Plugins/AssetIcons/Editor/Scripts/Preferences/PreferencesPreset.cs using Guid(ef67cd20b812fd745a5fa369ab28dbd4) Importer(2089858483,0ecaa5967403d082aa24f35e1b516d23)  -> (artifact id: '5d22713ddce9fbec2087c2323ab261bf') in 0.039790 seconds
Number of updated asset objects reloaded before import = 0
Number of asset objects unloaded after import = 1
========================================================================
Received Import Request.
  Time since last request: 0.000010 seconds.
  path: Assets/Plugins/Photon/PhotonUnityNetworking/UtilityScripts/Prototyping/OnClickInstantiate.cs
  artifactKey: Guid(9b79a9b62449de940a073364858c3f9b) Importer(2089858483,0ecaa5967403d082aa24f35e1b516d23)
Start importing Assets/Plugins/Photon/PhotonUnityNetworking/UtilityScripts/Prototyping/OnClickInstantiate.cs using Guid(9b79a9b62449de940a073364858c3f9b) Importer(2089858483,0ecaa5967403d082aa24f35e1b516d23)  -> (artifact id: '84d0ba858258605c410e49ee5c220301') in 0.004472 seconds
Number of updated asset objects reloaded before import = 0
Number of asset objects unloaded after import = 1
========================================================================
Received Import Request.
  Time since last request: 0.000011 seconds.
  path: Assets/Resources/Animations/NPC Animations/Sentinel/Idle.anim
  artifactKey: Guid(2bb30d25ec5ecd3468274a3839148055) Importer(2089858483,0ecaa5967403d082aa24f35e1b516d23)
Start importing Assets/Resources/Animations/NPC Animations/Sentinel/Idle.anim using Guid(2bb30d25ec5ecd3468274a3839148055) Importer(2089858483,0ecaa5967403d082aa24f35e1b516d23)  -> (artifact id: '0f81e4ad29174a035a31ea6b13c74ee4') in 0.005528 seconds
Number of updated asset objects reloaded before import = 0
Number of asset objects unloaded after import = 1
========================================================================
Received Import Request.
  Time since last request: 0.000012 seconds.
  path: Assets/Resources/Audio/Soundeffects/Impulse Shot.wav
  artifactKey: Guid(a7d626076c682c34fa5b8ee7c4cb4631) Importer(2089858483,0ecaa5967403d082aa24f35e1b516d23)
Start importing Assets/Resources/Audio/Soundeffects/Impulse Shot.wav using Guid(a7d626076c682c34fa5b8ee7c4cb4631) Importer(2089858483,0ecaa5967403d082aa24f35e1b516d23)  -> (artifact id: '77c6804731f305347ad691066484ca7c') in 0.024248 seconds
Number of updated asset objects reloaded before import = 0
Number of asset objects unloaded after import = 1
========================================================================
Received Import Request.
  Time since last request: 0.000011 seconds.
  path: Assets/Resources/Scriptable Objects/Player/PlayerLastTeleport.asset
  artifactKey: Guid(861c2af2cd801d4459e257b6f0edbc52) Importer(2089858483,0ecaa5967403d082aa24f35e1b516d23)
Start importing Assets/Resources/Scriptable Objects/Player/PlayerLastTeleport.asset using Guid(861c2af2cd801d4459e257b6f0edbc52) Importer(2089858483,0ecaa5967403d082aa24f35e1b516d23)  -> (artifact id: '20c2ed1b6ab1d22376bf338f6e64712e') in 0.071449 seconds
Number of updated asset objects reloaded before import = 0
Number of asset objects unloaded after import = 1
========================================================================
Received Import Request.
  Time since last request: 0.000014 seconds.
  path: Assets/Resources/Animations/Skill Animations/Player Skill Animations/Speer/Spear Left.anim
  artifactKey: Guid(e37868894bc19bf46a8cbd988d0b471f) Importer(2089858483,0ecaa5967403d082aa24f35e1b516d23)
Start importing Assets/Resources/Animations/Skill Animations/Player Skill Animations/Speer/Spear Left.anim using Guid(e37868894bc19bf46a8cbd988d0b471f) Importer(2089858483,0ecaa5967403d082aa24f35e1b516d23)  -> (artifact id: '146908eaf6b6d9ec809eaa5f9fb311b8') in 0.033119 seconds
Number of updated asset objects reloaded before import = 0
Number of asset objects unloaded after import = 2
========================================================================
Received Import Request.
  Time since last request: 0.000017 seconds.
  path: Assets/Resources/Animations/Skill Animations/Player Skill Animations/Laser/Feuer 1.controller
  artifactKey: Guid(d4df5101924b7cb4aa793855885bd76c) Importer(2089858483,0ecaa5967403d082aa24f35e1b516d23)
Start importing Assets/Resources/Animations/Skill Animations/Player Skill Animations/Laser/Feuer 1.controller using Guid(d4df5101924b7cb4aa793855885bd76c) Importer(2089858483,0ecaa5967403d082aa24f35e1b516d23)  -> (artifact id: 'a6b90cc186959cb8935d5bd4067fcba8') in 0.003817 seconds
Number of updated asset objects reloaded before import = 0
Number of asset objects unloaded after import = 4
========================================================================
Received Import Request.
  Time since last request: 0.000011 seconds.
  path: Assets/Resources/Scriptable Objects/Abilities/Skills/Old Skills/Eissplitter.asset
  artifactKey: Guid(fbf1e5399c2d1b94e816b430ad8ff761) Importer(2089858483,0ecaa5967403d082aa24f35e1b516d23)
Start importing Assets/Resources/Scriptable Objects/Abilities/Skills/Old Skills/Eissplitter.asset using Guid(fbf1e5399c2d1b94e816b430ad8ff761) Importer(2089858483,0ecaa5967403d082aa24f35e1b516d23)  -> (artifact id: 'de42e0cc2cabbabfe669e20d5015f325') in 0.059904 seconds
Number of updated asset objects reloaded before import = 0
Number of asset objects unloaded after import = 54
========================================================================
Received Import Request.
  Time since last request: 0.000011 seconds.
  path: Assets/Resources/Scriptable Objects/Abilities/Skills/Boss Skills/Heiliger Strahl.asset
  artifactKey: Guid(9dad237fc8260c54e8bc808c772fc410) Importer(2089858483,0ecaa5967403d082aa24f35e1b516d23)
Start importing Assets/Resources/Scriptable Objects/Abilities/Skills/Boss Skills/Heiliger Strahl.asset using Guid(9dad237fc8260c54e8bc808c772fc410) Importer(2089858483,0ecaa5967403d082aa24f35e1b516d23)  -> (artifact id: 'c1a429bd891ec001c6d1a052a0441915') in 0.013102 seconds
Number of updated asset objects reloaded before import = 0
Number of asset objects unloaded after import = 37
========================================================================
Received Import Request.
  Time since last request: 0.000013 seconds.
  path: Assets/Resources/Animations/Skill Animations/Player Skill Animations/ThunderStrike/Donnerschlag.controller
  artifactKey: Guid(36d6e963978384646b2bc3610b820386) Importer(2089858483,0ecaa5967403d082aa24f35e1b516d23)
Start importing Assets/Resources/Animations/Skill Animations/Player Skill Animations/ThunderStrike/Donnerschlag.controller using Guid(36d6e963978384646b2bc3610b820386) Importer(2089858483,0ecaa5967403d082aa24f35e1b516d23)  -> (artifact id: '1d35ca58965fa6cc8d003be25eaaf201') in 0.004411 seconds
Number of updated asset objects reloaded before import = 0
Number of asset objects unloaded after import = 4
========================================================================
Received Import Request.
  Time since last request: 0.000010 seconds.
  path: Assets/Resources/Animations/Skill Animations/Player Skill Animations/Schwert/Sword up.anim
  artifactKey: Guid(4dc3f63f1be0fce4e9b8bad9a574752b) Importer(2089858483,0ecaa5967403d082aa24f35e1b516d23)
Start importing Assets/Resources/Animations/Skill Animations/Player Skill Animations/Schwert/Sword up.anim using Guid(4dc3f63f1be0fce4e9b8bad9a574752b) Importer(2089858483,0ecaa5967403d082aa24f35e1b516d23)  -> (artifact id: 'f77e40dbbf2f5c839522d14ab362385d') in 0.006649 seconds
Number of updated asset objects reloaded before import = 0
Number of asset objects unloaded after import = 2
========================================================================
Received Import Request.
  Time since last request: 0.000011 seconds.
  path: Assets/Resources/Prefabs/Boss Sequences/Sin Eater/Laser/Line.prefab
  artifactKey: Guid(41d98006d9752624ba4ae02bfef9057a) Importer(2089858483,0ecaa5967403d082aa24f35e1b516d23)
Start importing Assets/Resources/Prefabs/Boss Sequences/Sin Eater/Laser/Line.prefab using Guid(41d98006d9752624ba4ae02bfef9057a) Importer(2089858483,0ecaa5967403d082aa24f35e1b516d23)  -> (artifact id: '0ed93e6ab8c9cf7aa1193493204df5cd') in 0.024092 seconds
Number of updated asset objects reloaded before import = 0
Number of asset objects unloaded after import = 59
========================================================================
Received Import Request.
  Time since last request: 0.000011 seconds.
  path: Assets/Resources/Prefabs/Objects/Enviroment/Lootable/Baum Lootable.prefab
  artifactKey: Guid(7b218024bdef3e540925fa7359d15aff) Importer(2089858483,0ecaa5967403d082aa24f35e1b516d23)
Start importing Assets/Resources/Prefabs/Objects/Enviroment/Lootable/Baum Lootable.prefab using Guid(7b218024bdef3e540925fa7359d15aff) Importer(2089858483,0ecaa5967403d082aa24f35e1b516d23)  -> (artifact id: '90a028daf3850f4115cc1c85456a6231') in 0.072246 seconds
Number of updated asset objects reloaded before import = 0
Number of asset objects unloaded after import = 119
========================================================================
Received Import Request.
  Time since last request: 0.000015 seconds.
  path: Assets/Resources/Scriptable Objects/Abilities/Skills/Player Skills/Flammenwerfer.asset
  artifactKey: Guid(061f34eb842e941498e3e36a2bd8b8e6) Importer(2089858483,0ecaa5967403d082aa24f35e1b516d23)
Start importing Assets/Resources/Scriptable Objects/Abilities/Skills/Player Skills/Flammenwerfer.asset using Guid(061f34eb842e941498e3e36a2bd8b8e6) Importer(2089858483,0ecaa5967403d082aa24f35e1b516d23)  -> (artifact id: '2bdbe4b71c50f16b69836166e69138fc') in 0.010903 seconds
Number of updated asset objects reloaded before import = 0
Number of asset objects unloaded after import = 51
========================================================================
Received Import Request.
  Time since last request: 0.000018 seconds.
  path: Assets/Resources/Animations/Skill Animations/Player Skill Animations/TimeStop/TimeStop Start.anim
  artifactKey: Guid(98a1f86076667f743a1b1779e5b7d8bc) Importer(2089858483,0ecaa5967403d082aa24f35e1b516d23)
Start importing Assets/Resources/Animations/Skill Animations/Player Skill Animations/TimeStop/TimeStop Start.anim using Guid(98a1f86076667f743a1b1779e5b7d8bc) Importer(2089858483,0ecaa5967403d082aa24f35e1b516d23)  -> (artifact id: 'e01588bbb24ce04b481039f2186cab16') in 0.006074 seconds
Number of updated asset objects reloaded before import = 0
Number of asset objects unloaded after import = 2
========================================================================
Received Import Request.
  Time since last request: 0.000011 seconds.
  path: Assets/Resources/Animations/Skill Animations/Player Skill Animations/Laser/Laser Fire.anim
  artifactKey: Guid(d1e16c9f3ef304447adfcde7501c8b9b) Importer(2089858483,0ecaa5967403d082aa24f35e1b516d23)
Start importing Assets/Resources/Animations/Skill Animations/Player Skill Animations/Laser/Laser Fire.anim using Guid(d1e16c9f3ef304447adfcde7501c8b9b) Importer(2089858483,0ecaa5967403d082aa24f35e1b516d23)  -> (artifact id: 'ba2f2071b4b06395731cce87154b121a') in 0.005837 seconds
Number of updated asset objects reloaded before import = 0
Number of asset objects unloaded after import = 1
========================================================================
Received Import Request.
  Time since last request: 0.000013 seconds.
  path: Assets/Resources/Art/Characters/Player Sprites/HeadGear/Tiara.png
  artifactKey: Guid(e93a5594098a7b54190466e5a84888fe) Importer(2089858483,0ecaa5967403d082aa24f35e1b516d23)
Start importing Assets/Resources/Art/Characters/Player Sprites/HeadGear/Tiara.png using Guid(e93a5594098a7b54190466e5a84888fe) Importer(2089858483,0ecaa5967403d082aa24f35e1b516d23)  -> (artifact id: '317c25fcea31753569180705a92076cf') in 0.110970 seconds
Number of updated asset objects reloaded before import = 0
Number of asset objects unloaded after import = 47
========================================================================
Received Import Request.
  Time since last request: 0.000013 seconds.
  path: Assets/Resources/Animations/Skill Animations/Player Skill Animations/Teleport/Startup.anim
  artifactKey: Guid(e7d643adc53c6724eb5a95a6f763a1a8) Importer(2089858483,0ecaa5967403d082aa24f35e1b516d23)
Start importing Assets/Resources/Animations/Skill Animations/Player Skill Animations/Teleport/Startup.anim using Guid(e7d643adc53c6724eb5a95a6f763a1a8) Importer(2089858483,0ecaa5967403d082aa24f35e1b516d23)  -> (artifact id: '21202b695bf9af1cd304aa2d365977a1') in 0.006428 seconds
Number of updated asset objects reloaded before import = 0
Number of asset objects unloaded after import = 1
========================================================================
Received Import Request.
  Time since last request: 0.000010 seconds.
  path: Assets/Resources/Prefabs/Objects/Enviroment/Lootable/Stein groß Lootable.prefab
  artifactKey: Guid(08c87239e73fe794186aaa4391401d4d) Importer(2089858483,0ecaa5967403d082aa24f35e1b516d23)
Start importing Assets/Resources/Prefabs/Objects/Enviroment/Lootable/Stein groß Lootable.prefab using Guid(08c87239e73fe794186aaa4391401d4d) Importer(2089858483,0ecaa5967403d082aa24f35e1b516d23)  -> (artifact id: '4c755b959961b06a0c41b3e95464d4f1') in 0.053336 seconds
Number of updated asset objects reloaded before import = 0
Number of asset objects unloaded after import = 126
========================================================================
Received Import Request.
  Time since last request: 0.000013 seconds.
  path: Assets/Resources/Prefabs/Boss Sequences/Titania/Landslide/Octa Bombs II.prefab
  artifactKey: Guid(9bd9a4c0ef758d84f94587238a3f457e) Importer(2089858483,0ecaa5967403d082aa24f35e1b516d23)
Start importing Assets/Resources/Prefabs/Boss Sequences/Titania/Landslide/Octa Bombs II.prefab using Guid(9bd9a4c0ef758d84f94587238a3f457e) Importer(2089858483,0ecaa5967403d082aa24f35e1b516d23)  -> (artifact id: '3a2e18b7a648c357e97ddcfba647942d') in 0.015636 seconds
Number of updated asset objects reloaded before import = 0
Number of asset objects unloaded after import = 240
========================================================================
Received Import Request.
  Time since last request: 0.000020 seconds.
  path: Assets/Resources/Prefabs/Boss Sequences/Titania/Eruption/Target.prefab
  artifactKey: Guid(37fdd19402ed9dc49b29ca64b7284c49) Importer(2089858483,0ecaa5967403d082aa24f35e1b516d23)
Start importing Assets/Resources/Prefabs/Boss Sequences/Titania/Eruption/Target.prefab using Guid(37fdd19402ed9dc49b29ca64b7284c49) Importer(2089858483,0ecaa5967403d082aa24f35e1b516d23)  -> (artifact id: 'be4a77dea5c713a44ed146a2de6b2f47') in 0.009784 seconds
Number of updated asset objects reloaded before import = 0
Number of asset objects unloaded after import = 44
========================================================================
Received Import Request.
  Time since last request: 0.000013 seconds.
  path: Assets/Resources/Animations/Skill Animations/Player Skill Animations/Flammenwerfer/Hit.anim
  artifactKey: Guid(ab002cba5d8f7f1489ee6a959f86e1ba) Importer(2089858483,0ecaa5967403d082aa24f35e1b516d23)
Start importing Assets/Resources/Animations/Skill Animations/Player Skill Animations/Flammenwerfer/Hit.anim using Guid(ab002cba5d8f7f1489ee6a959f86e1ba) Importer(2089858483,0ecaa5967403d082aa24f35e1b516d23)  -> (artifact id: 'b4502fc16593c1c1f58d5db78a9ab01d') in 0.006626 seconds
Number of updated asset objects reloaded before import = 0
Number of asset objects unloaded after import = 1
========================================================================
Received Import Request.
  Time since last request: 0.000011 seconds.
  path: Assets/Resources/Animations/Skill Animations/Player Skill Animations/Laser/Impuls Feuer 1.controller
  artifactKey: Guid(9aa93217df58ca245a7dd1079a186449) Importer(2089858483,0ecaa5967403d082aa24f35e1b516d23)
Start importing Assets/Resources/Animations/Skill Animations/Player Skill Animations/Laser/Impuls Feuer 1.controller using Guid(9aa93217df58ca245a7dd1079a186449) Importer(2089858483,0ecaa5967403d082aa24f35e1b516d23)  -> (artifact id: '478e3f91d1e877c9771ee201f52c60bd') in 0.004873 seconds
Number of updated asset objects reloaded before import = 0
Number of asset objects unloaded after import = 4
========================================================================
Received Import Request.
  Time since last request: 0.000011 seconds.
  path: Assets/Resources/Animations/Skill Animations/Player Skill Animations/Zeitsprung/Zeitsprung.controller
  artifactKey: Guid(587d0ebdb58e25e4d8fbb09111f89062) Importer(2089858483,0ecaa5967403d082aa24f35e1b516d23)
Start importing Assets/Resources/Animations/Skill Animations/Player Skill Animations/Zeitsprung/Zeitsprung.controller using Guid(587d0ebdb58e25e4d8fbb09111f89062) Importer(2089858483,0ecaa5967403d082aa24f35e1b516d23)  -> (artifact id: 'daabd034d50437275a459ea8fa4e5e53') in 0.004486 seconds
Number of updated asset objects reloaded before import = 0
Number of asset objects unloaded after import = 4
========================================================================
Received Import Request.
  Time since last request: 0.000012 seconds.
  path: Assets/Resources/Art/Characters/Player Sprites/Face Gear/Glasses.png
  artifactKey: Guid(48522f6bb6dd11b49a811fe3b1d90035) Importer(2089858483,0ecaa5967403d082aa24f35e1b516d23)
Start importing Assets/Resources/Art/Characters/Player Sprites/Face Gear/Glasses.png using Guid(48522f6bb6dd11b49a811fe3b1d90035) Importer(2089858483,0ecaa5967403d082aa24f35e1b516d23)  -> (artifact id: '4139c8330065b5e9b9cb5a83d3d9af2a') in 0.078878 seconds
Number of updated asset objects reloaded before import = 0
Number of asset objects unloaded after import = 47
========================================================================
Received Import Request.
  Time since last request: 0.000011 seconds.
  path: Assets/Resources/Art/Characters/Player Sprites/Standard/Empty.png
  artifactKey: Guid(5842ad0aa44510543b1b76b29d08acb0) Importer(2089858483,0ecaa5967403d082aa24f35e1b516d23)
Start importing Assets/Resources/Art/Characters/Player Sprites/Standard/Empty.png using Guid(5842ad0aa44510543b1b76b29d08acb0) Importer(2089858483,0ecaa5967403d082aa24f35e1b516d23)  -> (artifact id: '7eb46cf541a079ec21abff939751f9d1') in 0.111807 seconds
Number of updated asset objects reloaded before import = 0
Number of asset objects unloaded after import = 47
========================================================================
Received Import Request.
  Time since last request: 0.000014 seconds.
  path: Assets/Resources/Prefabs/Boss Sequences/Titania/Bombs/Rows.prefab
  artifactKey: Guid(8e1b843ece0e79b43ab608060adeacc8) Importer(2089858483,0ecaa5967403d082aa24f35e1b516d23)
Start importing Assets/Resources/Prefabs/Boss Sequences/Titania/Bombs/Rows.prefab using Guid(8e1b843ece0e79b43ab608060adeacc8) Importer(2089858483,0ecaa5967403d082aa24f35e1b516d23)  -> (artifact id: '78f8a7fb0d94d09173b644cf25d77f98') in 0.013969 seconds
Number of updated asset objects reloaded before import = 0
Number of asset objects unloaded after import = 101
========================================================================
Received Import Request.
  Time since last request: 0.000018 seconds.
  path: Assets/Resources/Animations/Skill Animations/Player Skill Animations/Speer/Spear Up.anim
  artifactKey: Guid(124d62f6a4f00a840af7aff969c8fd05) Importer(2089858483,0ecaa5967403d082aa24f35e1b516d23)
Start importing Assets/Resources/Animations/Skill Animations/Player Skill Animations/Speer/Spear Up.anim using Guid(124d62f6a4f00a840af7aff969c8fd05) Importer(2089858483,0ecaa5967403d082aa24f35e1b516d23)  -> (artifact id: 'cd0b789fe07e76fe7cc7ca5de54ac18b') in 0.006978 seconds
Number of updated asset objects reloaded before import = 0
Number of asset objects unloaded after import = 2
========================================================================
Received Import Request.
  Time since last request: 0.000012 seconds.
  path: Assets/Resources/Art/Characters/Player Sprites/BackGear/Dragon Wings.png
  artifactKey: Guid(649d55a3a64cb2b46b13b177c55b6285) Importer(2089858483,0ecaa5967403d082aa24f35e1b516d23)
Start importing Assets/Resources/Art/Characters/Player Sprites/BackGear/Dragon Wings.png using Guid(649d55a3a64cb2b46b13b177c55b6285) Importer(2089858483,0ecaa5967403d082aa24f35e1b516d23)  -> (artifact id: '12463b5d34bdd01486084163d122455b') in 0.079807 seconds
Number of updated asset objects reloaded before import = 0
Number of asset objects unloaded after import = 47
========================================================================
Received Import Request.
  Time since last request: 0.000012 seconds.
  path: Assets/Resources/Animations/Skill Animations/Player Skill Animations/Flamme/Flamme.controller
  artifactKey: Guid(6c0cdad7856221a42aeda599e0154ab9) Importer(2089858483,0ecaa5967403d082aa24f35e1b516d23)
Start importing Assets/Resources/Animations/Skill Animations/Player Skill Animations/Flamme/Flamme.controller using Guid(6c0cdad7856221a42aeda599e0154ab9) Importer(2089858483,0ecaa5967403d082aa24f35e1b516d23)  -> (artifact id: 'd96bca2ecd7b39d745df666e50b16591') in 0.004732 seconds
Number of updated asset objects reloaded before import = 0
Number of asset objects unloaded after import = 4
========================================================================
Received Import Request.
  Time since last request: 0.000011 seconds.
  path: Assets/Resources/Animations/Skill Animations/Player Skill Animations/Schwert/Schwertschlag.controller
  artifactKey: Guid(6248016d2680b0543904e120b2499d04) Importer(2089858483,0ecaa5967403d082aa24f35e1b516d23)
Start importing Assets/Resources/Animations/Skill Animations/Player Skill Animations/Schwert/Schwertschlag.controller using Guid(6248016d2680b0543904e120b2499d04) Importer(2089858483,0ecaa5967403d082aa24f35e1b516d23)  -> (artifact id: '6aafc30b686b8f73ed410019aea3807b') in 0.004750 seconds
Number of updated asset objects reloaded before import = 0
Number of asset objects unloaded after import = 8
========================================================================
Received Import Request.
  Time since last request: 0.000014 seconds.
  path: Assets/Resources/Art/Characters/Player Sprites/Standard/Face.png
  artifactKey: Guid(c40683d1a1410a34c910bb85a92e77c5) Importer(2089858483,0ecaa5967403d082aa24f35e1b516d23)
Start importing Assets/Resources/Art/Characters/Player Sprites/Standard/Face.png using Guid(c40683d1a1410a34c910bb85a92e77c5) Importer(2089858483,0ecaa5967403d082aa24f35e1b516d23)  -> (artifact id: '5a89bf889ed8e25b0f13e9fc13966905') in 0.077030 seconds
Number of updated asset objects reloaded before import = 0
Number of asset objects unloaded after import = 47
========================================================================
Received Import Request.
  Time since last request: 0.000014 seconds.
  path: Assets/Resources/Scriptable Objects/Character Creation/Properties/Legs/Snake Tail.asset
  artifactKey: Guid(827f7ee5a9d4a8541b3eca6ecb7ba50b) Importer(2089858483,0ecaa5967403d082aa24f35e1b516d23)
Start importing Assets/Resources/Scriptable Objects/Character Creation/Properties/Legs/Snake Tail.asset using Guid(827f7ee5a9d4a8541b3eca6ecb7ba50b) Importer(2089858483,0ecaa5967403d082aa24f35e1b516d23)  -> (artifact id: '6b2095a99f5f0f5dbc31c799261f43a1') in 0.008019 seconds
Number of updated asset objects reloaded before import = 0
Number of asset objects unloaded after import = 3
========================================================================
Received Import Request.
  Time since last request: 0.000019 seconds.
  path: Assets/Resources/Scriptable Objects/Items/Item Drops/Abilities/Flammenwerfer.asset
  artifactKey: Guid(0b55fb27d7d655f4384f8a437d555020) Importer(2089858483,0ecaa5967403d082aa24f35e1b516d23)
Start importing Assets/Resources/Scriptable Objects/Items/Item Drops/Abilities/Flammenwerfer.asset using Guid(0b55fb27d7d655f4384f8a437d555020) Importer(2089858483,0ecaa5967403d082aa24f35e1b516d23)  -> (artifact id: '6d4a753556304b44c3a117a16b96d7d4') in 0.054300 seconds
Number of updated asset objects reloaded before import = 0
Number of asset objects unloaded after import = 55
========================================================================
Received Import Request.
  Time since last request: 0.000012 seconds.
  path: Assets/Resources/Scriptable Objects/Items/Item Drops/Abilities/Frostspitze.asset
  artifactKey: Guid(261cc57d7440de9448f69a950b207d02) Importer(2089858483,0ecaa5967403d082aa24f35e1b516d23)
Start importing Assets/Resources/Scriptable Objects/Items/Item Drops/Abilities/Frostspitze.asset using Guid(261cc57d7440de9448f69a950b207d02) Importer(2089858483,0ecaa5967403d082aa24f35e1b516d23)  -> (artifact id: '98b8001fd14c38dc94e0d58acadbd1f9') in 0.014402 seconds
Number of updated asset objects reloaded before import = 0
Number of asset objects unloaded after import = 72
========================================================================
Received Import Request.
  Time since last request: 0.000011 seconds.
  path: Assets/Resources/Scriptable Objects/Abilities/Skills/Player Skills/Hitzeblitz.asset
  artifactKey: Guid(a4406c673eead9844809ea002e9c6ba3) Importer(2089858483,0ecaa5967403d082aa24f35e1b516d23)
Start importing Assets/Resources/Scriptable Objects/Abilities/Skills/Player Skills/Hitzeblitz.asset using Guid(a4406c673eead9844809ea002e9c6ba3) Importer(2089858483,0ecaa5967403d082aa24f35e1b516d23)  -> (artifact id: '012f7d63b88707b98fb5344bb5c1263f') in 0.016867 seconds
Number of updated asset objects reloaded before import = 0
Number of asset objects unloaded after import = 48
========================================================================
Received Import Request.
  Time since last request: 0.000010 seconds.
  path: Assets/Resources/Scriptable Objects/Character Creation/Properties/Hairstyles/Zopf.asset
  artifactKey: Guid(5cd5a467930fbc44eb7d99fb63e969bc) Importer(2089858483,0ecaa5967403d082aa24f35e1b516d23)
Start importing Assets/Resources/Scriptable Objects/Character Creation/Properties/Hairstyles/Zopf.asset using Guid(5cd5a467930fbc44eb7d99fb63e969bc) Importer(2089858483,0ecaa5967403d082aa24f35e1b516d23)  -> (artifact id: '89e2c334e6628a164e8544abd23cd358') in 0.006889 seconds
Number of updated asset objects reloaded before import = 0
Number of asset objects unloaded after import = 4
========================================================================
Received Import Request.
  Time since last request: 0.000010 seconds.
  path: Assets/Resources/Scriptable Objects/Character Creation/Properties/Back/Divine Wings.asset
  artifactKey: Guid(5f9f5dc3b16fc2645a04900c679d5cc5) Importer(2089858483,0ecaa5967403d082aa24f35e1b516d23)
Start importing Assets/Resources/Scriptable Objects/Character Creation/Properties/Back/Divine Wings.asset using Guid(5f9f5dc3b16fc2645a04900c679d5cc5) Importer(2089858483,0ecaa5967403d082aa24f35e1b516d23)  -> (artifact id: 'd2bc35d450a77f4123e4df7737673c1f') in 0.006170 seconds
Number of updated asset objects reloaded before import = 0
Number of asset objects unloaded after import = 4
========================================================================
Received Import Request.
  Time since last request: 0.000010 seconds.
  path: Assets/Resources/Scriptable Objects/Items/Inventory Items/Crafting Items/Earth Elemental.asset
  artifactKey: Guid(c66ed71fbfd9dc843acd2f08d099def4) Importer(2089858483,0ecaa5967403d082aa24f35e1b516d23)
Start importing Assets/Resources/Scriptable Objects/Items/Inventory Items/Crafting Items/Earth Elemental.asset using Guid(c66ed71fbfd9dc843acd2f08d099def4) Importer(2089858483,0ecaa5967403d082aa24f35e1b516d23)  -> (artifact id: '6ea040a6a2d1d6e26fcc8556c115099a') in 0.012276 seconds
Number of updated asset objects reloaded before import = 0
Number of asset objects unloaded after import = 2
========================================================================
Received Import Request.
  Time since last request: 0.000010 seconds.
  path: Assets/Resources/Scriptable Objects/Items/Inventory Items/Key Items/Titanias Treasure.asset
  artifactKey: Guid(eb9db0898190e7a43b42fd41d2c6b03c) Importer(2089858483,0ecaa5967403d082aa24f35e1b516d23)
Start importing Assets/Resources/Scriptable Objects/Items/Inventory Items/Key Items/Titanias Treasure.asset using Guid(eb9db0898190e7a43b42fd41d2c6b03c) Importer(2089858483,0ecaa5967403d082aa24f35e1b516d23)  -> (artifact id: '0f96986b14342248b968372e1c85e4de') in 0.005097 seconds
Number of updated asset objects reloaded before import = 0
Number of asset objects unloaded after import = 2
========================================================================
Received Import Request.
  Time since last request: 0.000012 seconds.
  path: Assets/Resources/Scriptable Objects/Character Creation/Properties/Hairstyles/Lang.asset
  artifactKey: Guid(ed6b28ae89327024fbc3b3f49f480d27) Importer(2089858483,0ecaa5967403d082aa24f35e1b516d23)
Start importing Assets/Resources/Scriptable Objects/Character Creation/Properties/Hairstyles/Lang.asset using Guid(ed6b28ae89327024fbc3b3f49f480d27) Importer(2089858483,0ecaa5967403d082aa24f35e1b516d23)  -> (artifact id: '1c5ff9eef174e940ea0582ebe20adac8') in 0.006574 seconds
Number of updated asset objects reloaded before import = 0
Number of asset objects unloaded after import = 4
========================================================================
Received Import Request.
  Time since last request: 0.000010 seconds.
  path: Assets/Resources/Prefabs/Boss Sequences/Titania/Landslide/Octa.prefab
  artifactKey: Guid(cc496c7570460c54da6ea9a31f1e630c) Importer(2089858483,0ecaa5967403d082aa24f35e1b516d23)
Start importing Assets/Resources/Prefabs/Boss Sequences/Titania/Landslide/Octa.prefab using Guid(cc496c7570460c54da6ea9a31f1e630c) Importer(2089858483,0ecaa5967403d082aa24f35e1b516d23)  -> (artifact id: '13346c4bff978c82472109ffbcba7435') in 0.010985 seconds
Number of updated asset objects reloaded before import = 0
Number of asset objects unloaded after import = 157
========================================================================
Received Import Request.
  Time since last request: 0.000011 seconds.
  path: Assets/Resources/Scriptable Objects/Items/Inventory Items/Crafting Items/Gold.asset
  artifactKey: Guid(6f9ed415ae2fc984da32198e8d81c34b) Importer(2089858483,0ecaa5967403d082aa24f35e1b516d23)
Start importing Assets/Resources/Scriptable Objects/Items/Inventory Items/Crafting Items/Gold.asset using Guid(6f9ed415ae2fc984da32198e8d81c34b) Importer(2089858483,0ecaa5967403d082aa24f35e1b516d23)  -> (artifact id: 'd1c8ed24553191f9c8cdc498a89b0ca1') in 0.004867 seconds
Number of updated asset objects reloaded before import = 0
Number of asset objects unloaded after import = 2
========================================================================
Received Import Request.
  Time since last request: 0.000012 seconds.
  path: Assets/Resources/Scriptable Objects/Character Creation/Properties/Standard/Face.asset
  artifactKey: Guid(32aec7aad5d1a894b840c74f2d680c50) Importer(2089858483,0ecaa5967403d082aa24f35e1b516d23)
Start importing Assets/Resources/Scriptable Objects/Character Creation/Properties/Standard/Face.asset using Guid(32aec7aad5d1a894b840c74f2d680c50) Importer(2089858483,0ecaa5967403d082aa24f35e1b516d23)  -> (artifact id: '72b36bccf10ca43e8572e25cbe690f4e') in 0.006504 seconds
Number of updated asset objects reloaded before import = 0
Number of asset objects unloaded after import = 3
========================================================================
Received Import Request.
  Time since last request: 0.000017 seconds.
  path: Assets/Resources/Animations/Skill Animations/Player Skill Animations/Frostspitze/Hit.anim
  artifactKey: Guid(e1ecd2c6147cf084bbdbf63909f6d71c) Importer(2089858483,0ecaa5967403d082aa24f35e1b516d23)
Start importing Assets/Resources/Animations/Skill Animations/Player Skill Animations/Frostspitze/Hit.anim using Guid(e1ecd2c6147cf084bbdbf63909f6d71c) Importer(2089858483,0ecaa5967403d082aa24f35e1b516d23)  -> (artifact id: '6047b065f68c23cbea285bfc6074d5ed') in 0.006925 seconds
Number of updated asset objects reloaded before import = 0
Number of asset objects unloaded after import = 2
========================================================================
Received Import Request.
  Time since last request: 0.000017 seconds.
  path: Assets/Resources/Scriptable Objects/Abilities/Skills/Enemy Skills/Schuss.asset
  artifactKey: Guid(017f55cb04fe1f9438ebb3f785c376bf) Importer(2089858483,0ecaa5967403d082aa24f35e1b516d23)
Start importing Assets/Resources/Scriptable Objects/Abilities/Skills/Enemy Skills/Schuss.asset using Guid(017f55cb04fe1f9438ebb3f785c376bf) Importer(2089858483,0ecaa5967403d082aa24f35e1b516d23)  -> (artifact id: '73390c97b2cde7bc0629ee814a6eeca3') in 0.008873 seconds
Number of updated asset objects reloaded before import = 0
Number of asset objects unloaded after import = 49
========================================================================
Received Import Request.
  Time since last request: 0.000012 seconds.
  path: Assets/Resources/Scriptable Objects/Items/Inventory Items/Key Items/Stone Plates.asset
  artifactKey: Guid(36a84f525f86d284cb9a8d337a13e72d) Importer(2089858483,0ecaa5967403d082aa24f35e1b516d23)
Start importing Assets/Resources/Scriptable Objects/Items/Inventory Items/Key Items/Stone Plates.asset using Guid(36a84f525f86d284cb9a8d337a13e72d) Importer(2089858483,0ecaa5967403d082aa24f35e1b516d23)  -> (artifact id: '760cf8b64f4c26ed953b92d07ca7fa84') in 0.005917 seconds
Number of updated asset objects reloaded before import = 0
Number of asset objects unloaded after import = 3
========================================================================
Received Import Request.
  Time since last request: 0.000011 seconds.
  path: Assets/Resources/Scriptable Objects/Items/Inventory Items/Crafting Items/Fire Elemental.asset
  artifactKey: Guid(a072761928241454db5a67426224f4e3) Importer(2089858483,0ecaa5967403d082aa24f35e1b516d23)
Start importing Assets/Resources/Scriptable Objects/Items/Inventory Items/Crafting Items/Fire Elemental.asset using Guid(a072761928241454db5a67426224f4e3) Importer(2089858483,0ecaa5967403d082aa24f35e1b516d23)  -> (artifact id: 'f28a39ca32e6dc0881697093d5ec3a9f') in 0.005267 seconds
Number of updated asset objects reloaded before import = 0
Number of asset objects unloaded after import = 2
========================================================================
Received Import Request.
  Time since last request: 0.000010 seconds.
  path: Assets/Resources/Animations/Skill Animations/Player Skill Animations/Laser/Laserstrahl.controller
  artifactKey: Guid(c7097237563025a4396b572768e22935) Importer(2089858483,0ecaa5967403d082aa24f35e1b516d23)
Start importing Assets/Resources/Animations/Skill Animations/Player Skill Animations/Laser/Laserstrahl.controller using Guid(c7097237563025a4396b572768e22935) Importer(2089858483,0ecaa5967403d082aa24f35e1b516d23)  -> (artifact id: '1c44cd0a1b2144d7d811d08d86dcd84d') in 0.005847 seconds
Number of updated asset objects reloaded before import = 0
Number of asset objects unloaded after import = 7
========================================================================
Received Import Request.
  Time since last request: 0.000010 seconds.
  path: Assets/Resources/Animations/Skill Animations/Player Skill Animations/Stromschlag/Orb Idle.anim
  artifactKey: Guid(b1abf9a64c885a74d866f18786983a6e) Importer(2089858483,0ecaa5967403d082aa24f35e1b516d23)
Start importing Assets/Resources/Animations/Skill Animations/Player Skill Animations/Stromschlag/Orb Idle.anim using Guid(b1abf9a64c885a74d866f18786983a6e) Importer(2089858483,0ecaa5967403d082aa24f35e1b516d23)  -> (artifact id: '8cbd675df0195fdeaa53c908b96dbdfd') in 0.005845 seconds
Number of updated asset objects reloaded before import = 0
Number of asset objects unloaded after import = 1
========================================================================
Received Import Request.
  Time since last request: 0.000010 seconds.
  path: Assets/Resources/Prefabs/Boss Sequences/Sin Eater/Tower/Three Random.prefab
  artifactKey: Guid(cbf411e30c48bf24d9b4cd2869e66bf2) Importer(2089858483,0ecaa5967403d082aa24f35e1b516d23)
Start importing Assets/Resources/Prefabs/Boss Sequences/Sin Eater/Tower/Three Random.prefab using Guid(cbf411e30c48bf24d9b4cd2869e66bf2) Importer(2089858483,0ecaa5967403d082aa24f35e1b516d23)  -> (artifact id: '8778c39f827be31919a33e1b620bfacb') in 0.013905 seconds
Number of updated asset objects reloaded before import = 0
Number of asset objects unloaded after import = 62
========================================================================
Received Import Request.
  Time since last request: 0.000013 seconds.
  path: Assets/Resources/Art/Characters/Player Sprites/HeadGear/Halo Emission.png
  artifactKey: Guid(bfa02c01391e1824d8ce4fdf5d3a1c27) Importer(2089858483,0ecaa5967403d082aa24f35e1b516d23)
Start importing Assets/Resources/Art/Characters/Player Sprites/HeadGear/Halo Emission.png using Guid(bfa02c01391e1824d8ce4fdf5d3a1c27) Importer(2089858483,0ecaa5967403d082aa24f35e1b516d23)  -> (artifact id: '54ae1fecdfe2e25c8aeae4dc30b15370') in 0.023308 seconds
Number of updated asset objects reloaded before import = 0
Number of asset objects unloaded after import = 1
========================================================================
Received Import Request.
  Time since last request: 0.000012 seconds.
  path: Assets/Resources/Animations/Skill Animations/Player Skill Animations/TimeStop/TimeStop Disappear.anim
  artifactKey: Guid(53bb8da2d9c4e394d8597bb774859202) Importer(2089858483,0ecaa5967403d082aa24f35e1b516d23)
Start importing Assets/Resources/Animations/Skill Animations/Player Skill Animations/TimeStop/TimeStop Disappear.anim using Guid(53bb8da2d9c4e394d8597bb774859202) Importer(2089858483,0ecaa5967403d082aa24f35e1b516d23)  -> (artifact id: 'b97be66bd6384e4fd07e535b81e81571') in 0.005873 seconds
Number of updated asset objects reloaded before import = 0
Number of asset objects unloaded after import = 1
========================================================================
Received Import Request.
  Time since last request: 0.000011 seconds.
  path: Assets/Resources/Scriptable Objects/Items/Inventory Items/Crafting Items/Time Elemental.asset
  artifactKey: Guid(9713bdfc4a3bed449a11ce45cde8c1b3) Importer(2089858483,0ecaa5967403d082aa24f35e1b516d23)
Start importing Assets/Resources/Scriptable Objects/Items/Inventory Items/Crafting Items/Time Elemental.asset using Guid(9713bdfc4a3bed449a11ce45cde8c1b3) Importer(2089858483,0ecaa5967403d082aa24f35e1b516d23)  -> (artifact id: 'd7deb95e1e001a39b866ffe684c93c19') in 0.005603 seconds
Number of updated asset objects reloaded before import = 0
Number of asset objects unloaded after import = 2
========================================================================
Received Import Request.
  Time since last request: 0.000016 seconds.
  path: Assets/Resources/Art/Characters/Player Sprites/Hairstyle/Zopf.png
  artifactKey: Guid(ba4d2272be4f6204aa4e7de314a32554) Importer(2089858483,0ecaa5967403d082aa24f35e1b516d23)
Start importing Assets/Resources/Art/Characters/Player Sprites/Hairstyle/Zopf.png using Guid(ba4d2272be4f6204aa4e7de314a32554) Importer(2089858483,0ecaa5967403d082aa24f35e1b516d23)  -> (artifact id: '3aac30a649b002c2496c849de7350d97') in 0.079413 seconds
Number of updated asset objects reloaded before import = 0
Number of asset objects unloaded after import = 47
========================================================================
Received Import Request.
  Time since last request: 0.000014 seconds.
  path: Assets/Resources/Animations/Skill Animations/Player Skill Animations/TimeStop/TimeStop Idle.anim
  artifactKey: Guid(cf3976c89ad262546940f8544225c304) Importer(2089858483,0ecaa5967403d082aa24f35e1b516d23)
Start importing Assets/Resources/Animations/Skill Animations/Player Skill Animations/TimeStop/TimeStop Idle.anim using Guid(cf3976c89ad262546940f8544225c304) Importer(2089858483,0ecaa5967403d082aa24f35e1b516d23)  -> (artifact id: 'bc09c831ad83db9e55da848fae14a9f7') in 0.004999 seconds
Number of updated asset objects reloaded before import = 0
Number of asset objects unloaded after import = 1
========================================================================
Received Import Request.
  Time since last request: 0.000019 seconds.
  path: Assets/Resources/Prefabs/Boss Sequences/Titania/Eruption/All.prefab
  artifactKey: Guid(1402d70fad34b314fa17351362181711) Importer(2089858483,0ecaa5967403d082aa24f35e1b516d23)
Start importing Assets/Resources/Prefabs/Boss Sequences/Titania/Eruption/All.prefab using Guid(1402d70fad34b314fa17351362181711) Importer(2089858483,0ecaa5967403d082aa24f35e1b516d23)  -> (artifact id: 'd5784fb56a0f573917ccf0a5599de421') in 0.007656 seconds
Number of updated asset objects reloaded before import = 0
Number of asset objects unloaded after import = 56
========================================================================
Received Import Request.
  Time since last request: 0.000011 seconds.
  path: Assets/Resources/Art/Characters/Player Sprites/Ears/Elf Ears.png
  artifactKey: Guid(79d69ee045605764491ced1d4c886c83) Importer(2089858483,0ecaa5967403d082aa24f35e1b516d23)
Start importing Assets/Resources/Art/Characters/Player Sprites/Ears/Elf Ears.png using Guid(79d69ee045605764491ced1d4c886c83) Importer(2089858483,0ecaa5967403d082aa24f35e1b516d23)  -> (artifact id: 'd8b80770cec5a2f3a19957263e2e3a78') in 0.113810 seconds
Number of updated asset objects reloaded before import = 0
Number of asset objects unloaded after import = 47
========================================================================
Received Import Request.
  Time since last request: 0.000014 seconds.
  path: Assets/Resources/Scriptable Objects/Abilities/Skills/Player Skills/Temporäre Stase.asset
  artifactKey: Guid(2161d767b1e9b144fbfd4f0ddb7caabf) Importer(2089858483,0ecaa5967403d082aa24f35e1b516d23)
Start importing Assets/Resources/Scriptable Objects/Abilities/Skills/Player Skills/Temporäre Stase.asset using Guid(2161d767b1e9b144fbfd4f0ddb7caabf) Importer(2089858483,0ecaa5967403d082aa24f35e1b516d23)  -> (artifact id: '276e60d9a47d2500d005ac1e463feff2') in 0.016604 seconds
Number of updated asset objects reloaded before import = 0
Number of asset objects unloaded after import = 57
========================================================================
Received Import Request.
  Time since last request: 0.000012 seconds.
  path: Assets/Resources/Scriptable Objects/Items/Inventory Items/Crafting Items/Leaf.asset
  artifactKey: Guid(3312c50d0873a6943aa7c4ce24459518) Importer(2089858483,0ecaa5967403d082aa24f35e1b516d23)
Start importing Assets/Resources/Scriptable Objects/Items/Inventory Items/Crafting Items/Leaf.asset using Guid(3312c50d0873a6943aa7c4ce24459518) Importer(2089858483,0ecaa5967403d082aa24f35e1b516d23)  -> (artifact id: 'f7a48e3be265be86a85dbf21677f6e42') in 0.005452 seconds
Number of updated asset objects reloaded before import = 0
Number of asset objects unloaded after import = 2
========================================================================
Received Import Request.
  Time since last request: 0.000012 seconds.
  path: Assets/Resources/Art/Characters/Player Sprites/Upper Gear/Plate.png
  artifactKey: Guid(f1a5ea4aea7b2dd46a3bdd6ddadcc593) Importer(2089858483,0ecaa5967403d082aa24f35e1b516d23)
Start importing Assets/Resources/Art/Characters/Player Sprites/Upper Gear/Plate.png using Guid(f1a5ea4aea7b2dd46a3bdd6ddadcc593) Importer(2089858483,0ecaa5967403d082aa24f35e1b516d23)  -> (artifact id: '1d3f8d62b80452eb5aeb219acaf36be0') in 0.086462 seconds
Number of updated asset objects reloaded before import = 0
Number of asset objects unloaded after import = 47
========================================================================
Received Import Request.
  Time since last request: 0.000015 seconds.
  path: Assets/Resources/Prefabs/Objects/Enviroment/Lootable/Stein klein Lootable.prefab
  artifactKey: Guid(720e3550d650c204f998b90623456d5f) Importer(2089858483,0ecaa5967403d082aa24f35e1b516d23)
Start importing Assets/Resources/Prefabs/Objects/Enviroment/Lootable/Stein klein Lootable.prefab using Guid(720e3550d650c204f998b90623456d5f) Importer(2089858483,0ecaa5967403d082aa24f35e1b516d23)  -> (artifact id: 'a324d9b85ce15b293e6e0d847cdc032a') in 0.039567 seconds
Number of updated asset objects reloaded before import = 0
Number of asset objects unloaded after import = 126
========================================================================
Received Import Request.
  Time since last request: 0.000018 seconds.
  path: Assets/Resources/Scriptable Objects/Abilities/Skills/Enemy Skills/Feuerhaut.asset
  artifactKey: Guid(ff2df080f5d878d4abe9c918abf6e3e6) Importer(2089858483,0ecaa5967403d082aa24f35e1b516d23)
Start importing Assets/Resources/Scriptable Objects/Abilities/Skills/Enemy Skills/Feuerhaut.asset using Guid(ff2df080f5d878d4abe9c918abf6e3e6) Importer(2089858483,0ecaa5967403d082aa24f35e1b516d23)  -> (artifact id: 'fd69e9cfe18e13c8f38a6c19e75ebb6e') in 0.009134 seconds
Number of updated asset objects reloaded before import = 0
Number of asset objects unloaded after import = 28
========================================================================
Received Import Request.
  Time since last request: 0.000012 seconds.
  path: Assets/Resources/Scriptable Objects/Items/Item Drops/Abilities/Dash.asset
  artifactKey: Guid(79c9d050df0e8934ca316c353100d18b) Importer(2089858483,0ecaa5967403d082aa24f35e1b516d23)
Start importing Assets/Resources/Scriptable Objects/Items/Item Drops/Abilities/Dash.asset using Guid(79c9d050df0e8934ca316c353100d18b) Importer(2089858483,0ecaa5967403d082aa24f35e1b516d23)  -> (artifact id: 'a094765b52447bd5348f5ff52aff2122') in 0.009050 seconds
Number of updated asset objects reloaded before import = 0
Number of asset objects unloaded after import = 30
========================================================================
Received Import Request.
  Time since last request: 0.000011 seconds.
  path: Assets/Resources/Prefabs/Skills/Boss Skills/Lightwarden/Heiliger Strahl.prefab
  artifactKey: Guid(d5a65df5d3ace444291b335191309445) Importer(2089858483,0ecaa5967403d082aa24f35e1b516d23)
Start importing Assets/Resources/Prefabs/Skills/Boss Skills/Lightwarden/Heiliger Strahl.prefab using Guid(d5a65df5d3ace444291b335191309445) Importer(2089858483,0ecaa5967403d082aa24f35e1b516d23)  -> (artifact id: '7e7a5c3291a7ed35dcc280d2077db93f') in 0.013626 seconds
Number of updated asset objects reloaded before import = 0
Number of asset objects unloaded after import = 37
========================================================================
Received Import Request.
  Time since last request: 0.000010 seconds.
  path: Assets/Resources/Animations/Skill Animations/Player Skill Animations/Shield/Schild.controller
  artifactKey: Guid(81e2e13b8a2ed2443861ec0149b97733) Importer(2089858483,0ecaa5967403d082aa24f35e1b516d23)
Start importing Assets/Resources/Animations/Skill Animations/Player Skill Animations/Shield/Schild.controller using Guid(81e2e13b8a2ed2443861ec0149b97733) Importer(2089858483,0ecaa5967403d082aa24f35e1b516d23)  -> (artifact id: '9df6fb056774d3c364f2001be01941f9') in 0.004745 seconds
Number of updated asset objects reloaded before import = 0
Number of asset objects unloaded after import = 8
========================================================================
Received Import Request.
  Time since last request: 0.000010 seconds.
  path: Assets/Resources/Scriptable Objects/Abilities/Skills/Player Skills/Mana Elixier.asset
  artifactKey: Guid(da45aaa68f644224bb0e14ba810edc30) Importer(2089858483,0ecaa5967403d082aa24f35e1b516d23)
Start importing Assets/Resources/Scriptable Objects/Abilities/Skills/Player Skills/Mana Elixier.asset using Guid(da45aaa68f644224bb0e14ba810edc30) Importer(2089858483,0ecaa5967403d082aa24f35e1b516d23)  -> (artifact id: 'c18b70e1e8f37cef84ac48a8a282fdcf') in 0.010083 seconds
Number of updated asset objects reloaded before import = 0
Number of asset objects unloaded after import = 21
========================================================================
Received Import Request.
  Time since last request: 0.000013 seconds.
  path: Assets/Resources/Scriptable Objects/Items/Inventory Items/Key Items/Spell Book.asset
  artifactKey: Guid(30eb872a02981a74c80955de3857bb0f) Importer(2089858483,0ecaa5967403d082aa24f35e1b516d23)
Start importing Assets/Resources/Scriptable Objects/Items/Inventory Items/Key Items/Spell Book.asset using Guid(30eb872a02981a74c80955de3857bb0f) Importer(2089858483,0ecaa5967403d082aa24f35e1b516d23)  -> (artifact id: '0ac6bae379d272c5d816549c75a407af') in 0.006564 seconds
Number of updated asset objects reloaded before import = 0
Number of asset objects unloaded after import = 3
========================================================================
Received Import Request.
  Time since last request: 0.000015 seconds.
  path: Assets/Resources/Scriptable Objects/Items/Inventory Items/Crafting Items/Wood.asset
  artifactKey: Guid(28da752bbe40ec24e96a587fbccc7715) Importer(2089858483,0ecaa5967403d082aa24f35e1b516d23)
Start importing Assets/Resources/Scriptable Objects/Items/Inventory Items/Crafting Items/Wood.asset using Guid(28da752bbe40ec24e96a587fbccc7715) Importer(2089858483,0ecaa5967403d082aa24f35e1b516d23)  -> (artifact id: 'd3eb2638c39eca964681ccfb9aae12d8') in 0.006881 seconds
Number of updated asset objects reloaded before import = 0
Number of asset objects unloaded after import = 2
========================================================================
Received Import Request.
  Time since last request: 0.000013 seconds.
  path: Assets/Resources/Animations/Object Animations/Boss Door/Opening.anim
  artifactKey: Guid(4961fe1a908cb7b40ab48f4c6722b43a) Importer(2089858483,0ecaa5967403d082aa24f35e1b516d23)
Start importing Assets/Resources/Animations/Object Animations/Boss Door/Opening.anim using Guid(4961fe1a908cb7b40ab48f4c6722b43a) Importer(2089858483,0ecaa5967403d082aa24f35e1b516d23)  -> (artifact id: '755658cbcf15aa6b1c43294bcddb72dc') in 0.043980 seconds
Number of updated asset objects reloaded before import = 0
Number of asset objects unloaded after import = 1
========================================================================
Received Import Request.
  Time since last request: 0.000010 seconds.
  path: Assets/Resources/Animations/Skill Animations/Player Skill Animations/Laser/Phaser Waiting.anim
  artifactKey: Guid(89ea1428789d39046ae1c61b17d8de08) Importer(2089858483,0ecaa5967403d082aa24f35e1b516d23)
Start importing Assets/Resources/Animations/Skill Animations/Player Skill Animations/Laser/Phaser Waiting.anim using Guid(89ea1428789d39046ae1c61b17d8de08) Importer(2089858483,0ecaa5967403d082aa24f35e1b516d23)  -> (artifact id: '6a48f7bc1757a4eb2938bc270d35150d') in 0.005642 seconds
Number of updated asset objects reloaded before import = 0
Number of asset objects unloaded after import = 1
========================================================================
Received Import Request.
  Time since last request: 0.000013 seconds.
  path: Assets/Resources/Scriptable Objects/Items/Item Stats/Crafting Items/Iron.asset
  artifactKey: Guid(146e32f12ea779445807134d09206702) Importer(2089858483,0ecaa5967403d082aa24f35e1b516d23)
Start importing Assets/Resources/Scriptable Objects/Items/Item Stats/Crafting Items/Iron.asset using Guid(146e32f12ea779445807134d09206702) Importer(2089858483,0ecaa5967403d082aa24f35e1b516d23)  -> (artifact id: 'bff97b16c3b1507469274b88c635c8f9') in 0.010448 seconds
Number of updated asset objects reloaded before import = 0
Number of asset objects unloaded after import = 3
========================================================================
Received Import Request.
  Time since last request: 0.000012 seconds.
  path: Assets/Plugins/AssetIcons/Editor/Scripts/Internal/Drawers/AssetIconAttributeDrawer.cs
  artifactKey: Guid(8c0cd6ed8e473194faf60a95b9fe775f) Importer(2089858483,0ecaa5967403d082aa24f35e1b516d23)
Start importing Assets/Plugins/AssetIcons/Editor/Scripts/Internal/Drawers/AssetIconAttributeDrawer.cs using Guid(8c0cd6ed8e473194faf60a95b9fe775f) Importer(2089858483,0ecaa5967403d082aa24f35e1b516d23)  -> (artifact id: '1b53b8ac9aaa8f5a9213635c23d615da') in 0.004528 seconds
Number of updated asset objects reloaded before import = 0
Number of asset objects unloaded after import = 1
========================================================================
Received Import Request.
  Time since last request: 0.000015 seconds.
  path: Assets/Resources/Scriptable Objects/Affections/Base/Other Only.asset
  artifactKey: Guid(8515c9abe3b3b1a4b8c54fc86c5e72f9) Importer(2089858483,0ecaa5967403d082aa24f35e1b516d23)
Start importing Assets/Resources/Scriptable Objects/Affections/Base/Other Only.asset using Guid(8515c9abe3b3b1a4b8c54fc86c5e72f9) Importer(2089858483,0ecaa5967403d082aa24f35e1b516d23)  -> (artifact id: 'c90e96e14df712f50c4fe9982b1461ad') in 0.004443 seconds
Number of updated asset objects reloaded before import = 0
Number of asset objects unloaded after import = 1
========================================================================
Received Import Request.
  Time since last request: 0.000013 seconds.
  path: Assets/Plugins/AssetIcons/Editor/Scripts/Internal/Drawing/AssetDrawer.cs
  artifactKey: Guid(526dac198b3ab934bbe6f833a6871e38) Importer(2089858483,0ecaa5967403d082aa24f35e1b516d23)
Start importing Assets/Plugins/AssetIcons/Editor/Scripts/Internal/Drawing/AssetDrawer.cs using Guid(526dac198b3ab934bbe6f833a6871e38) Importer(2089858483,0ecaa5967403d082aa24f35e1b516d23)  -> (artifact id: 'c3582feda5c2c9d7e9cde72a6e173d18') in 0.004481 seconds
Number of updated asset objects reloaded before import = 0
Number of asset objects unloaded after import = 1
========================================================================
Received Import Request.
  Time since last request: 0.000016 seconds.
  path: Assets/Resources/Scriptable Objects/Items/Item Drops/Crafting Items/Silver.asset
  artifactKey: Guid(92ef6a175b955cf47accd04d77e09b97) Importer(2089858483,0ecaa5967403d082aa24f35e1b516d23)
Start importing Assets/Resources/Scriptable Objects/Items/Item Drops/Crafting Items/Silver.asset using Guid(92ef6a175b955cf47accd04d77e09b97) Importer(2089858483,0ecaa5967403d082aa24f35e1b516d23)  -> (artifact id: '7d00230f060d53f367e252175006ba1c') in 0.008440 seconds
Number of updated asset objects reloaded before import = 0
Number of asset objects unloaded after import = 27
========================================================================
Received Import Request.
  Time since last request: 0.000027 seconds.
  path: Assets/Resources/Scriptable Objects/Items/Item Stats/Crafting Items/Gold.asset
  artifactKey: Guid(4c4482314722d0a43b45a2a6d26deabb) Importer(2089858483,0ecaa5967403d082aa24f35e1b516d23)
Start importing Assets/Resources/Scriptable Objects/Items/Item Stats/Crafting Items/Gold.asset using Guid(4c4482314722d0a43b45a2a6d26deabb) Importer(2089858483,0ecaa5967403d082aa24f35e1b516d23)  -> (artifact id: '246809055867a03e85308598d3166794') in 0.005092 seconds
Number of updated asset objects reloaded before import = 0
Number of asset objects unloaded after import = 3
========================================================================
Received Import Request.
  Time since last request: 0.000012 seconds.
  path: Assets/Plugins/AssetIcons/Editor/Scripts/Internal/Product/AssetIconsPreferencesMenu.cs
  artifactKey: Guid(aa1e955a726def14395543018fb8df1e) Importer(2089858483,0ecaa5967403d082aa24f35e1b516d23)
Start importing Assets/Plugins/AssetIcons/Editor/Scripts/Internal/Product/AssetIconsPreferencesMenu.cs using Guid(aa1e955a726def14395543018fb8df1e) Importer(2089858483,0ecaa5967403d082aa24f35e1b516d23)  -> (artifact id: 'dca6a2260bf19ac38db06da41e3a3f5f') in 0.005084 seconds
Number of updated asset objects reloaded before import = 0
Number of asset objects unloaded after import = 1
========================================================================
Received Import Request.
  Time since last request: 0.000013 seconds.
  path: Assets/Resources/Scriptable Objects/Items/Item Stats/Abilities/Mana Elixier.asset
  artifactKey: Guid(3d575d0e27a7d1f4d97cea4f3efbc5b0) Importer(2089858483,0ecaa5967403d082aa24f35e1b516d23)
Start importing Assets/Resources/Scriptable Objects/Items/Item Stats/Abilities/Mana Elixier.asset using Guid(3d575d0e27a7d1f4d97cea4f3efbc5b0) Importer(2089858483,0ecaa5967403d082aa24f35e1b516d23)  -> (artifact id: 'c1edae9745bebaf6c808f67c2a99d1aa') in 0.006146 seconds
Number of updated asset objects reloaded before import = 0
Number of asset objects unloaded after import = 23
========================================================================
Received Import Request.
  Time since last request: 0.000011 seconds.
  path: Assets/Resources/Scriptable Objects/Items/Item Stats/Crafting Items/Water.asset
  artifactKey: Guid(baf1c9b94f500e9419ff495671d3aae6) Importer(2089858483,0ecaa5967403d082aa24f35e1b516d23)
Start importing Assets/Resources/Scriptable Objects/Items/Item Stats/Crafting Items/Water.asset using Guid(baf1c9b94f500e9419ff495671d3aae6) Importer(2089858483,0ecaa5967403d082aa24f35e1b516d23)  -> (artifact id: '81885c79cdbf77794f3c663d1cd8cadc') in 0.005433 seconds
Number of updated asset objects reloaded before import = 0
Number of asset objects unloaded after import = 3
========================================================================
Received Import Request.
  Time since last request: 0.000013 seconds.
  path: Assets/Plugins/AssetIcons/Editor/Scripts/Internal/Drawing/AssetIconTools.cs
  artifactKey: Guid(bda9557b47fcf8148aec437b777aa946) Importer(2089858483,0ecaa5967403d082aa24f35e1b516d23)
Start importing Assets/Plugins/AssetIcons/Editor/Scripts/Internal/Drawing/AssetIconTools.cs using Guid(bda9557b47fcf8148aec437b777aa946) Importer(2089858483,0ecaa5967403d082aa24f35e1b516d23)  -> (artifact id: 'ea070023665b5a3d9f2f77e88cffc4f2') in 0.004082 seconds
Number of updated asset objects reloaded before import = 0
Number of asset objects unloaded after import = 1
========================================================================
Received Import Request.
  Time since last request: 0.000011 seconds.
  path: Assets/Resources/Scriptable Objects/Items/Item Drops/Consumables/God Mode.asset
  artifactKey: Guid(b015ccb084048d844b8200cebbfcae93) Importer(2089858483,0ecaa5967403d082aa24f35e1b516d23)
Start importing Assets/Resources/Scriptable Objects/Items/Item Drops/Consumables/God Mode.asset using Guid(b015ccb084048d844b8200cebbfcae93) Importer(2089858483,0ecaa5967403d082aa24f35e1b516d23)  -> (artifact id: '27a8a78d254da7be81e56880ceb5e961') in 0.010515 seconds
Number of updated asset objects reloaded before import = 0
Number of asset objects unloaded after import = 36
========================================================================
Received Import Request.
  Time since last request: 0.000011 seconds.
  path: Assets/Resources/Scriptable Objects/Items/Item Stats/Abilities/Gegengift.asset
  artifactKey: Guid(750611938964db346b3ed840a649698d) Importer(2089858483,0ecaa5967403d082aa24f35e1b516d23)
Start importing Assets/Resources/Scriptable Objects/Items/Item Stats/Abilities/Gegengift.asset using Guid(750611938964db346b3ed840a649698d) Importer(2089858483,0ecaa5967403d082aa24f35e1b516d23)  -> (artifact id: '5808980952f3d13a78ce0563e474c67c') in 0.005929 seconds
Number of updated asset objects reloaded before import = 0
Number of asset objects unloaded after import = 22
========================================================================
Received Import Request.
  Time since last request: 0.000011 seconds.
  path: Assets/Plugins/AssetIcons/Editor/Scripts/Internal/Product/AssetIconDocumentationOpener.cs
  artifactKey: Guid(4bc8cda3822490c42a368f040d2ef630) Importer(2089858483,0ecaa5967403d082aa24f35e1b516d23)
Start importing Assets/Plugins/AssetIcons/Editor/Scripts/Internal/Product/AssetIconDocumentationOpener.cs using Guid(4bc8cda3822490c42a368f040d2ef630) Importer(2089858483,0ecaa5967403d082aa24f35e1b516d23)  -> (artifact id: 'f29e1c8fd6085e204acd31c4bb53f0d9') in 0.004972 seconds
Number of updated asset objects reloaded before import = 0
Number of asset objects unloaded after import = 1
========================================================================
Received Import Request.
  Time since last request: 0.000011 seconds.
  path: Assets/Resources/Scriptable Objects/Items/Item Stats/Abilities/Bogen.asset
  artifactKey: Guid(841eda4f2beb64944966f34b112cb0d7) Importer(2089858483,0ecaa5967403d082aa24f35e1b516d23)
Start importing Assets/Resources/Scriptable Objects/Items/Item Stats/Abilities/Bogen.asset using Guid(841eda4f2beb64944966f34b112cb0d7) Importer(2089858483,0ecaa5967403d082aa24f35e1b516d23)  -> (artifact id: '675411d3d98ef66fbd832678b30ab1f1') in 0.008418 seconds
Number of updated asset objects reloaded before import = 0
Number of asset objects unloaded after import = 45
========================================================================
Received Import Request.
  Time since last request: 0.000011 seconds.
  path: Assets/Plugins/AssetIcons/Editor/Scripts/Internal/Expresser/ExpressionSyntax.cs
  artifactKey: Guid(7f968ab3be6d7ed4385446bf1ad76f48) Importer(2089858483,0ecaa5967403d082aa24f35e1b516d23)
Start importing Assets/Plugins/AssetIcons/Editor/Scripts/Internal/Expresser/ExpressionSyntax.cs using Guid(7f968ab3be6d7ed4385446bf1ad76f48) Importer(2089858483,0ecaa5967403d082aa24f35e1b516d23)  -> (artifact id: '7372bce21172f09f8e124d772b61e1d1') in 0.005065 seconds
Number of updated asset objects reloaded before import = 0
Number of asset objects unloaded after import = 1
========================================================================
Received Import Request.
  Time since last request: 0.000011 seconds.
  path: Assets/Resources/Scriptable Objects/Items/Item Drops/Key Items/Elder Stone Boss.asset
  artifactKey: Guid(35a1f644952579443a83bbe22052120f) Importer(2089858483,0ecaa5967403d082aa24f35e1b516d23)
Start importing Assets/Resources/Scriptable Objects/Items/Item Drops/Key Items/Elder Stone Boss.asset using Guid(35a1f644952579443a83bbe22052120f) Importer(2089858483,0ecaa5967403d082aa24f35e1b516d23)  -> (artifact id: '63b0d996d8c01a18e3af80bf44f2092f') in 0.009256 seconds
Number of updated asset objects reloaded before import = 0
Number of asset objects unloaded after import = 45
========================================================================
Received Import Request.
  Time since last request: 0.000011 seconds.
  path: Assets/Resources/Scriptable Objects/Items/Item Stats/Abilities/Hitzeblitz.asset
  artifactKey: Guid(0d1a2daa8e2eb8949aecaf3dcb6d7255) Importer(2089858483,0ecaa5967403d082aa24f35e1b516d23)
Start importing Assets/Resources/Scriptable Objects/Items/Item Stats/Abilities/Hitzeblitz.asset using Guid(0d1a2daa8e2eb8949aecaf3dcb6d7255) Importer(2089858483,0ecaa5967403d082aa24f35e1b516d23)  -> (artifact id: '4e77b7cc03b2c8ab9c7c89befe0baf2a') in 0.012409 seconds
Number of updated asset objects reloaded before import = 0
Number of asset objects unloaded after import = 50
========================================================================
Received Import Request.
  Time since last request: 0.000011 seconds.
  path: Assets/Resources/Scriptable Objects/Items/Item Drops/Key Items/Amulette.asset
  artifactKey: Guid(8a02ed051a2046248a1a09ac3c397667) Importer(2089858483,0ecaa5967403d082aa24f35e1b516d23)
Start importing Assets/Resources/Scriptable Objects/Items/Item Drops/Key Items/Amulette.asset using Guid(8a02ed051a2046248a1a09ac3c397667) Importer(2089858483,0ecaa5967403d082aa24f35e1b516d23)  -> (artifact id: 'efcab43a60aa29fda46ea2c82eaee178') in 0.011711 seconds
Number of updated asset objects reloaded before import = 0
Number of asset objects unloaded after import = 38
========================================================================
Received Import Request.
  Time since last request: 0.000011 seconds.
  path: Assets/Plugins/AssetIcons/Editor/Scripts/Internal/Drawers/IconMappingDrawer.cs
  artifactKey: Guid(f4020cb87d721e541ad18e3526709a2c) Importer(2089858483,0ecaa5967403d082aa24f35e1b516d23)
Start importing Assets/Plugins/AssetIcons/Editor/Scripts/Internal/Drawers/IconMappingDrawer.cs using Guid(f4020cb87d721e541ad18e3526709a2c) Importer(2089858483,0ecaa5967403d082aa24f35e1b516d23)  -> (artifact id: '4c38e0a87f608e8e8eb63f428772499b') in 0.004173 seconds
Number of updated asset objects reloaded before import = 0
Number of asset objects unloaded after import = 1
========================================================================
Received Import Request.
  Time since last request: 0.000012 seconds.
  path: Assets/Resources/Scriptable Objects/Items/Item Stats/Inventory Items/Arrows.asset
  artifactKey: Guid(fa9d7ec8183e41345babd842fbfb2c36) Importer(2089858483,0ecaa5967403d082aa24f35e1b516d23)
Start importing Assets/Resources/Scriptable Objects/Items/Item Stats/Inventory Items/Arrows.asset using Guid(fa9d7ec8183e41345babd842fbfb2c36) Importer(2089858483,0ecaa5967403d082aa24f35e1b516d23)  -> (artifact id: 'ddf673cbd95ee0b6c67cb7aa75ce0d53') in 0.005372 seconds
Number of updated asset objects reloaded before import = 0
Number of asset objects unloaded after import = 4
========================================================================
Received Import Request.
  Time since last request: 0.000013 seconds.
  path: Assets/Resources/Scriptable Objects/Items/Item Stats/Crafting Items/Water Elemental.asset
  artifactKey: Guid(cb3fc5c507fbb3b41a179ff44cfb5e85) Importer(2089858483,0ecaa5967403d082aa24f35e1b516d23)
Start importing Assets/Resources/Scriptable Objects/Items/Item Stats/Crafting Items/Water Elemental.asset using Guid(cb3fc5c507fbb3b41a179ff44cfb5e85) Importer(2089858483,0ecaa5967403d082aa24f35e1b516d23)  -> (artifact id: 'f441c9429d1eb8517966354ebf9b3682') in 0.005779 seconds
Number of updated asset objects reloaded before import = 0
Number of asset objects unloaded after import = 3
========================================================================
Received Import Request.
  Time since last request: 0.000021 seconds.
  path: Assets/Resources/Scriptable Objects/Items/Item Stats/Abilities/Flammenwerfer.asset
  artifactKey: Guid(71b55d40c510c0b4dbeacff2a0effc0d) Importer(2089858483,0ecaa5967403d082aa24f35e1b516d23)
Start importing Assets/Resources/Scriptable Objects/Items/Item Stats/Abilities/Flammenwerfer.asset using Guid(71b55d40c510c0b4dbeacff2a0effc0d) Importer(2089858483,0ecaa5967403d082aa24f35e1b516d23)  -> (artifact id: '499bc017f58b1836476dfd327116035f') in 0.008631 seconds
Number of updated asset objects reloaded before import = 0
Number of asset objects unloaded after import = 53
========================================================================
Received Import Request.
  Time since last request: 0.000011 seconds.
  path: Assets/Resources/Scriptable Objects/Items/Item Drops/Crafting Items/Wood.asset
  artifactKey: Guid(004981ad1c8e8084583ebbf07fe98ffd) Importer(2089858483,0ecaa5967403d082aa24f35e1b516d23)
Start importing Assets/Resources/Scriptable Objects/Items/Item Drops/Crafting Items/Wood.asset using Guid(004981ad1c8e8084583ebbf07fe98ffd) Importer(2089858483,0ecaa5967403d082aa24f35e1b516d23)  -> (artifact id: '5d18f87b3bff7b0da052f8f639a1ff5b') in 0.030997 seconds
Number of updated asset objects reloaded before import = 0
Number of asset objects unloaded after import = 27
========================================================================
Received Import Request.
  Time since last request: 0.000013 seconds.
  path: Assets/Resources/Scriptable Objects/Items/Item Drops/Crafting Items/Thunder Elemental.asset
  artifactKey: Guid(d876820d8ea4e714baa9268104914b01) Importer(2089858483,0ecaa5967403d082aa24f35e1b516d23)
Start importing Assets/Resources/Scriptable Objects/Items/Item Drops/Crafting Items/Thunder Elemental.asset using Guid(d876820d8ea4e714baa9268104914b01) Importer(2089858483,0ecaa5967403d082aa24f35e1b516d23)  -> (artifact id: '74a339e5b2775743319c08a211c23bf5') in 0.009080 seconds
Number of updated asset objects reloaded before import = 0
Number of asset objects unloaded after import = 39
========================================================================
Received Import Request.
  Time since last request: 0.000012 seconds.
  path: Assets/Resources/Scriptable Objects/Items/Item Drops/Inventory Items/Mana Potion.asset
  artifactKey: Guid(a26a444fd649be44aa73e836f84deb4c) Importer(2089858483,0ecaa5967403d082aa24f35e1b516d23)
Start importing Assets/Resources/Scriptable Objects/Items/Item Drops/Inventory Items/Mana Potion.asset using Guid(a26a444fd649be44aa73e836f84deb4c) Importer(2089858483,0ecaa5967403d082aa24f35e1b516d23)  -> (artifact id: '8509b1e3312d958b1f21d86d78fe7923') in 0.010991 seconds
Number of updated asset objects reloaded before import = 0
Number of asset objects unloaded after import = 50
========================================================================
Received Import Request.
  Time since last request: 0.000010 seconds.
  path: Assets/Resources/Scriptable Objects/Items/Item Drops/Key Items/Elder Stone Secret.asset
  artifactKey: Guid(e90fa393dc256f04483a7da726070cae) Importer(2089858483,0ecaa5967403d082aa24f35e1b516d23)
Start importing Assets/Resources/Scriptable Objects/Items/Item Drops/Key Items/Elder Stone Secret.asset using Guid(e90fa393dc256f04483a7da726070cae) Importer(2089858483,0ecaa5967403d082aa24f35e1b516d23)  -> (artifact id: '66d8bd24ca008e4a463b9663ce6f7c65') in 0.010807 seconds
Number of updated asset objects reloaded before import = 0
Number of asset objects unloaded after import = 45
========================================================================
Received Import Request.
  Time since last request: 0.000013 seconds.
  path: Assets/Resources/Scriptable Objects/Items/Item Stats/Crafting Items/Silver.asset
  artifactKey: Guid(8d368e02f726242499fe5b39caf94235) Importer(2089858483,0ecaa5967403d082aa24f35e1b516d23)
Start importing Assets/Resources/Scriptable Objects/Items/Item Stats/Crafting Items/Silver.asset using Guid(8d368e02f726242499fe5b39caf94235) Importer(2089858483,0ecaa5967403d082aa24f35e1b516d23)  -> (artifact id: 'f7c0e1ae86a8bd638d511becfc2dbb2b') in 0.004738 seconds
Number of updated asset objects reloaded before import = 0
Number of asset objects unloaded after import = 3
========================================================================
Received Import Request.
  Time since last request: 0.000010 seconds.
  path: Assets/Resources/Scriptable Objects/Items/Item Stats/Key Items/Titanias Treasure.asset
  artifactKey: Guid(cca5405231b587442a8fe2d954009f92) Importer(2089858483,0ecaa5967403d082aa24f35e1b516d23)
Start importing Assets/Resources/Scriptable Objects/Items/Item Stats/Key Items/Titanias Treasure.asset using Guid(cca5405231b587442a8fe2d954009f92) Importer(2089858483,0ecaa5967403d082aa24f35e1b516d23)  -> (artifact id: '5d65689223ebfbfb291d5cb795bd8499') in 0.005858 seconds
Number of updated asset objects reloaded before import = 0
Number of asset objects unloaded after import = 3
========================================================================
Received Import Request.
  Time since last request: 0.000012 seconds.
  path: Assets/Resources/Scriptable Objects/Items/Item Drops/Crafting Items/Light Elemental.asset
  artifactKey: Guid(e1558438cb742ce43a0789e09fc9ea9a) Importer(2089858483,0ecaa5967403d082aa24f35e1b516d23)
Start importing Assets/Resources/Scriptable Objects/Items/Item Drops/Crafting Items/Light Elemental.asset using Guid(e1558438cb742ce43a0789e09fc9ea9a) Importer(2089858483,0ecaa5967403d082aa24f35e1b516d23)  -> (artifact id: 'ad633cffd12edcb32bc3bf82c4f437e2') in 0.009367 seconds
Number of updated asset objects reloaded before import = 0
Number of asset objects unloaded after import = 39
========================================================================
Received Import Request.
  Time since last request: 0.000020 seconds.
  path: Assets/Resources/Scriptable Objects/Items/Item Stats/Abilities/Temporäre Stase.asset
  artifactKey: Guid(fd53098ccc89e4043b9d041df16a1fb3) Importer(2089858483,0ecaa5967403d082aa24f35e1b516d23)
Start importing Assets/Resources/Scriptable Objects/Items/Item Stats/Abilities/Temporäre Stase.asset using Guid(fd53098ccc89e4043b9d041df16a1fb3) Importer(2089858483,0ecaa5967403d082aa24f35e1b516d23)  -> (artifact id: 'eeb4b18d8d3efe982db6b423ec36be71') in 0.013773 seconds
Number of updated asset objects reloaded before import = 0
Number of asset objects unloaded after import = 59
========================================================================
Received Import Request.
  Time since last request: 0.000011 seconds.
  path: Assets/Resources/Scriptable Objects/Items/Item Stats/Abilities/Bombe.asset
  artifactKey: Guid(bae5711dac1097a4abb175e6704794e2) Importer(2089858483,0ecaa5967403d082aa24f35e1b516d23)
Start importing Assets/Resources/Scriptable Objects/Items/Item Stats/Abilities/Bombe.asset using Guid(bae5711dac1097a4abb175e6704794e2) Importer(2089858483,0ecaa5967403d082aa24f35e1b516d23)  -> (artifact id: '122f2d9a68a3b56c1be9ffc8925f43d4') in 0.007862 seconds
Number of updated asset objects reloaded before import = 0
Number of asset objects unloaded after import = 37
========================================================================
Received Import Request.
  Time since last request: 0.000012 seconds.
  path: Assets/Resources/Scriptable Objects/Items/Item Stats/Abilities/Windklinge.asset
  artifactKey: Guid(6fe98db30a8614f44b13ca0376fe17c2) Importer(2089858483,0ecaa5967403d082aa24f35e1b516d23)
Start importing Assets/Resources/Scriptable Objects/Items/Item Stats/Abilities/Windklinge.asset using Guid(6fe98db30a8614f44b13ca0376fe17c2) Importer(2089858483,0ecaa5967403d082aa24f35e1b516d23)  -> (artifact id: '07c6b47bccca6197fed95d79ef0a9ad2') in 0.013621 seconds
Number of updated asset objects reloaded before import = 0
Number of asset objects unloaded after import = 55
========================================================================
Received Import Request.
  Time since last request: 0.000016 seconds.
  path: Assets/Resources/Scriptable Objects/Items/Item Stats/Key Items/Amulette.asset
  artifactKey: Guid(f5f1d8fb7036306438726fe584720f82) Importer(2089858483,0ecaa5967403d082aa24f35e1b516d23)
Start importing Assets/Resources/Scriptable Objects/Items/Item Stats/Key Items/Amulette.asset using Guid(f5f1d8fb7036306438726fe584720f82) Importer(2089858483,0ecaa5967403d082aa24f35e1b516d23)  -> (artifact id: 'e1541687ca6f1d3e2d92c3622e8f9191') in 0.005547 seconds
Number of updated asset objects reloaded before import = 0
Number of asset objects unloaded after import = 5
========================================================================
Received Import Request.
  Time since last request: 0.000019 seconds.
  path: Assets/Resources/Scriptable Objects/Items/Item Stats/Inventory Items/Time Shard.asset
  artifactKey: Guid(35726623dab1f764d8724619f2232395) Importer(2089858483,0ecaa5967403d082aa24f35e1b516d23)
Start importing Assets/Resources/Scriptable Objects/Items/Item Stats/Inventory Items/Time Shard.asset using Guid(35726623dab1f764d8724619f2232395) Importer(2089858483,0ecaa5967403d082aa24f35e1b516d23)  -> (artifact id: '2b43421008add74200d988c95b703cad') in 0.014207 seconds
Number of updated asset objects reloaded before import = 0
Number of asset objects unloaded after import = 58
========================================================================
Received Import Request.
  Time since last request: 0.000010 seconds.
  path: Assets/Resources/Scriptable Objects/Items/Item Drops/Key Items/Spell Book.asset
  artifactKey: Guid(3076ade7fa2387c449d7bc0945ec8be8) Importer(2089858483,0ecaa5967403d082aa24f35e1b516d23)
Start importing Assets/Resources/Scriptable Objects/Items/Item Drops/Key Items/Spell Book.asset using Guid(3076ade7fa2387c449d7bc0945ec8be8) Importer(2089858483,0ecaa5967403d082aa24f35e1b516d23)  -> (artifact id: '98ffb4986b11155d50d1fcbadfae0185') in 0.009240 seconds
Number of updated asset objects reloaded before import = 0
Number of asset objects unloaded after import = 38
========================================================================
Received Import Request.
  Time since last request: 0.000015 seconds.
  path: Assets/Resources/Scriptable Objects/Items/Item Drops/Key Items/Elder Stone MiniGame.asset
  artifactKey: Guid(54555e2fc65998442adc7cb4110101ce) Importer(2089858483,0ecaa5967403d082aa24f35e1b516d23)
Start importing Assets/Resources/Scriptable Objects/Items/Item Drops/Key Items/Elder Stone MiniGame.asset using Guid(54555e2fc65998442adc7cb4110101ce) Importer(2089858483,0ecaa5967403d082aa24f35e1b516d23)  -> (artifact id: 'bfe1abe29552a4ac3808056a6c86ec63') in 0.010103 seconds
Number of updated asset objects reloaded before import = 0
Number of asset objects unloaded after import = 45
========================================================================
Received Import Request.
  Time since last request: 0.000011 seconds.
  path: Assets/Resources/Scriptable Objects/Items/Item Drops/Abilities/Beschwörung Sentinel.asset
  artifactKey: Guid(5d578cbdc43f96f419272f08a59094b5) Importer(2089858483,0ecaa5967403d082aa24f35e1b516d23)
Start importing Assets/Resources/Scriptable Objects/Items/Item Drops/Abilities/Beschwörung Sentinel.asset using Guid(5d578cbdc43f96f419272f08a59094b5) Importer(2089858483,0ecaa5967403d082aa24f35e1b516d23)  -> (artifact id: '3c007243baf52c0a48e254d0bc57f7af') in 0.014070 seconds
Number of updated asset objects reloaded before import = 0
Number of asset objects unloaded after import = 92
========================================================================
Received Import Request.
  Time since last request: 0.000012 seconds.
  path: Assets/Resources/Art/UI/Menues.png
  artifactKey: Guid(ecfa44f3b97014343ac7726b7e4b73ef) Importer(2089858483,0ecaa5967403d082aa24f35e1b516d23)
Start importing Assets/Resources/Art/UI/Menues.png using Guid(ecfa44f3b97014343ac7726b7e4b73ef) Importer(2089858483,0ecaa5967403d082aa24f35e1b516d23)  -> (artifact id: '506761adea76de9775276d2d28974b92') in 0.343903 seconds
Number of updated asset objects reloaded before import = 0
Number of asset objects unloaded after import = 171
========================================================================
Received Import Request.
  Time since last request: 0.000013 seconds.
  path: Assets/Plugins/Photon/PhotonUnityNetworking/Demos/DemoAsteroids/Models/Spaceship.fbx
  artifactKey: Guid(65e16ec6a1570944a980e4988e715ae6) Importer(2089858483,0ecaa5967403d082aa24f35e1b516d23)
Start importing Assets/Plugins/Photon/PhotonUnityNetworking/Demos/DemoAsteroids/Models/Spaceship.fbx using Guid(65e16ec6a1570944a980e4988e715ae6) Importer(2089858483,0ecaa5967403d082aa24f35e1b516d23)  -> (artifact id: 'f4124723b7c01d2fb3341e1229681188') in 0.135398 seconds
Number of updated asset objects reloaded before import = 0
Number of asset objects unloaded after import = 9
========================================================================
Received Import Request.
  Time since last request: 0.000018 seconds.
  path: Assets/Plugins/Gabriel Pereira/Events 2.0 for Unity/Scripts/Editor/UI/Button2Editor.cs
  artifactKey: Guid(c75575671bf169044b977e63e5488ce9) Importer(2089858483,0ecaa5967403d082aa24f35e1b516d23)
Start importing Assets/Plugins/Gabriel Pereira/Events 2.0 for Unity/Scripts/Editor/UI/Button2Editor.cs using Guid(c75575671bf169044b977e63e5488ce9) Importer(2089858483,0ecaa5967403d082aa24f35e1b516d23)  -> (artifact id: '4a82fdcad88d9a8d19eeed9c331c3199') in 0.004164 seconds
Number of updated asset objects reloaded before import = 0
Number of asset objects unloaded after import = 1
========================================================================
Received Import Request.
  Time since last request: 0.000011 seconds.
  path: Assets/Plugins/Gabriel Pereira/Events 2.0 for Unity/Scripts/Editor/UI/Toggle2Editor.cs
  artifactKey: Guid(778cc85303f510445b646680cd8d74ca) Importer(2089858483,0ecaa5967403d082aa24f35e1b516d23)
Start importing Assets/Plugins/Gabriel Pereira/Events 2.0 for Unity/Scripts/Editor/UI/Toggle2Editor.cs using Guid(778cc85303f510445b646680cd8d74ca) Importer(2089858483,0ecaa5967403d082aa24f35e1b516d23)  -> (artifact id: 'c286d7693819f2c157816ba53911ce9a') in 0.003919 seconds
Number of updated asset objects reloaded before import = 0
Number of asset objects unloaded after import = 1
========================================================================
Received Import Request.
  Time since last request: 0.000010 seconds.
  path: Assets/Plugins/Photon/PhotonUnityNetworking/Code/Editor/Views/PhotonTransformViewEditor.cs
  artifactKey: Guid(a8c9ec475ad103b43b901d942ff66e02) Importer(2089858483,0ecaa5967403d082aa24f35e1b516d23)
Start importing Assets/Plugins/Photon/PhotonUnityNetworking/Code/Editor/Views/PhotonTransformViewEditor.cs using Guid(a8c9ec475ad103b43b901d942ff66e02) Importer(2089858483,0ecaa5967403d082aa24f35e1b516d23)  -> (artifact id: '053d9c6d9f268a6188efd8624953e850') in 0.004806 seconds
Number of updated asset objects reloaded before import = 0
Number of asset objects unloaded after import = 1
========================================================================
Received Import Request.
  Time since last request: 0.000011 seconds.
  path: Assets/Plugins/Gabriel Pereira/Events 2.0 for Unity/Scripts/Editor/UI/Slider2Editor.cs
  artifactKey: Guid(939d848a4c742b742a01bf3e9b2e9b36) Importer(2089858483,0ecaa5967403d082aa24f35e1b516d23)
Start importing Assets/Plugins/Gabriel Pereira/Events 2.0 for Unity/Scripts/Editor/UI/Slider2Editor.cs using Guid(939d848a4c742b742a01bf3e9b2e9b36) Importer(2089858483,0ecaa5967403d082aa24f35e1b516d23)  -> (artifact id: '05b094561f90011d2f631974b94384e1') in 0.003782 seconds
Number of updated asset objects reloaded before import = 0
Number of asset objects unloaded after import = 1
========================================================================
Received Import Request.
  Time since last request: 0.000065 seconds.
  path: Assets/Plugins/Gabriel Pereira/Events 2.0 for Unity/Scripts/Editor/UI/Scrollbar2Editor.cs
  artifactKey: Guid(7715f55de94772a4aac901a296758574) Importer(2089858483,0ecaa5967403d082aa24f35e1b516d23)
Start importing Assets/Plugins/Gabriel Pereira/Events 2.0 for Unity/Scripts/Editor/UI/Scrollbar2Editor.cs using Guid(7715f55de94772a4aac901a296758574) Importer(2089858483,0ecaa5967403d082aa24f35e1b516d23)  -> (artifact id: '311659ea485e1f9a1d12859413caac44') in 0.003897 seconds
Number of updated asset objects reloaded before import = 0
Number of asset objects unloaded after import = 1
========================================================================
Received Import Request.
  Time since last request: 0.000010 seconds.
  path: Assets/Plugins/Photon/PhotonUnityNetworking/Demos/Shared Assets/Materials/UnitCircleTexture.mat
  artifactKey: Guid(80114bc117609cd4e9c988f8692e7a68) Importer(2089858483,0ecaa5967403d082aa24f35e1b516d23)
Start importing Assets/Plugins/Photon/PhotonUnityNetworking/Demos/Shared Assets/Materials/UnitCircleTexture.mat using Guid(80114bc117609cd4e9c988f8692e7a68) Importer(2089858483,0ecaa5967403d082aa24f35e1b516d23)  -> (artifact id: '2baf4e69e00ddc8d9a17686cdffbaac6') in 0.077692 seconds
Number of updated asset objects reloaded before import = 0
Number of asset objects unloaded after import = 2
========================================================================
Received Import Request.
  Time since last request: 0.000011 seconds.
  path: Assets/Plugins/Photon/PhotonUnityNetworking/Code/Editor/ReordableList/ReorderableListResources.cs
  artifactKey: Guid(60c609ded101b0a468fb5cf27b31cf27) Importer(2089858483,0ecaa5967403d082aa24f35e1b516d23)
Start importing Assets/Plugins/Photon/PhotonUnityNetworking/Code/Editor/ReordableList/ReorderableListResources.cs using Guid(60c609ded101b0a468fb5cf27b31cf27) Importer(2089858483,0ecaa5967403d082aa24f35e1b516d23)  -> (artifact id: '5ab2184b5879919f9983b9f9c6e36b8b') in 0.004835 seconds
Number of updated asset objects reloaded before import = 0
Number of asset objects unloaded after import = 1
========================================================================
Received Import Request.
  Time since last request: 0.000011 seconds.
  path: Assets/Plugins/Photon/PhotonUnityNetworking/Demos/PunBasics-Tutorial/Scenes/PunBasics-Room for 4.unity
  artifactKey: Guid(e7a7f9734636d415ca84ef3aaf7680f6) Importer(2089858483,0ecaa5967403d082aa24f35e1b516d23)
Start importing Assets/Plugins/Photon/PhotonUnityNetworking/Demos/PunBasics-Tutorial/Scenes/PunBasics-Room for 4.unity using Guid(e7a7f9734636d415ca84ef3aaf7680f6) Importer(2089858483,0ecaa5967403d082aa24f35e1b516d23)  -> (artifact id: '56f55343e573e2f692d906e5176f40f0') in 0.003338 seconds
Number of updated asset objects reloaded before import = 0
Number of asset objects unloaded after import = 1
========================================================================
Received Import Request.
  Time since last request: 0.000010 seconds.
  path: Assets/Plugins/Photon/PhotonUnityNetworking/Demos/DemoAsteroids/Scripts/AsteroidsGame.cs
  artifactKey: Guid(a3a5d301bebde6547b43d377600a3e57) Importer(2089858483,0ecaa5967403d082aa24f35e1b516d23)
Start importing Assets/Plugins/Photon/PhotonUnityNetworking/Demos/DemoAsteroids/Scripts/AsteroidsGame.cs using Guid(a3a5d301bebde6547b43d377600a3e57) Importer(2089858483,0ecaa5967403d082aa24f35e1b516d23)  -> (artifact id: '07ccf634b2ac965afa17842a0c084959') in 0.003950 seconds
Number of updated asset objects reloaded before import = 0
Number of asset objects unloaded after import = 1
========================================================================
Received Import Request.
  Time since last request: 0.000010 seconds.
  path: Assets/Plugins/Photon/PhotonUnityNetworking/Demos/PunCockpit/Forms/LoadLevelUIForm.cs
  artifactKey: Guid(f833cfc95509a49658fedf2e4cdc3a62) Importer(2089858483,0ecaa5967403d082aa24f35e1b516d23)
Start importing Assets/Plugins/Photon/PhotonUnityNetworking/Demos/PunCockpit/Forms/LoadLevelUIForm.cs using Guid(f833cfc95509a49658fedf2e4cdc3a62) Importer(2089858483,0ecaa5967403d082aa24f35e1b516d23)  -> (artifact id: 'b6761db3a842cc4282ce015b8c2e5f8a') in 0.004196 seconds
Number of updated asset objects reloaded before import = 0
Number of asset objects unloaded after import = 1
========================================================================
Received Import Request.
  Time since last request: 0.000011 seconds.
  path: Assets/Plugins/Photon/PhotonUnityNetworking/Demos/PunBasics-Tutorial/Prefabs/Player UI.prefab
  artifactKey: Guid(e41946a981c3b444a84d15eb7c608ca4) Importer(2089858483,0ecaa5967403d082aa24f35e1b516d23)
Start importing Assets/Plugins/Photon/PhotonUnityNetworking/Demos/PunBasics-Tutorial/Prefabs/Player UI.prefab using Guid(e41946a981c3b444a84d15eb7c608ca4) Importer(2089858483,0ecaa5967403d082aa24f35e1b516d23)  -> (artifact id: '8004dbeaedc0070a0d0dc4f36e80ebfb') in 0.080692 seconds
Number of updated asset objects reloaded before import = 0
Number of asset objects unloaded after import = 28
========================================================================
Received Import Request.
  Time since last request: 0.000013 seconds.
  path: Assets/Plugins/Photon/PhotonUnityNetworking/Demos/PunBasics-Tutorial/Scenes/PunBasics-Launcher.unity
  artifactKey: Guid(bff77b01b50254edbb6edeeaba5ae8b3) Importer(2089858483,0ecaa5967403d082aa24f35e1b516d23)
Start importing Assets/Plugins/Photon/PhotonUnityNetworking/Demos/PunBasics-Tutorial/Scenes/PunBasics-Launcher.unity using Guid(bff77b01b50254edbb6edeeaba5ae8b3) Importer(2089858483,0ecaa5967403d082aa24f35e1b516d23)  -> (artifact id: 'b272f5164ac813d5fdd589df7e3f63a6') in 0.002976 seconds
Number of updated asset objects reloaded before import = 0
Number of asset objects unloaded after import = 1
========================================================================
Received Import Request.
  Time since last request: 0.000017 seconds.
  path: Assets/Plugins/AssetIcons/Editor/Scripts/Internal/Product/ThemedResourceCollection.cs
  artifactKey: Guid(ee6ceff9f86bf8242b607f8619f69802) Importer(2089858483,0ecaa5967403d082aa24f35e1b516d23)
Start importing Assets/Plugins/AssetIcons/Editor/Scripts/Internal/Product/ThemedResourceCollection.cs using Guid(ee6ceff9f86bf8242b607f8619f69802) Importer(2089858483,0ecaa5967403d082aa24f35e1b516d23)  -> (artifact id: '14da2f899c6712f5a8c6716b5c18ac74') in 0.003647 seconds
Number of updated asset objects reloaded before import = 0
Number of asset objects unloaded after import = 1
========================================================================
Received Import Request.
  Time since last request: 0.000012 seconds.
  path: Assets/Plugins/Photon/PhotonUnityNetworking/Demos/DemoHub/Editor/PunDemos.DemoHubEditor.asmdef
  artifactKey: Guid(e9a89c21e4f5b294eb31fb8166e13303) Importer(2089858483,0ecaa5967403d082aa24f35e1b516d23)
Start importing Assets/Plugins/Photon/PhotonUnityNetworking/Demos/DemoHub/Editor/PunDemos.DemoHubEditor.asmdef using Guid(e9a89c21e4f5b294eb31fb8166e13303) Importer(2089858483,0ecaa5967403d082aa24f35e1b516d23)  -> (artifact id: 'adb61b371a7a44132ddd242548266b89') in 0.074199 seconds
Number of updated asset objects reloaded before import = 0
Number of asset objects unloaded after import = 1
========================================================================
Received Import Request.
  Time since last request: 0.000014 seconds.
  path: Assets/Plugins/Photon/PhotonUnityNetworking/Demos/Shared Assets/Textures/Robot_Color.png
  artifactKey: Guid(1fbb41709a1d9334696860db720026e5) Importer(2089858483,0ecaa5967403d082aa24f35e1b516d23)
Start importing Assets/Plugins/Photon/PhotonUnityNetworking/Demos/Shared Assets/Textures/Robot_Color.png using Guid(1fbb41709a1d9334696860db720026e5) Importer(2089858483,0ecaa5967403d082aa24f35e1b516d23)  -> (artifact id: '9e23190f4c98e478d6d3e3263cd8b56b') in 0.187552 seconds
Number of updated asset objects reloaded before import = 0
Number of asset objects unloaded after import = 1
========================================================================
Received Import Request.
  Time since last request: 0.000013 seconds.
  path: Assets/Plugins/Photon/PhotonUnityNetworking/UtilityScripts/PhotonPlayer/Editor/PunTeamsInspector.cs
  artifactKey: Guid(7dcadaf22424c4f5d82f4d48c3b8097f) Importer(2089858483,0ecaa5967403d082aa24f35e1b516d23)
Start importing Assets/Plugins/Photon/PhotonUnityNetworking/UtilityScripts/PhotonPlayer/Editor/PunTeamsInspector.cs using Guid(7dcadaf22424c4f5d82f4d48c3b8097f) Importer(2089858483,0ecaa5967403d082aa24f35e1b516d23)  -> (artifact id: 'fb862ddbc52c5793355501f518109463') in 0.007400 seconds
Number of updated asset objects reloaded before import = 0
Number of asset objects unloaded after import = 1
========================================================================
Received Import Request.
  Time since last request: 0.000018 seconds.
  path: Assets/Plugins/Sirenix/Odin Inspector/Config/Resources/Sirenix/GlobalSerializationConfig.asset
  artifactKey: Guid(b664e23d0b7ddb7478089a9d89e4d284) Importer(2089858483,0ecaa5967403d082aa24f35e1b516d23)
Start importing Assets/Plugins/Sirenix/Odin Inspector/Config/Resources/Sirenix/GlobalSerializationConfig.asset using Guid(b664e23d0b7ddb7478089a9d89e4d284) Importer(2089858483,0ecaa5967403d082aa24f35e1b516d23)  -> (artifact id: 'bd1802d5ec7cb3f0905accb87612e2b0') in 0.006615 seconds
Number of updated asset objects reloaded before import = 0
Number of asset objects unloaded after import = 1
========================================================================
Received Import Request.
  Time since last request: 0.000012 seconds.
  path: Assets/Resources/Scriptable Objects/Character Creation/Properties/Accessoirs/Face Gear/Glasses.asset
  artifactKey: Guid(1d383dbb03493c147afa34b301aa8227) Importer(2089858483,0ecaa5967403d082aa24f35e1b516d23)
Start importing Assets/Resources/Scriptable Objects/Character Creation/Properties/Accessoirs/Face Gear/Glasses.asset using Guid(1d383dbb03493c147afa34b301aa8227) Importer(2089858483,0ecaa5967403d082aa24f35e1b516d23)  -> (artifact id: '5e69aa14f7eb837d56324b8170d46cff') in 0.008970 seconds
Number of updated asset objects reloaded before import = 0
Number of asset objects unloaded after import = 4
========================================================================
Received Import Request.
  Time since last request: 0.000013 seconds.
  path: Assets/Resources/Prefabs/Skills/Boss Skills/Titania/Sequences/Magma Puddles I.prefab
  artifactKey: Guid(6a42a7d0c3321db4ab6e059c962c37ee) Importer(2089858483,0ecaa5967403d082aa24f35e1b516d23)
Start importing Assets/Resources/Prefabs/Skills/Boss Skills/Titania/Sequences/Magma Puddles I.prefab using Guid(6a42a7d0c3321db4ab6e059c962c37ee) Importer(2089858483,0ecaa5967403d082aa24f35e1b516d23)  -> (artifact id: '811b7ce2fbefd6e33350568b54371750') in 0.009331 seconds
Number of updated asset objects reloaded before import = 0
Number of asset objects unloaded after import = 55
========================================================================
Received Import Request.
  Time since last request: 0.000013 seconds.
  path: Assets/Resources/Prefabs/Skills/Boss Skills/Titania/Normal/Eruption.prefab
  artifactKey: Guid(1de6d1ed49a43bc4bbc1f5a683969b82) Importer(2089858483,0ecaa5967403d082aa24f35e1b516d23)
Start importing Assets/Resources/Prefabs/Skills/Boss Skills/Titania/Normal/Eruption.prefab using Guid(1de6d1ed49a43bc4bbc1f5a683969b82) Importer(2089858483,0ecaa5967403d082aa24f35e1b516d23)  -> (artifact id: '3136977ff41f57ba7f80c4d54aef117e') in 0.013806 seconds
Number of updated asset objects reloaded before import = 0
Number of asset objects unloaded after import = 43
========================================================================
Received Import Request.
  Time since last request: 0.000011 seconds.
  path: Assets/Plugins/Gabriel Pereira/Events 2.0 for Unity/Scripts/Editor/UI/Dropdown2Editor.cs
  artifactKey: Guid(f9a15cc7507320a428e6af326d602853) Importer(2089858483,0ecaa5967403d082aa24f35e1b516d23)
Start importing Assets/Plugins/Gabriel Pereira/Events 2.0 for Unity/Scripts/Editor/UI/Dropdown2Editor.cs using Guid(f9a15cc7507320a428e6af326d602853) Importer(2089858483,0ecaa5967403d082aa24f35e1b516d23)  -> (artifact id: 'c92ac0442dbaff5fe738a069395968d3') in 0.005189 seconds
Number of updated asset objects reloaded before import = 0
Number of asset objects unloaded after import = 1
========================================================================
Received Import Request.
  Time since last request: 0.000010 seconds.
  path: Assets/Plugins/Photon/PhotonUnityNetworking/Demos/Shared Assets/Materials/UnitCircleMaterial.mat
  artifactKey: Guid(fb6c12085a6b0a5429029fcd6478a816) Importer(2089858483,0ecaa5967403d082aa24f35e1b516d23)
Start importing Assets/Plugins/Photon/PhotonUnityNetworking/Demos/Shared Assets/Materials/UnitCircleMaterial.mat using Guid(fb6c12085a6b0a5429029fcd6478a816) Importer(2089858483,0ecaa5967403d082aa24f35e1b516d23)  -> (artifact id: 'ae8fdc0927176b9230fadbd8eea8e3ac') in 0.005032 seconds
Number of updated asset objects reloaded before import = 0
Number of asset objects unloaded after import = 2
========================================================================
Received Import Request.
  Time since last request: 0.000010 seconds.
  path: Assets/Plugins/Photon/PhotonUnityNetworking/Demos/DemoAsteroids/Models/FlyerAsteroidB.fbx
  artifactKey: Guid(757fc9771ce30dc468c775b392518d81) Importer(2089858483,0ecaa5967403d082aa24f35e1b516d23)
Start importing Assets/Plugins/Photon/PhotonUnityNetworking/Demos/DemoAsteroids/Models/FlyerAsteroidB.fbx using Guid(757fc9771ce30dc468c775b392518d81) Importer(2089858483,0ecaa5967403d082aa24f35e1b516d23)  -> (artifact id: '5de4df9e9ee86e5e0a5ad72d014f63b0') in 0.059027 seconds
Number of updated asset objects reloaded before import = 0
Number of asset objects unloaded after import = 7
========================================================================
Received Import Request.
  Time since last request: 0.000010 seconds.
  path: Assets/Plugins/Photon/PhotonUnityNetworking/Demos/Shared Assets/Skin/eurof35.ttf
  artifactKey: Guid(954746d370bc8934299c8c8267543f4f) Importer(2089858483,0ecaa5967403d082aa24f35e1b516d23)
Start importing Assets/Plugins/Photon/PhotonUnityNetworking/Demos/Shared Assets/Skin/eurof35.ttf using Guid(954746d370bc8934299c8c8267543f4f) Importer(2089858483,0ecaa5967403d082aa24f35e1b516d23)  -> (artifact id: 'a647012f0f82a65d2cb1a561ccd46942') in 0.038432 seconds
Number of updated asset objects reloaded before import = 0
Number of asset objects unloaded after import = 3
========================================================================
Received Import Request.
  Time since last request: 0.000011 seconds.
  path: Assets/Plugins/Photon/PhotonUnityNetworking/Demos/PunCockpit/Scripts/ScoreHelper.cs
  artifactKey: Guid(5a92eafb6e3fe4390b50c3eefbcc0504) Importer(2089858483,0ecaa5967403d082aa24f35e1b516d23)
Start importing Assets/Plugins/Photon/PhotonUnityNetworking/Demos/PunCockpit/Scripts/ScoreHelper.cs using Guid(5a92eafb6e3fe4390b50c3eefbcc0504) Importer(2089858483,0ecaa5967403d082aa24f35e1b516d23)  -> (artifact id: 'cd3b74061f9ae0ae07a03d7bc230d1aa') in 0.004952 seconds
Number of updated asset objects reloaded before import = 0
Number of asset objects unloaded after import = 1
========================================================================
Received Import Request.
  Time since last request: 0.000013 seconds.
  path: Assets/Resources/Scriptable Objects/Character Creation/Properties/Accessoirs/Head Gear/Halo.asset
  artifactKey: Guid(730a69041bc2cec4dab822f69406b127) Importer(2089858483,0ecaa5967403d082aa24f35e1b516d23)
Start importing Assets/Resources/Scriptable Objects/Character Creation/Properties/Accessoirs/Head Gear/Halo.asset using Guid(730a69041bc2cec4dab822f69406b127) Importer(2089858483,0ecaa5967403d082aa24f35e1b516d23)  -> (artifact id: '3e832933ea99b858c6915ea44b791eb6') in 0.007267 seconds
Number of updated asset objects reloaded before import = 0
Number of asset objects unloaded after import = 4
========================================================================
Received Import Request.
  Time since last request: 0.000018 seconds.
  path: Assets/Plugins/Gabriel Pereira/Events 2.0 for Unity/Scripts/Core/UI/ScrollRect2.cs
  artifactKey: Guid(5a1e1dc031183ba49a9efc30e521761c) Importer(2089858483,0ecaa5967403d082aa24f35e1b516d23)
Start importing Assets/Plugins/Gabriel Pereira/Events 2.0 for Unity/Scripts/Core/UI/ScrollRect2.cs using Guid(5a1e1dc031183ba49a9efc30e521761c) Importer(2089858483,0ecaa5967403d082aa24f35e1b516d23)  -> (artifact id: 'e21db695d25f21f10599af2aba244d31') in 0.004063 seconds
Number of updated asset objects reloaded before import = 0
Number of asset objects unloaded after import = 1
========================================================================
Received Import Request.
  Time since last request: 0.000013 seconds.
  path: Assets/Plugins/AssetIcons/Editor/Scripts/Internal/Product/AssetIconsUpdateCheckerWindow.cs
  artifactKey: Guid(50ddf636314c7104683fbb25a53833c5) Importer(2089858483,0ecaa5967403d082aa24f35e1b516d23)
Start importing Assets/Plugins/AssetIcons/Editor/Scripts/Internal/Product/AssetIconsUpdateCheckerWindow.cs using Guid(50ddf636314c7104683fbb25a53833c5) Importer(2089858483,0ecaa5967403d082aa24f35e1b516d23)  -> (artifact id: 'bbe7539309edd9fe851d4a4139dca3d9') in 0.005254 seconds
Number of updated asset objects reloaded before import = 0
Number of asset objects unloaded after import = 1
========================================================================
Received Import Request.
  Time since last request: 0.000012 seconds.
  path: Assets/Plugins/Photon/PhotonUnityNetworking/Demos/Shared Assets/Skin/ToggleHover.png
  artifactKey: Guid(b5771695f174e1143b3090393989b688) Importer(2089858483,0ecaa5967403d082aa24f35e1b516d23)
Start importing Assets/Plugins/Photon/PhotonUnityNetworking/Demos/Shared Assets/Skin/ToggleHover.png using Guid(b5771695f174e1143b3090393989b688) Importer(2089858483,0ecaa5967403d082aa24f35e1b516d23)  -> (artifact id: '81b4bb5b381019cfc2461ea69066df5c') in 0.024913 seconds
Number of updated asset objects reloaded before import = 0
Number of asset objects unloaded after import = 1
========================================================================
Received Import Request.
  Time since last request: 0.000011 seconds.
  path: Assets/Plugins/Photon/PhotonUnityNetworking/Demos/Shared Assets/Materials/UnitTextureBlue.mat
  artifactKey: Guid(1401c9e6acd739e49a9caa91ab07ac7a) Importer(2089858483,0ecaa5967403d082aa24f35e1b516d23)
Start importing Assets/Plugins/Photon/PhotonUnityNetworking/Demos/Shared Assets/Materials/UnitTextureBlue.mat using Guid(1401c9e6acd739e49a9caa91ab07ac7a) Importer(2089858483,0ecaa5967403d082aa24f35e1b516d23)  -> (artifact id: '6bc19889f9227c26df2217f20b103e15') in 0.004973 seconds
Number of updated asset objects reloaded before import = 0
Number of asset objects unloaded after import = 2
========================================================================
Received Import Request.
  Time since last request: 0.000012 seconds.
  path: Assets/Plugins/Photon/PhotonUnityNetworking/UtilityScripts/Culling/Editor/CullAreaEditor.cs
  artifactKey: Guid(abadaa451a7bff0489078ed9eec61133) Importer(2089858483,0ecaa5967403d082aa24f35e1b516d23)
Start importing Assets/Plugins/Photon/PhotonUnityNetworking/UtilityScripts/Culling/Editor/CullAreaEditor.cs using Guid(abadaa451a7bff0489078ed9eec61133) Importer(2089858483,0ecaa5967403d082aa24f35e1b516d23)  -> (artifact id: '5df29fa8d947683efc755ec8759ae411') in 0.004141 seconds
Number of updated asset objects reloaded before import = 0
Number of asset objects unloaded after import = 1
========================================================================
Received Import Request.
  Time since last request: 0.000011 seconds.
  path: Assets/Plugins/Photon/PhotonUnityNetworking/UtilityScripts/PhotonPlayer/Editor/PhotonUnityNetworking.Utilities.PhotonPlayer.Editor.asmdef
  artifactKey: Guid(7024f760fc566cf45a16d2c838e22b2d) Importer(2089858483,0ecaa5967403d082aa24f35e1b516d23)
Start importing Assets/Plugins/Photon/PhotonUnityNetworking/UtilityScripts/PhotonPlayer/Editor/PhotonUnityNetworking.Utilities.PhotonPlayer.Editor.asmdef using Guid(7024f760fc566cf45a16d2c838e22b2d) Importer(2089858483,0ecaa5967403d082aa24f35e1b516d23)  -> (artifact id: '3fbef79f4a8f07e663a05c96dd9ddd28') in 0.017549 seconds
Number of updated asset objects reloaded before import = 0
Number of asset objects unloaded after import = 1
========================================================================
Received Import Request.
  Time since last request: 0.000011 seconds.
  path: Assets/Plugins/Photon/PhotonUnityNetworking/Demos/PunBasics-Tutorial/Materials/UnitTextureRed12x.mat
  artifactKey: Guid(3f171282ef46c4fbea54d9ab581fcb83) Importer(2089858483,0ecaa5967403d082aa24f35e1b516d23)
Start importing Assets/Plugins/Photon/PhotonUnityNetworking/Demos/PunBasics-Tutorial/Materials/UnitTextureRed12x.mat using Guid(3f171282ef46c4fbea54d9ab581fcb83) Importer(2089858483,0ecaa5967403d082aa24f35e1b516d23)  -> (artifact id: '59a1e0f90bc1d4317ca696d64bce4458') in 0.004991 seconds
Number of updated asset objects reloaded before import = 0
Number of asset objects unloaded after import = 2
========================================================================
Received Import Request.
  Time since last request: 0.000012 seconds.
  path: Assets/Plugins/Gabriel Pereira/Events 2.0 for Unity/Scripts/Core/UI/Toggle2.cs
  artifactKey: Guid(d35c9eaacffeaa246ac3d9be126bf72a) Importer(2089858483,0ecaa5967403d082aa24f35e1b516d23)
Start importing Assets/Plugins/Gabriel Pereira/Events 2.0 for Unity/Scripts/Core/UI/Toggle2.cs using Guid(d35c9eaacffeaa246ac3d9be126bf72a) Importer(2089858483,0ecaa5967403d082aa24f35e1b516d23)  -> (artifact id: 'f4a3ce656877ec387e5bc225fe4ff9c9') in 0.004467 seconds
Number of updated asset objects reloaded before import = 0
Number of asset objects unloaded after import = 1
========================================================================
Received Import Request.
  Time since last request: 0.000012 seconds.
  path: Assets/Plugins/Coffee/UIExtensions/UIParticle/Scripts/Editor/UIParticleEditor.cs
  artifactKey: Guid(37cdd12f98487483aba53394d2174e31) Importer(2089858483,0ecaa5967403d082aa24f35e1b516d23)
Start importing Assets/Plugins/Coffee/UIExtensions/UIParticle/Scripts/Editor/UIParticleEditor.cs using Guid(37cdd12f98487483aba53394d2174e31) Importer(2089858483,0ecaa5967403d082aa24f35e1b516d23)  -> (artifact id: 'cb7836af82bff26ab9940b8859c93c01') in 0.012478 seconds
Number of updated asset objects reloaded before import = 0
Number of asset objects unloaded after import = 1
========================================================================
Received Import Request.
  Time since last request: 0.000014 seconds.
  path: Assets/Plugins/Photon/PhotonUnityNetworking/Demos/DemoSlotRacer/Scripts/SlotRacerSplashScreen.cs
  artifactKey: Guid(fda2ec3ef73274d5886232a03b450769) Importer(2089858483,0ecaa5967403d082aa24f35e1b516d23)
Start importing Assets/Plugins/Photon/PhotonUnityNetworking/Demos/DemoSlotRacer/Scripts/SlotRacerSplashScreen.cs using Guid(fda2ec3ef73274d5886232a03b450769) Importer(2089858483,0ecaa5967403d082aa24f35e1b516d23)  -> (artifact id: '0ba1a9a08b9a699d4364dc681f8e081d') in 0.007549 seconds
Number of updated asset objects reloaded before import = 0
Number of asset objects unloaded after import = 1
========================================================================
Received Import Request.
  Time since last request: 0.000014 seconds.
  path: Assets/Plugins/Gabriel Pereira/Events 2.0 for Unity/Scripts/Editor/UI/InputField2Editor.cs
  artifactKey: Guid(21a9619d675a5a9488d5047eb55d32fa) Importer(2089858483,0ecaa5967403d082aa24f35e1b516d23)
Start importing Assets/Plugins/Gabriel Pereira/Events 2.0 for Unity/Scripts/Editor/UI/InputField2Editor.cs using Guid(21a9619d675a5a9488d5047eb55d32fa) Importer(2089858483,0ecaa5967403d082aa24f35e1b516d23)  -> (artifact id: '0f7159b1aa1a952968eba18d64a9d0a2') in 0.005756 seconds
Number of updated asset objects reloaded before import = 0
Number of asset objects unloaded after import = 1
========================================================================
Received Import Request.
  Time since last request: 0.000015 seconds.
  path: Assets/Plugins/Photon/PhotonUnityNetworking/Demos/Shared Assets/Skin/BoxTextHover.png
  artifactKey: Guid(13154691f37c1884c865b54d8bd29d6e) Importer(2089858483,0ecaa5967403d082aa24f35e1b516d23)
Start importing Assets/Plugins/Photon/PhotonUnityNetworking/Demos/Shared Assets/Skin/BoxTextHover.png using Guid(13154691f37c1884c865b54d8bd29d6e) Importer(2089858483,0ecaa5967403d082aa24f35e1b516d23)  -> (artifact id: '903e724c1b4c43a347e6b0a008ce1819') in 0.041025 seconds
Number of updated asset objects reloaded before import = 0
Number of asset objects unloaded after import = 1
========================================================================
Received Import Request.
  Time since last request: 0.000013 seconds.
  path: Assets/Plugins/Gabriel Pereira/Events 2.0 for Unity/Scripts/Core/UI/Dropdown2.cs
  artifactKey: Guid(dd30ba1606e954749a90a03655896e0e) Importer(2089858483,0ecaa5967403d082aa24f35e1b516d23)
Start importing Assets/Plugins/Gabriel Pereira/Events 2.0 for Unity/Scripts/Core/UI/Dropdown2.cs using Guid(dd30ba1606e954749a90a03655896e0e) Importer(2089858483,0ecaa5967403d082aa24f35e1b516d23)  -> (artifact id: '3dec27b0938e9397bb6352158b3eb695') in 0.004460 seconds
Number of updated asset objects reloaded before import = 0
Number of asset objects unloaded after import = 1
========================================================================
Received Import Request.
  Time since last request: 0.000019 seconds.
  path: Assets/Plugins/Photon/PhotonUnityNetworking/Demos/DemoAsteroids/Prefabs/RoomListEntry.prefab
  artifactKey: Guid(03c5e15309335324fba99d68e38cb08b) Importer(2089858483,0ecaa5967403d082aa24f35e1b516d23)
Start importing Assets/Plugins/Photon/PhotonUnityNetworking/Demos/DemoAsteroids/Prefabs/RoomListEntry.prefab using Guid(03c5e15309335324fba99d68e38cb08b) Importer(2089858483,0ecaa5967403d082aa24f35e1b516d23)  -> (artifact id: 'b537bdd06bf55568ebcac51ad115607a') in 0.029085 seconds
Number of updated asset objects reloaded before import = 0
Number of asset objects unloaded after import = 33
========================================================================
Received Import Request.
  Time since last request: 0.000010 seconds.
  path: Assets/Plugins/Photon/PhotonUnityNetworking/Demos/Shared Assets/Materials/Gradient.mat
  artifactKey: Guid(32e7ed8e6b80b884bbed8260b788648b) Importer(2089858483,0ecaa5967403d082aa24f35e1b516d23)
Start importing Assets/Plugins/Photon/PhotonUnityNetworking/Demos/Shared Assets/Materials/Gradient.mat using Guid(32e7ed8e6b80b884bbed8260b788648b) Importer(2089858483,0ecaa5967403d082aa24f35e1b516d23)  -> (artifact id: 'f7ac53f706ff3538d98be19956baffa3') in 0.016567 seconds
Number of updated asset objects reloaded before import = 0
Number of asset objects unloaded after import = 2
========================================================================
Received Import Request.
  Time since last request: 0.000010 seconds.
  path: Assets/Plugins/Photon/PhotonUnityNetworking/Demos/DemoAsteroids/Prefabs/PlayerOverviewEntry.prefab
  artifactKey: Guid(f03d1c686a26a1d4da99a4186b0bb1ab) Importer(2089858483,0ecaa5967403d082aa24f35e1b516d23)
Start importing Assets/Plugins/Photon/PhotonUnityNetworking/Demos/DemoAsteroids/Prefabs/PlayerOverviewEntry.prefab using Guid(f03d1c686a26a1d4da99a4186b0bb1ab) Importer(2089858483,0ecaa5967403d082aa24f35e1b516d23)  -> (artifact id: '6719b771f27582a0b4947dbcf8c76819') in 0.029634 seconds
Number of updated asset objects reloaded before import = 0
Number of asset objects unloaded after import = 8
========================================================================
Received Import Request.
  Time since last request: 0.000012 seconds.
  path: Assets/Plugins/Photon/PhotonUnityNetworking/Demos/PunBasics-Tutorial/Scenes/PunBasics-Room for 3.unity
  artifactKey: Guid(e07afcca5bf1a41f5bd28f498656b7b8) Importer(2089858483,0ecaa5967403d082aa24f35e1b516d23)
Start importing Assets/Plugins/Photon/PhotonUnityNetworking/Demos/PunBasics-Tutorial/Scenes/PunBasics-Room for 3.unity using Guid(e07afcca5bf1a41f5bd28f498656b7b8) Importer(2089858483,0ecaa5967403d082aa24f35e1b516d23)  -> (artifact id: '7361bd9327cc7e1a4c9c7fa012fbace0') in 0.003028 seconds
Number of updated asset objects reloaded before import = 0
Number of asset objects unloaded after import = 1
========================================================================
Received Import Request.
  Time since last request: 0.000010 seconds.
  path: Assets/Plugins/Photon/PhotonUnityNetworking/Demos/DemoHub/Scripts/ToDemoHubButton.cs
  artifactKey: Guid(f877c2f2d403a4d4f975fb1fd64fe7e8) Importer(2089858483,0ecaa5967403d082aa24f35e1b516d23)
Start importing Assets/Plugins/Photon/PhotonUnityNetworking/Demos/DemoHub/Scripts/ToDemoHubButton.cs using Guid(f877c2f2d403a4d4f975fb1fd64fe7e8) Importer(2089858483,0ecaa5967403d082aa24f35e1b516d23)  -> (artifact id: 'b11210aaf4d8597295e71154e79901a8') in 0.004073 seconds
Number of updated asset objects reloaded before import = 0
Number of asset objects unloaded after import = 1
========================================================================
Received Import Request.
  Time since last request: 0.000010 seconds.
  path: Assets/Plugins/Photon/PhotonUnityNetworking/Demos/PunBasics-Tutorial/Scenes/PunBasics-Room for 1.unity
  artifactKey: Guid(9b8561c6e396849a5ba48c3eb9524049) Importer(2089858483,0ecaa5967403d082aa24f35e1b516d23)
Start importing Assets/Plugins/Photon/PhotonUnityNetworking/Demos/PunBasics-Tutorial/Scenes/PunBasics-Room for 1.unity using Guid(9b8561c6e396849a5ba48c3eb9524049) Importer(2089858483,0ecaa5967403d082aa24f35e1b516d23)  -> (artifact id: '89892ca31ff1b0bd6df9d4428eba9f8b') in 0.003034 seconds
Number of updated asset objects reloaded before import = 0
Number of asset objects unloaded after import = 1
========================================================================
Received Import Request.
  Time since last request: 0.000010 seconds.
  path: Assets/Plugins/Photon/PhotonUnityNetworking/Demos/Shared Assets/Materials/Robot_Color.mat
  artifactKey: Guid(0aa851515cd3747d6b3b3e461199a2ed) Importer(2089858483,0ecaa5967403d082aa24f35e1b516d23)
Start importing Assets/Plugins/Photon/PhotonUnityNetworking/Demos/Shared Assets/Materials/Robot_Color.mat using Guid(0aa851515cd3747d6b3b3e461199a2ed) Importer(2089858483,0ecaa5967403d082aa24f35e1b516d23)  -> (artifact id: '1141b2e9717fc93cfdc1ae585d7d54be') in 0.191888 seconds
Number of updated asset objects reloaded before import = 0
Number of asset objects unloaded after import = 3
========================================================================
Received Import Request.
  Time since last request: 0.000014 seconds.
  path: Assets/Plugins/Photon/PhotonUnityNetworking/Demos/PunCockpit/Scripts/Lists/RegionListCell.cs
  artifactKey: Guid(02fae3d80c772498b829c70de76f4ba7) Importer(2089858483,0ecaa5967403d082aa24f35e1b516d23)
Start importing Assets/Plugins/Photon/PhotonUnityNetworking/Demos/PunCockpit/Scripts/Lists/RegionListCell.cs using Guid(02fae3d80c772498b829c70de76f4ba7) Importer(2089858483,0ecaa5967403d082aa24f35e1b516d23)  -> (artifact id: 'f103ee424ceaaeef988fd629ff11ebea') in 0.004569 seconds
Number of updated asset objects reloaded before import = 0
Number of asset objects unloaded after import = 1
========================================================================
Received Import Request.
  Time since last request: 0.000017 seconds.
  path: Assets/Resources/Scriptable Objects/Character Creation/Properties/Ears and Horns/Ears/Elf Ears.asset
  artifactKey: Guid(55e0e38861f0bbe4ebbd743b961dc285) Importer(2089858483,0ecaa5967403d082aa24f35e1b516d23)
Start importing Assets/Resources/Scriptable Objects/Character Creation/Properties/Ears and Horns/Ears/Elf Ears.asset using Guid(55e0e38861f0bbe4ebbd743b961dc285) Importer(2089858483,0ecaa5967403d082aa24f35e1b516d23)  -> (artifact id: '05860e7a31e746a0a24e77ff58990246') in 0.005882 seconds
Number of updated asset objects reloaded before import = 0
Number of asset objects unloaded after import = 4
========================================================================
Received Import Request.
  Time since last request: 0.000010 seconds.
  path: Assets/Plugins/Photon/PhotonUnityNetworking/Demos/DemoSlotRacer/Scripts/BezierCurve/BezierControlPointMode.cs
  artifactKey: Guid(1c78ec24cea4e478bb35a5ce401fa7a6) Importer(2089858483,0ecaa5967403d082aa24f35e1b516d23)
Start importing Assets/Plugins/Photon/PhotonUnityNetworking/Demos/DemoSlotRacer/Scripts/BezierCurve/BezierControlPointMode.cs using Guid(1c78ec24cea4e478bb35a5ce401fa7a6) Importer(2089858483,0ecaa5967403d082aa24f35e1b516d23)  -> (artifact id: '4f155dde75c3ff3dd4a4119bd97a3fe4') in 0.036111 seconds
Number of updated asset objects reloaded before import = 0
Number of asset objects unloaded after import = 1
========================================================================
Received Import Request.
  Time since last request: 0.000012 seconds.
  path: Assets/Plugins/Photon/PhotonUnityNetworking/Demos/PunCockpit/Scripts/Controllers/PlayerDetailsController.cs
  artifactKey: Guid(a9eaa48793ddf4344b22871af0652c69) Importer(2089858483,0ecaa5967403d082aa24f35e1b516d23)
Start importing Assets/Plugins/Photon/PhotonUnityNetworking/Demos/PunCockpit/Scripts/Controllers/PlayerDetailsController.cs using Guid(a9eaa48793ddf4344b22871af0652c69) Importer(2089858483,0ecaa5967403d082aa24f35e1b516d23)  -> (artifact id: 'df19b1be97d7eb8368609bf69aba212d') in 0.004106 seconds
Number of updated asset objects reloaded before import = 0
Number of asset objects unloaded after import = 1
========================================================================
Received Import Request.
  Time since last request: 0.000010 seconds.
  path: Assets/Plugins/Photon/PhotonUnityNetworking/Demos/DemoAsteroids/Scripts/Lobby/LobbyMainPanel.cs
  artifactKey: Guid(84fd812a67908014cb408f749ca7a55e) Importer(2089858483,0ecaa5967403d082aa24f35e1b516d23)
Start importing Assets/Plugins/Photon/PhotonUnityNetworking/Demos/DemoAsteroids/Scripts/Lobby/LobbyMainPanel.cs using Guid(84fd812a67908014cb408f749ca7a55e) Importer(2089858483,0ecaa5967403d082aa24f35e1b516d23)  -> (artifact id: '467ddde94084d8fbbc15a65e1aec42e5') in 0.003873 seconds
Number of updated asset objects reloaded before import = 0
Number of asset objects unloaded after import = 1
========================================================================
Received Import Request.
  Time since last request: 0.000010 seconds.
  path: Assets/Plugins/Photon/PhotonUnityNetworking/Demos/DemoAsteroids/Models/Materials/SpaceshipHull.mat
  artifactKey: Guid(de6b3d1666741b24597a4349a143eeb7) Importer(2089858483,0ecaa5967403d082aa24f35e1b516d23)
Start importing Assets/Plugins/Photon/PhotonUnityNetworking/Demos/DemoAsteroids/Models/Materials/SpaceshipHull.mat using Guid(de6b3d1666741b24597a4349a143eeb7) Importer(2089858483,0ecaa5967403d082aa24f35e1b516d23)  -> (artifact id: '02b00b4b7896eadb1501509c0ebce6f8') in 0.011005 seconds
Number of updated asset objects reloaded before import = 0
Number of asset objects unloaded after import = 1
========================================================================
Received Import Request.
  Time since last request: 0.000012 seconds.
  path: Assets/Plugins/Photon/PhotonUnityNetworking/Demos/DemoAsteroids/Scripts/Game/Spaceship.cs
  artifactKey: Guid(c565458f43b8ad4469a2ca341c210318) Importer(2089858483,0ecaa5967403d082aa24f35e1b516d23)
Start importing Assets/Plugins/Photon/PhotonUnityNetworking/Demos/DemoAsteroids/Scripts/Game/Spaceship.cs using Guid(c565458f43b8ad4469a2ca341c210318) Importer(2089858483,0ecaa5967403d082aa24f35e1b516d23)  -> (artifact id: '1d28e1693ef24b49ed76d390d6438a5f') in 0.003772 seconds
Number of updated asset objects reloaded before import = 0
Number of asset objects unloaded after import = 1
========================================================================
Received Import Request.
  Time since last request: 0.000011 seconds.
  path: Assets/Plugins/Gabriel Pereira/Events 2.0 for Unity/Scripts/Core/UI/Utility/ObjectPool2.cs
  artifactKey: Guid(e6fa476c0e4a3c841ae9b864f42fa63e) Importer(2089858483,0ecaa5967403d082aa24f35e1b516d23)
Start importing Assets/Plugins/Gabriel Pereira/Events 2.0 for Unity/Scripts/Core/UI/Utility/ObjectPool2.cs using Guid(e6fa476c0e4a3c841ae9b864f42fa63e) Importer(2089858483,0ecaa5967403d082aa24f35e1b516d23)  -> (artifact id: '8070d35b98958531f9f61dd0154ecc97') in 0.004151 seconds
Number of updated asset objects reloaded before import = 0
Number of asset objects unloaded after import = 1
========================================================================
Received Import Request.
  Time since last request: 0.000012 seconds.
  path: Assets/Plugins/Photon/PhotonUnityNetworking/Demos/DemoSlotRacer/Scripts/BezierCurve/BezierCurve.cs
  artifactKey: Guid(b7b6b4e22427e4efbb847bd026324e59) Importer(2089858483,0ecaa5967403d082aa24f35e1b516d23)
Start importing Assets/Plugins/Photon/PhotonUnityNetworking/Demos/DemoSlotRacer/Scripts/BezierCurve/BezierCurve.cs using Guid(b7b6b4e22427e4efbb847bd026324e59) Importer(2089858483,0ecaa5967403d082aa24f35e1b516d23)  -> (artifact id: '55b25cc2b9a7c0fdf548e79c05cd7678') in 0.004103 seconds
Number of updated asset objects reloaded before import = 0
Number of asset objects unloaded after import = 1
========================================================================
Received Import Request.
  Time since last request: 0.000012 seconds.
  path: Assets/Plugins/Photon/PhotonUnityNetworking/Demos/PunCockpit/Scripts/Autonomous UI/BackgroundTimeOutField.cs
  artifactKey: Guid(44aff3084c8664497aa6048e66e71a7c) Importer(2089858483,0ecaa5967403d082aa24f35e1b516d23)
Start importing Assets/Plugins/Photon/PhotonUnityNetworking/Demos/PunCockpit/Scripts/Autonomous UI/BackgroundTimeOutField.cs using Guid(44aff3084c8664497aa6048e66e71a7c) Importer(2089858483,0ecaa5967403d082aa24f35e1b516d23)  -> (artifact id: '652cbd6c03a117e53a57fdb19fd70273') in 0.005021 seconds
Number of updated asset objects reloaded before import = 0
Number of asset objects unloaded after import = 1
========================================================================
Received Import Request.
  Time since last request: 0.000011 seconds.
  path: Assets/Plugins/AssetIcons/Editor/Scripts/Internal/Expresser/Processing/IntermediateParameter.cs
  artifactKey: Guid(fe448a5945c71e14590feaa5d10ac972) Importer(2089858483,0ecaa5967403d082aa24f35e1b516d23)
Start importing Assets/Plugins/AssetIcons/Editor/Scripts/Internal/Expresser/Processing/IntermediateParameter.cs using Guid(fe448a5945c71e14590feaa5d10ac972) Importer(2089858483,0ecaa5967403d082aa24f35e1b516d23)  -> (artifact id: '2cd8b721a0057fce80897711b8d23dce') in 0.003839 seconds
Number of updated asset objects reloaded before import = 0
Number of asset objects unloaded after import = 1
========================================================================
Received Import Request.
  Time since last request: 0.000012 seconds.
  path: Assets/Plugins/Photon/PhotonUnityNetworking/Demos/DemoAsteroids/Scripts/Game/Bullet.cs
  artifactKey: Guid(6321a7d9112988841b7223ac6a925bfc) Importer(2089858483,0ecaa5967403d082aa24f35e1b516d23)
Start importing Assets/Plugins/Photon/PhotonUnityNetworking/Demos/DemoAsteroids/Scripts/Game/Bullet.cs using Guid(6321a7d9112988841b7223ac6a925bfc) Importer(2089858483,0ecaa5967403d082aa24f35e1b516d23)  -> (artifact id: '11a155f96d089af32e8f69ed7aa9cb3b') in 0.005002 seconds
Number of updated asset objects reloaded before import = 0
Number of asset objects unloaded after import = 1
========================================================================
Received Import Request.
  Time since last request: 0.000015 seconds.
  path: Assets/Plugins/Photon/PhotonUnityNetworking/Demos/PunCockpit/Scripts/Autonomous UI/SendRateOnSerializeField.cs
  artifactKey: Guid(e8014b533c3a148558bd8c78ceea7a5f) Importer(2089858483,0ecaa5967403d082aa24f35e1b516d23)
Start importing Assets/Plugins/Photon/PhotonUnityNetworking/Demos/PunCockpit/Scripts/Autonomous UI/SendRateOnSerializeField.cs using Guid(e8014b533c3a148558bd8c78ceea7a5f) Importer(2089858483,0ecaa5967403d082aa24f35e1b516d23)  -> (artifact id: '8976e22d85b13aeed11031059e275a1c') in 0.005028 seconds
Number of updated asset objects reloaded before import = 0
Number of asset objects unloaded after import = 1
========================================================================
Received Import Request.
  Time since last request: 0.000011 seconds.
  path: Assets/Resources/Scriptable Objects/Character Creation/Properties/Gear/Upper Gear/Silver Armor.asset
  artifactKey: Guid(c6993dbbbf654c14e84c4b9465a31534) Importer(2089858483,0ecaa5967403d082aa24f35e1b516d23)
Start importing Assets/Resources/Scriptable Objects/Character Creation/Properties/Gear/Upper Gear/Silver Armor.asset using Guid(c6993dbbbf654c14e84c4b9465a31534) Importer(2089858483,0ecaa5967403d082aa24f35e1b516d23)  -> (artifact id: 'fdf5d4a4f7b5e17f81b2ecc8da6d0063') in 0.007375 seconds
Number of updated asset objects reloaded before import = 0
Number of asset objects unloaded after import = 4
========================================================================
Received Import Request.
  Time since last request: 0.000013 seconds.
  path: Assets/Resources/Scriptable Objects/Character Creation/Properties/Gear/Upper Gear/Archer Armor.asset
  artifactKey: Guid(d7e9162f7e8b7a9418b1b8092f454b5e) Importer(2089858483,0ecaa5967403d082aa24f35e1b516d23)
Start importing Assets/Resources/Scriptable Objects/Character Creation/Properties/Gear/Upper Gear/Archer Armor.asset using Guid(d7e9162f7e8b7a9418b1b8092f454b5e) Importer(2089858483,0ecaa5967403d082aa24f35e1b516d23)  -> (artifact id: 'd99ffb3e2ce1b087428ea6ecadd5262d') in 0.006502 seconds
Number of updated asset objects reloaded before import = 0
Number of asset objects unloaded after import = 4
========================================================================
Received Import Request.
  Time since last request: 0.000010 seconds.
  path: Assets/Plugins/Photon/PhotonUnityNetworking/Demos/PunCockpit/Scripts/Lists/RoomListCell.cs
  artifactKey: Guid(347470b28bdc940a9b92930118dbc7e0) Importer(2089858483,0ecaa5967403d082aa24f35e1b516d23)
Start importing Assets/Plugins/Photon/PhotonUnityNetworking/Demos/PunCockpit/Scripts/Lists/RoomListCell.cs using Guid(347470b28bdc940a9b92930118dbc7e0) Importer(2089858483,0ecaa5967403d082aa24f35e1b516d23)  -> (artifact id: 'b067533bc10ee9dd91329047b2c786d0') in 0.006017 seconds
Number of updated asset objects reloaded before import = 0
Number of asset objects unloaded after import = 1
========================================================================
Received Import Request.
  Time since last request: 0.000015 seconds.
  path: Assets/Resources/Scriptable Objects/Character Creation/Properties/Gear/Upper Gear/Underwear.asset
  artifactKey: Guid(4593746cb7f53574b93548666a74eb88) Importer(2089858483,0ecaa5967403d082aa24f35e1b516d23)
Start importing Assets/Resources/Scriptable Objects/Character Creation/Properties/Gear/Upper Gear/Underwear.asset using Guid(4593746cb7f53574b93548666a74eb88) Importer(2089858483,0ecaa5967403d082aa24f35e1b516d23)  -> (artifact id: 'adb5080991d05a4fe07c948fc2ecc441') in 0.006153 seconds
Number of updated asset objects reloaded before import = 0
Number of asset objects unloaded after import = 4
========================================================================
Received Import Request.
  Time since last request: 0.000019 seconds.
  path: Assets/Plugins/Photon/PhotonUnityNetworking/Demos/DemoSlotRacer/Scripts/BezierCurve/SplineWalker.cs
  artifactKey: Guid(541a76f9c03874323b5154b14ac00427) Importer(2089858483,0ecaa5967403d082aa24f35e1b516d23)
Start importing Assets/Plugins/Photon/PhotonUnityNetworking/Demos/DemoSlotRacer/Scripts/BezierCurve/SplineWalker.cs using Guid(541a76f9c03874323b5154b14ac00427) Importer(2089858483,0ecaa5967403d082aa24f35e1b516d23)  -> (artifact id: 'c19e95d902fd513017f4325b4aa6a35c') in 0.005196 seconds
Number of updated asset objects reloaded before import = 0
Number of asset objects unloaded after import = 1
========================================================================
Received Import Request.
  Time since last request: 0.000015 seconds.
  path: Assets/Resources/Scriptable Objects/Character Creation/Properties/Gear/Lower Gear/Gold Boots.asset
  artifactKey: Guid(69ebe7ec6ea8a314882650df85ef0f4b) Importer(2089858483,0ecaa5967403d082aa24f35e1b516d23)
Start importing Assets/Resources/Scriptable Objects/Character Creation/Properties/Gear/Lower Gear/Gold Boots.asset using Guid(69ebe7ec6ea8a314882650df85ef0f4b) Importer(2089858483,0ecaa5967403d082aa24f35e1b516d23)  -> (artifact id: 'ca00dd8ce31b80b82239f2f32124c8e2') in 0.006209 seconds
Number of updated asset objects reloaded before import = 0
Number of asset objects unloaded after import = 4
========================================================================
Received Import Request.
  Time since last request: 0.000010 seconds.
  path: Assets/Plugins/Photon/PhotonUnityNetworking/Demos/PunBasics-Tutorial/Materials/UnitTextureYellow12x.mat
  artifactKey: Guid(ceba02e8dfaf34474b36fe43b51b69db) Importer(2089858483,0ecaa5967403d082aa24f35e1b516d23)
Start importing Assets/Plugins/Photon/PhotonUnityNetworking/Demos/PunBasics-Tutorial/Materials/UnitTextureYellow12x.mat using Guid(ceba02e8dfaf34474b36fe43b51b69db) Importer(2089858483,0ecaa5967403d082aa24f35e1b516d23)  -> (artifact id: 'd7b1e3371fb6e44292b6f3000531e0d6') in 0.005340 seconds
Number of updated asset objects reloaded before import = 0
Number of asset objects unloaded after import = 2
========================================================================
Received Import Request.
  Time since last request: 0.000040 seconds.
  path: Assets/Plugins/Photon/PhotonUnityNetworking/Demos/DemoAsteroids/Materials/ParticleAfterburner.mat
  artifactKey: Guid(dc1a05fba9a6af241a25a35b4caf5e27) Importer(2089858483,0ecaa5967403d082aa24f35e1b516d23)
Start importing Assets/Plugins/Photon/PhotonUnityNetworking/Demos/DemoAsteroids/Materials/ParticleAfterburner.mat using Guid(dc1a05fba9a6af241a25a35b4caf5e27) Importer(2089858483,0ecaa5967403d082aa24f35e1b516d23)  -> (artifact id: '72a0f6e04178dbc34e02973953e879f9') in 0.005482 seconds
Number of updated asset objects reloaded before import = 0
Number of asset objects unloaded after import = 1
========================================================================
Received Import Request.
  Time since last request: 0.000010 seconds.
  path: Assets/Resources/Prefabs/Skills/Boss Skills/Titania/Normal/Magmapfütze.prefab
  artifactKey: Guid(982dce537380fa343adf1962b66a46ec) Importer(2089858483,0ecaa5967403d082aa24f35e1b516d23)
Start importing Assets/Resources/Prefabs/Skills/Boss Skills/Titania/Normal/Magmapfütze.prefab using Guid(982dce537380fa343adf1962b66a46ec) Importer(2089858483,0ecaa5967403d082aa24f35e1b516d23)  -> (artifact id: '65e41c7b823a018f7964bc5e607a2eeb') in 0.053545 seconds
Number of updated asset objects reloaded before import = 0
Number of asset objects unloaded after import = 55
========================================================================
Received Import Request.
  Time since last request: 0.000012 seconds.
  path: Assets/Plugins/Photon/PhotonUnityNetworking/Demos/DemoAsteroids/Scripts/Lobby/RoomListEntry.cs
  artifactKey: Guid(40b744eae97c5fa47879a477d0f0b667) Importer(2089858483,0ecaa5967403d082aa24f35e1b516d23)
Start importing Assets/Plugins/Photon/PhotonUnityNetworking/Demos/DemoAsteroids/Scripts/Lobby/RoomListEntry.cs using Guid(40b744eae97c5fa47879a477d0f0b667) Importer(2089858483,0ecaa5967403d082aa24f35e1b516d23)  -> (artifact id: '14b11c0c944a0708baf374bb62abd5b4') in 0.003948 seconds
Number of updated asset objects reloaded before import = 0
Number of asset objects unloaded after import = 1
========================================================================
Received Import Request.
  Time since last request: 0.000010 seconds.
  path: Assets/Plugins/Photon/PhotonUnityNetworking/Demos/PunCockpit/Prefabs/Help Button.prefab
  artifactKey: Guid(cf998ac0cf60141c597aecb3a8ffad74) Importer(2089858483,0ecaa5967403d082aa24f35e1b516d23)
Start importing Assets/Plugins/Photon/PhotonUnityNetworking/Demos/PunCockpit/Prefabs/Help Button.prefab using Guid(cf998ac0cf60141c597aecb3a8ffad74) Importer(2089858483,0ecaa5967403d082aa24f35e1b516d23)  -> (artifact id: '4ffd76c916a60156de39f59d1649fc80') in 0.144934 seconds
Number of updated asset objects reloaded before import = 0
Number of asset objects unloaded after import = 16
========================================================================
Received Import Request.
  Time since last request: 0.000025 seconds.
  path: Assets/Plugins/Photon/PhotonUnityNetworking/Demos/PunCockpit/Scripts/ReadOnlyProperties/IsConnectedProperty.cs
  artifactKey: Guid(398773e8d21e14a6780ad50d653d4b9e) Importer(2089858483,0ecaa5967403d082aa24f35e1b516d23)
Start importing Assets/Plugins/Photon/PhotonUnityNetworking/Demos/PunCockpit/Scripts/ReadOnlyProperties/IsConnectedProperty.cs using Guid(398773e8d21e14a6780ad50d653d4b9e) Importer(2089858483,0ecaa5967403d082aa24f35e1b516d23)  -> (artifact id: '734d9343400b81795ed50c05580772a5') in 0.004628 seconds
Number of updated asset objects reloaded before import = 0
Number of asset objects unloaded after import = 1
========================================================================
Received Import Request.
  Time since last request: 0.000019 seconds.
  path: Assets/Resources/Scriptable Objects/Abilities/Skills/Boss Skills/Titania/Sequences/Eruption X.asset
  artifactKey: Guid(013f95fe1f8bf734b8e84b9435457209) Importer(2089858483,0ecaa5967403d082aa24f35e1b516d23)
Start importing Assets/Resources/Scriptable Objects/Abilities/Skills/Boss Skills/Titania/Sequences/Eruption X.asset using Guid(013f95fe1f8bf734b8e84b9435457209) Importer(2089858483,0ecaa5967403d082aa24f35e1b516d23)  -> (artifact id: '4e7bc09e0339539a0178f80f2c442329') in 0.008257 seconds
Number of updated asset objects reloaded before import = 0
Number of asset objects unloaded after import = 62
========================================================================
Received Import Request.
  Time since last request: 0.000013 seconds.
  path: Assets/Plugins/Photon/PhotonUnityNetworking/Demos/DemoSlotRacer/Kenney Assets/Stylized city/Materials/car.mat
  artifactKey: Guid(c282d31bf082fca4a822239b62ff8257) Importer(2089858483,0ecaa5967403d082aa24f35e1b516d23)
Start importing Assets/Plugins/Photon/PhotonUnityNetworking/Demos/DemoSlotRacer/Kenney Assets/Stylized city/Materials/car.mat using Guid(c282d31bf082fca4a822239b62ff8257) Importer(2089858483,0ecaa5967403d082aa24f35e1b516d23)  -> (artifact id: '1668ffa4b3bc7b7558debb513ea1b968') in 0.005595 seconds
Number of updated asset objects reloaded before import = 0
Number of asset objects unloaded after import = 1
========================================================================
Received Import Request.
  Time since last request: 0.000011 seconds.
  path: Assets/Resources/Scriptable Objects/Abilities/Skills/Boss Skills/Titania/Sequences/Bombs Ring.asset
  artifactKey: Guid(e3b0f625464b410498c6588b9df7f90e) Importer(2089858483,0ecaa5967403d082aa24f35e1b516d23)
Start importing Assets/Resources/Scriptable Objects/Abilities/Skills/Boss Skills/Titania/Sequences/Bombs Ring.asset using Guid(e3b0f625464b410498c6588b9df7f90e) Importer(2089858483,0ecaa5967403d082aa24f35e1b516d23)  -> (artifact id: '6ad4ec2a83d6b5c8e27c8941a47e3553') in 0.019462 seconds
Number of updated asset objects reloaded before import = 0
Number of asset objects unloaded after import = 95
========================================================================
Received Import Request.
  Time since last request: 0.000012 seconds.
  path: Assets/Plugins/Photon/PhotonUnityNetworking/Demos/PunCockpit/Scripts/ReadOnlyProperties/CurrentRoomAutoCleanupProperty.cs
  artifactKey: Guid(b5de4d7e09db242c4aa0d47c4416630b) Importer(2089858483,0ecaa5967403d082aa24f35e1b516d23)
Start importing Assets/Plugins/Photon/PhotonUnityNetworking/Demos/PunCockpit/Scripts/ReadOnlyProperties/CurrentRoomAutoCleanupProperty.cs using Guid(b5de4d7e09db242c4aa0d47c4416630b) Importer(2089858483,0ecaa5967403d082aa24f35e1b516d23)  -> (artifact id: 'a5046a795d6a868876d89357f646cd05') in 0.005123 seconds
Number of updated asset objects reloaded before import = 0
Number of asset objects unloaded after import = 1
========================================================================
Received Import Request.
  Time since last request: 0.000013 seconds.
  path: Assets/Plugins/Photon/PhotonUnityNetworking/Demos/DemoSlotRacer/Kenney Assets/Stylized city/Materials/13 - Default22662.mat
  artifactKey: Guid(7d91274cc4a876a439f75445704f421b) Importer(2089858483,0ecaa5967403d082aa24f35e1b516d23)
Start importing Assets/Plugins/Photon/PhotonUnityNetworking/Demos/DemoSlotRacer/Kenney Assets/Stylized city/Materials/13 - Default22662.mat using Guid(7d91274cc4a876a439f75445704f421b) Importer(2089858483,0ecaa5967403d082aa24f35e1b516d23)  -> (artifact id: 'd267271fad6600687463867476d02817') in 0.048438 seconds
Number of updated asset objects reloaded before import = 0
Number of asset objects unloaded after import = 1
========================================================================
Received Import Request.
  Time since last request: 0.000015 seconds.
  path: Assets/Plugins/Photon/PhotonUnityNetworking/Demos/PunCockpit/Scripts/ReadOnlyProperties/GameVersionProperty.cs
  artifactKey: Guid(d5168ef825c3e4b74aff060ca5c07cc1) Importer(2089858483,0ecaa5967403d082aa24f35e1b516d23)
Start importing Assets/Plugins/Photon/PhotonUnityNetworking/Demos/PunCockpit/Scripts/ReadOnlyProperties/GameVersionProperty.cs using Guid(d5168ef825c3e4b74aff060ca5c07cc1) Importer(2089858483,0ecaa5967403d082aa24f35e1b516d23)  -> (artifact id: '57b6083d588e8f8ee0b12e0550026c37') in 0.004679 seconds
Number of updated asset objects reloaded before import = 0
Number of asset objects unloaded after import = 1
========================================================================
Received Import Request.
  Time since last request: 0.000011 seconds.
  path: Assets/Plugins/Photon/PhotonUnityNetworking/Demos/PunCockpit/Scripts/ReadOnlyProperties/CurrentRoomIsOfflineProperty.cs
  artifactKey: Guid(e2e2a33f898da45eb9d44ea357e325db) Importer(2089858483,0ecaa5967403d082aa24f35e1b516d23)
Start importing Assets/Plugins/Photon/PhotonUnityNetworking/Demos/PunCockpit/Scripts/ReadOnlyProperties/CurrentRoomIsOfflineProperty.cs using Guid(e2e2a33f898da45eb9d44ea357e325db) Importer(2089858483,0ecaa5967403d082aa24f35e1b516d23)  -> (artifact id: '09df4bcf9e2b1d15786ea7125af99069') in 0.004196 seconds
Number of updated asset objects reloaded before import = 0
Number of asset objects unloaded after import = 1
========================================================================
Received Import Request.
  Time since last request: 0.000011 seconds.
  path: Assets/Plugins/Photon/PhotonUnityNetworking/Demos/DemoSlotRacer/Kenney Assets/Racing Kit/Models/roadStartPositions.fbx
  artifactKey: Guid(f5a5b74b30add9048911cae29679bbce) Importer(2089858483,0ecaa5967403d082aa24f35e1b516d23)
Start importing Assets/Plugins/Photon/PhotonUnityNetworking/Demos/DemoSlotRacer/Kenney Assets/Racing Kit/Models/roadStartPositions.fbx using Guid(f5a5b74b30add9048911cae29679bbce) Importer(2089858483,0ecaa5967403d082aa24f35e1b516d23)  -> (artifact id: '349b1c1179b0e2c0ad373145c1a6df69') in 0.130349 seconds
Number of updated asset objects reloaded before import = 0
Number of asset objects unloaded after import = 7
========================================================================
Received Import Request.
  Time since last request: 0.000012 seconds.
  path: Assets/Resources/Scriptable Objects/Abilities/Skills/Boss Skills/Titania/Normal/Bergrutsch.asset
  artifactKey: Guid(8c050731d4165e443878d148e57a70d6) Importer(2089858483,0ecaa5967403d082aa24f35e1b516d23)
Start importing Assets/Resources/Scriptable Objects/Abilities/Skills/Boss Skills/Titania/Normal/Bergrutsch.asset using Guid(8c050731d4165e443878d148e57a70d6) Importer(2089858483,0ecaa5967403d082aa24f35e1b516d23)  -> (artifact id: '653b8f0f3b218887102d28f797673017') in 0.008051 seconds
Number of updated asset objects reloaded before import = 0
Number of asset objects unloaded after import = 38
========================================================================
Received Import Request.
  Time since last request: 0.000017 seconds.
  path: Assets/Plugins/Photon/PhotonUnityNetworking/Demos/PunCockpit/Scripts/ThirdParty/PunCockpitEmbed.cs
  artifactKey: Guid(850bc9a492af040b49a0ffe115a7614b) Importer(2089858483,0ecaa5967403d082aa24f35e1b516d23)
Start importing Assets/Plugins/Photon/PhotonUnityNetworking/Demos/PunCockpit/Scripts/ThirdParty/PunCockpitEmbed.cs using Guid(850bc9a492af040b49a0ffe115a7614b) Importer(2089858483,0ecaa5967403d082aa24f35e1b516d23)  -> (artifact id: '706832e09cc592ba46bbfe90c16a20ae') in 0.004696 seconds
Number of updated asset objects reloaded before import = 0
Number of asset objects unloaded after import = 1
========================================================================
Received Import Request.
  Time since last request: 0.000013 seconds.
  path: Assets/Plugins/Photon/PhotonUnityNetworking/Demos/PunCockpit/Scripts/ReadOnlyProperties/ServerAddressProperty.cs
  artifactKey: Guid(f467ca90418914fcd959dcc9ebb1edca) Importer(2089858483,0ecaa5967403d082aa24f35e1b516d23)
Start importing Assets/Plugins/Photon/PhotonUnityNetworking/Demos/PunCockpit/Scripts/ReadOnlyProperties/ServerAddressProperty.cs using Guid(f467ca90418914fcd959dcc9ebb1edca) Importer(2089858483,0ecaa5967403d082aa24f35e1b516d23)  -> (artifact id: 'b14d1ba7aa004fa390a4924e3a29b98c') in 0.004056 seconds
Number of updated asset objects reloaded before import = 0
Number of asset objects unloaded after import = 1
========================================================================
Received Import Request.
  Time since last request: 0.000010 seconds.
  path: Assets/Plugins/Photon/PhotonUnityNetworking/Demos/PunCockpit/Scripts/ReadOnlyProperties/ServerProperty.cs
  artifactKey: Guid(6aeb7bea76d39499e83ebc277ffdd7a7) Importer(2089858483,0ecaa5967403d082aa24f35e1b516d23)
Start importing Assets/Plugins/Photon/PhotonUnityNetworking/Demos/PunCockpit/Scripts/ReadOnlyProperties/ServerProperty.cs using Guid(6aeb7bea76d39499e83ebc277ffdd7a7) Importer(2089858483,0ecaa5967403d082aa24f35e1b516d23)  -> (artifact id: '12e04ae49053ae161156494f92cac485') in 0.004577 seconds
Number of updated asset objects reloaded before import = 0
Number of asset objects unloaded after import = 1
========================================================================
Received Import Request.
  Time since last request: 0.000011 seconds.
  path: Assets/Resources/Scriptable Objects/Abilities/Skills/Boss Skills/Titania/Sequences/Bombs Random.asset
  artifactKey: Guid(d65b066afc9262945968b1cf7e9bae5a) Importer(2089858483,0ecaa5967403d082aa24f35e1b516d23)
Start importing Assets/Resources/Scriptable Objects/Abilities/Skills/Boss Skills/Titania/Sequences/Bombs Random.asset using Guid(d65b066afc9262945968b1cf7e9bae5a) Importer(2089858483,0ecaa5967403d082aa24f35e1b516d23)  -> (artifact id: 'ae017594f4384b6f0af656663fac43cc') in 0.011923 seconds
Number of updated asset objects reloaded before import = 0
Number of asset objects unloaded after import = 164
========================================================================
Received Import Request.
  Time since last request: 0.000013 seconds.
  path: Assets/Plugins/Photon/PhotonUnityNetworking/Demos/PunCockpit/Scripts/ReadOnlyProperties/CurrentRoomPlayerTtlProperty.cs
  artifactKey: Guid(c0888b956b57041c5892998316eb5a59) Importer(2089858483,0ecaa5967403d082aa24f35e1b516d23)
Start importing Assets/Plugins/Photon/PhotonUnityNetworking/Demos/PunCockpit/Scripts/ReadOnlyProperties/CurrentRoomPlayerTtlProperty.cs using Guid(c0888b956b57041c5892998316eb5a59) Importer(2089858483,0ecaa5967403d082aa24f35e1b516d23)  -> (artifact id: '9e1c318a56fd631fc11a80936cffd053') in 0.005739 seconds
Number of updated asset objects reloaded before import = 0
Number of asset objects unloaded after import = 1
========================================================================
Received Import Request.
  Time since last request: 0.000013 seconds.
  path: Assets/Plugins/Photon/PhotonUnityNetworking/Demos/PunCockpit/Scripts/ReadOnlyProperties/CurrentRoomMaxPlayersProperty.cs
  artifactKey: Guid(917233b0ebdbc43ff89ee3e8d30b5d88) Importer(2089858483,0ecaa5967403d082aa24f35e1b516d23)
Start importing Assets/Plugins/Photon/PhotonUnityNetworking/Demos/PunCockpit/Scripts/ReadOnlyProperties/CurrentRoomMaxPlayersProperty.cs using Guid(917233b0ebdbc43ff89ee3e8d30b5d88) Importer(2089858483,0ecaa5967403d082aa24f35e1b516d23)  -> (artifact id: '8b35d2fc26ccb8344b8ea7c212db30ad') in 0.004980 seconds
Number of updated asset objects reloaded before import = 0
Number of asset objects unloaded after import = 1
========================================================================
Received Import Request.
  Time since last request: 0.000013 seconds.
  path: Assets/Resources/Scriptable Objects/Abilities/Skills/Boss Skills/Titania/Normal/Eruption.asset
  artifactKey: Guid(0aee03b560131a041b13f1bbcf73bd42) Importer(2089858483,0ecaa5967403d082aa24f35e1b516d23)
Start importing Assets/Resources/Scriptable Objects/Abilities/Skills/Boss Skills/Titania/Normal/Eruption.asset using Guid(0aee03b560131a041b13f1bbcf73bd42) Importer(2089858483,0ecaa5967403d082aa24f35e1b516d23)  -> (artifact id: '871043646ec6591f74d8690a63f79e7d') in 0.007252 seconds
Number of updated asset objects reloaded before import = 0
Number of asset objects unloaded after import = 37
========================================================================
Received Import Request.
  Time since last request: 0.000011 seconds.
  path: Assets/Plugins/Photon/PhotonUnityNetworking/Demos/DemoSlotRacer/Kenney Assets/Racing Kit/Models/roadStraight.fbx
  artifactKey: Guid(ca7c80957e4a0044c8068142334ca1b3) Importer(2089858483,0ecaa5967403d082aa24f35e1b516d23)
Start importing Assets/Plugins/Photon/PhotonUnityNetworking/Demos/DemoSlotRacer/Kenney Assets/Racing Kit/Models/roadStraight.fbx using Guid(ca7c80957e4a0044c8068142334ca1b3) Importer(2089858483,0ecaa5967403d082aa24f35e1b516d23)  -> (artifact id: '19cf4f381588ed1824e3c00b6c0cb473') in 0.020133 seconds
Number of updated asset objects reloaded before import = 0
Number of asset objects unloaded after import = 7
========================================================================
Received Import Request.
  Time since last request: 0.000011 seconds.
  path: Assets/Resources/Scriptable Objects/Abilities/Skills/Boss Skills/Titania/Normal/Dornenranke.asset
  artifactKey: Guid(026753ea619d6c341bdd4e7e1929e785) Importer(2089858483,0ecaa5967403d082aa24f35e1b516d23)
Start importing Assets/Resources/Scriptable Objects/Abilities/Skills/Boss Skills/Titania/Normal/Dornenranke.asset using Guid(026753ea619d6c341bdd4e7e1929e785) Importer(2089858483,0ecaa5967403d082aa24f35e1b516d23)  -> (artifact id: 'a4122d632cab06ecb924e4703d134d40') in 0.008601 seconds
Number of updated asset objects reloaded before import = 0
Number of asset objects unloaded after import = 19
========================================================================
Received Import Request.
  Time since last request: 0.000010 seconds.
  path: Assets/Plugins/Photon/PhotonUnityNetworking/Demos/Shared Assets/Skin/RoundedBox.png
  artifactKey: Guid(9b2eedba1e3057e4b998cdef3d448105) Importer(2089858483,0ecaa5967403d082aa24f35e1b516d23)
Start importing Assets/Plugins/Photon/PhotonUnityNetworking/Demos/Shared Assets/Skin/RoundedBox.png using Guid(9b2eedba1e3057e4b998cdef3d448105) Importer(2089858483,0ecaa5967403d082aa24f35e1b516d23)  -> (artifact id: '3d86a644d2e3e125829392bd44553256') in 0.019827 seconds
Number of updated asset objects reloaded before import = 0
Number of asset objects unloaded after import = 1
========================================================================
Received Import Request.
  Time since last request: 0.000013 seconds.
  path: Assets/Plugins/Photon/PhotonUnityNetworking/Demos/DemoSlotRacer/Scripts/BezierCurve/Editor/PunDemos.DemoSlotcarEditor.asmdef
  artifactKey: Guid(66eabdb1ed6f5d041a6906290472e432) Importer(2089858483,0ecaa5967403d082aa24f35e1b516d23)
Start importing Assets/Plugins/Photon/PhotonUnityNetworking/Demos/DemoSlotRacer/Scripts/BezierCurve/Editor/PunDemos.DemoSlotcarEditor.asmdef using Guid(66eabdb1ed6f5d041a6906290472e432) Importer(2089858483,0ecaa5967403d082aa24f35e1b516d23)  -> (artifact id: '936330a43d0a55199460c085b92496cd') in 0.010595 seconds
Number of updated asset objects reloaded before import = 0
Number of asset objects unloaded after import = 1
========================================================================
Received Import Request.
  Time since last request: 0.000010 seconds.
  path: Assets/Plugins/Photon/PhotonUnityNetworking/Demos/PunCockpit/Scripts/Autonomous UI/Generic/ToggleExpand.cs
  artifactKey: Guid(50b3f63970a204e72b36153eb93684bf) Importer(2089858483,0ecaa5967403d082aa24f35e1b516d23)
Start importing Assets/Plugins/Photon/PhotonUnityNetworking/Demos/PunCockpit/Scripts/Autonomous UI/Generic/ToggleExpand.cs using Guid(50b3f63970a204e72b36153eb93684bf) Importer(2089858483,0ecaa5967403d082aa24f35e1b516d23)  -> (artifact id: '3c53a3ab8b7646699824df23fc889a16') in 0.004181 seconds
Number of updated asset objects reloaded before import = 0
Number of asset objects unloaded after import = 1
========================================================================
Received Import Request.
  Time since last request: 0.000014 seconds.
  path: Assets/Plugins/Photon/PhotonUnityNetworking/Demos/PunCockpit/Scripts/Autonomous UI/Generic/StringInputField.cs
  artifactKey: Guid(e02d5b184c20e43ebba343cc89e35962) Importer(2089858483,0ecaa5967403d082aa24f35e1b516d23)
Start importing Assets/Plugins/Photon/PhotonUnityNetworking/Demos/PunCockpit/Scripts/Autonomous UI/Generic/StringInputField.cs using Guid(e02d5b184c20e43ebba343cc89e35962) Importer(2089858483,0ecaa5967403d082aa24f35e1b516d23)  -> (artifact id: 'cabeb85f70aebe90098d4acf016e517e') in 0.004770 seconds
Number of updated asset objects reloaded before import = 0
Number of asset objects unloaded after import = 1
========================================================================
Received Import Request.
  Time since last request: 0.000014 seconds.
  path: Assets/Plugins/Photon/PhotonUnityNetworking/Demos/DemoSlotRacer/Kenney Assets/Stylized city/Models/tree_6.FBX
  artifactKey: Guid(45e438e80c2860545b63beb8d6718edd) Importer(2089858483,0ecaa5967403d082aa24f35e1b516d23)
Start importing Assets/Plugins/Photon/PhotonUnityNetworking/Demos/DemoSlotRacer/Kenney Assets/Stylized city/Models/tree_6.FBX using Guid(45e438e80c2860545b63beb8d6718edd) Importer(2089858483,0ecaa5967403d082aa24f35e1b516d23)  -> (artifact id: '91fd2ee577f57b6beb87cb40975043f7') in 0.024456 seconds
Number of updated asset objects reloaded before import = 0
Number of asset objects unloaded after import = 24
========================================================================
Received Import Request.
  Time since last request: 0.000013 seconds.
  path: Assets/Plugins/Photon/PhotonUnityNetworking/Demos/DemoSlotRacer/Kenney Assets/Racing Kit/Models/Materials/_defaultMat.mat
  artifactKey: Guid(f0a6a86e908f6204ab518387a784ed36) Importer(2089858483,0ecaa5967403d082aa24f35e1b516d23)
Start importing Assets/Plugins/Photon/PhotonUnityNetworking/Demos/DemoSlotRacer/Kenney Assets/Racing Kit/Models/Materials/_defaultMat.mat using Guid(f0a6a86e908f6204ab518387a784ed36) Importer(2089858483,0ecaa5967403d082aa24f35e1b516d23)  -> (artifact id: '2249d7eac041c3fa5f54a47c6a68b818') in 0.008719 seconds
Number of updated asset objects reloaded before import = 0
Number of asset objects unloaded after import = 1
========================================================================
Received Import Request.
  Time since last request: 0.000016 seconds.
  path: Assets/Plugins/Photon/PhotonUnityNetworking/Demos/DemoSlotRacer/Kenney Assets/Stylized city/Materials/roof.mat
  artifactKey: Guid(ede00b712b6fb134282e1efba44fefd8) Importer(2089858483,0ecaa5967403d082aa24f35e1b516d23)
Start importing Assets/Plugins/Photon/PhotonUnityNetworking/Demos/DemoSlotRacer/Kenney Assets/Stylized city/Materials/roof.mat using Guid(ede00b712b6fb134282e1efba44fefd8) Importer(2089858483,0ecaa5967403d082aa24f35e1b516d23)  -> (artifact id: '8810d482b26ec6a7d6b2ac6426de7244') in 0.117568 seconds
Number of updated asset objects reloaded before import = 0
Number of asset objects unloaded after import = 1
========================================================================
Received Import Request.
  Time since last request: 0.000012 seconds.
  path: Assets/Plugins/Photon/PhotonUnityNetworking/Demos/DemoSlotRacer/Kenney Assets/Stylized city/Materials/22 - Default.mat
  artifactKey: Guid(86080a783905b5740ad2b81f63a2c650) Importer(2089858483,0ecaa5967403d082aa24f35e1b516d23)
Start importing Assets/Plugins/Photon/PhotonUnityNetworking/Demos/DemoSlotRacer/Kenney Assets/Stylized city/Materials/22 - Default.mat using Guid(86080a783905b5740ad2b81f63a2c650) Importer(2089858483,0ecaa5967403d082aa24f35e1b516d23)  -> (artifact id: 'da63c5a01e1bb2887c8e37c04085415f') in 0.004971 seconds
Number of updated asset objects reloaded before import = 0
Number of asset objects unloaded after import = 1
========================================================================
Received Import Request.
  Time since last request: 0.000011 seconds.
  path: Assets/Plugins/Photon/PhotonUnityNetworking/Demos/DemoSlotRacer/Kenney Assets/Stylized city/Materials/ground_green.mat
  artifactKey: Guid(fef45cc204351a9458f02ad7c0243f18) Importer(2089858483,0ecaa5967403d082aa24f35e1b516d23)
Start importing Assets/Plugins/Photon/PhotonUnityNetworking/Demos/DemoSlotRacer/Kenney Assets/Stylized city/Materials/ground_green.mat using Guid(fef45cc204351a9458f02ad7c0243f18) Importer(2089858483,0ecaa5967403d082aa24f35e1b516d23)  -> (artifact id: 'bd3190c3ace9c01b6ad1246b1c91f9b4') in 0.004822 seconds
Number of updated asset objects reloaded before import = 0
Number of asset objects unloaded after import = 1
========================================================================
Received Import Request.
  Time since last request: 0.000011 seconds.
  path: Assets/Plugins/Photon/PhotonUnityNetworking/Demos/Shared Assets/Skin/Jura-Flat-Material.mat
  artifactKey: Guid(c190da5d14d0e904ba512abe82018576) Importer(2089858483,0ecaa5967403d082aa24f35e1b516d23)
Start importing Assets/Plugins/Photon/PhotonUnityNetworking/Demos/Shared Assets/Skin/Jura-Flat-Material.mat using Guid(c190da5d14d0e904ba512abe82018576) Importer(2089858483,0ecaa5967403d082aa24f35e1b516d23)  -> (artifact id: '0eb0f75f141655b230ffe6b657555bb2') in 0.004444 seconds
Number of updated asset objects reloaded before import = 0
Number of asset objects unloaded after import = 2
========================================================================
Received Import Request.
  Time since last request: 0.000010 seconds.
  path: Assets/Resources/Scriptable Objects/Character Creation/Properties/Ears and Horns/Horns/Pony Horn.asset
  artifactKey: Guid(bb7434b4a4e5e7e478b961ca22374e14) Importer(2089858483,0ecaa5967403d082aa24f35e1b516d23)
Start importing Assets/Resources/Scriptable Objects/Character Creation/Properties/Ears and Horns/Horns/Pony Horn.asset using Guid(bb7434b4a4e5e7e478b961ca22374e14) Importer(2089858483,0ecaa5967403d082aa24f35e1b516d23)  -> (artifact id: '2d9c91856e318b4ec2e00ac79fda4d67') in 0.029804 seconds
Number of updated asset objects reloaded before import = 0
Number of asset objects unloaded after import = 4
========================================================================
Received Import Request.
  Time since last request: 0.000010 seconds.
  path: Assets/Plugins/Photon/PhotonUnityNetworking/Demos/PunBasics-Tutorial/Scripts/PlayerUI.cs
  artifactKey: Guid(dba1a179e553446f0a08606778f559f1) Importer(2089858483,0ecaa5967403d082aa24f35e1b516d23)
Start importing Assets/Plugins/Photon/PhotonUnityNetworking/Demos/PunBasics-Tutorial/Scripts/PlayerUI.cs using Guid(dba1a179e553446f0a08606778f559f1) Importer(2089858483,0ecaa5967403d082aa24f35e1b516d23)  -> (artifact id: '08f60ceed2c2d527376e7570d4aaca94') in 0.005313 seconds
Number of updated asset objects reloaded before import = 0
Number of asset objects unloaded after import = 1
========================================================================
Received Import Request.
  Time since last request: 0.000012 seconds.
  path: Assets/Plugins/Photon/PhotonUnityNetworking/Demos/DemoAsteroids/Scripts/Lobby/LobbyTopPanel.cs
  artifactKey: Guid(fe0a55ef565e3984f8866c5c91e3c2fd) Importer(2089858483,0ecaa5967403d082aa24f35e1b516d23)
Start importing Assets/Plugins/Photon/PhotonUnityNetworking/Demos/DemoAsteroids/Scripts/Lobby/LobbyTopPanel.cs using Guid(fe0a55ef565e3984f8866c5c91e3c2fd) Importer(2089858483,0ecaa5967403d082aa24f35e1b516d23)  -> (artifact id: '92d5514405d1c9b3c507c67a83112d11') in 0.004241 seconds
Number of updated asset objects reloaded before import = 0
Number of asset objects unloaded after import = 1
========================================================================
Received Import Request.
  Time since last request: 0.000013 seconds.
  path: Assets/Plugins/Photon/PhotonUnityNetworking/Code/Editor/ReordableList/LICENSE.txt
  artifactKey: Guid(c2fbd2e43c3dfae4d9830e9921238cf5) Importer(2089858483,0ecaa5967403d082aa24f35e1b516d23)
Start importing Assets/Plugins/Photon/PhotonUnityNetworking/Code/Editor/ReordableList/LICENSE.txt using Guid(c2fbd2e43c3dfae4d9830e9921238cf5) Importer(2089858483,0ecaa5967403d082aa24f35e1b516d23)  -> (artifact id: '092df78f5ade206f85de81b7115e975e') in 0.075394 seconds
Number of updated asset objects reloaded before import = 0
Number of asset objects unloaded after import = 1
========================================================================
Received Import Request.
  Time since last request: 0.000017 seconds.
  path: Assets/Plugins/Photon/PhotonUnityNetworking/Demos/Shared Assets/Animations/Robot Kyle@Running Right Turn.fbx
  artifactKey: Guid(c59a2a721fc964a949c27fa965d044d9) Importer(2089858483,0ecaa5967403d082aa24f35e1b516d23)
Start importing Assets/Plugins/Photon/PhotonUnityNetworking/Demos/Shared Assets/Animations/Robot Kyle@Running Right Turn.fbx using Guid(c59a2a721fc964a949c27fa965d044d9) Importer(2089858483,0ecaa5967403d082aa24f35e1b516d23)  -> (artifact id: '1f49ed6c7f4cac9d6a24e2912cd3524d') in 0.051545 seconds
Number of updated asset objects reloaded before import = 0
Number of asset objects unloaded after import = 104
========================================================================
Received Import Request.
  Time since last request: 0.000011 seconds.
  path: Assets/Plugins/Photon/PhotonUnityNetworking/Demos/PunCockpit/Scripts/ReadOnlyProperties/CloudRegionProperty.cs
  artifactKey: Guid(e873bef6b926e45989cc835cb13ef3c2) Importer(2089858483,0ecaa5967403d082aa24f35e1b516d23)
Start importing Assets/Plugins/Photon/PhotonUnityNetworking/Demos/PunCockpit/Scripts/ReadOnlyProperties/CloudRegionProperty.cs using Guid(e873bef6b926e45989cc835cb13ef3c2) Importer(2089858483,0ecaa5967403d082aa24f35e1b516d23)  -> (artifact id: '5785c17e713c709b688199ae7673af36') in 0.005640 seconds
Number of updated asset objects reloaded before import = 0
Number of asset objects unloaded after import = 1
========================================================================
Received Import Request.
  Time since last request: 0.000011 seconds.
  path: Assets/Plugins/Photon/PhotonUnityNetworking/Demos/DemoAsteroids/Prefabs/Bullet.prefab
  artifactKey: Guid(5624ee9da9d10514ea7b808e83979c85) Importer(2089858483,0ecaa5967403d082aa24f35e1b516d23)
Start importing Assets/Plugins/Photon/PhotonUnityNetworking/Demos/DemoAsteroids/Prefabs/Bullet.prefab using Guid(5624ee9da9d10514ea7b808e83979c85) Importer(2089858483,0ecaa5967403d082aa24f35e1b516d23)  -> (artifact id: '9a309289bfa2a7ac4d59898ab702d9b5') in 0.015147 seconds
Number of updated asset objects reloaded before import = 0
Number of asset objects unloaded after import = 10
========================================================================
Received Import Request.
  Time since last request: 0.000011 seconds.
  path: Assets/Plugins/AssetIcons/Editor/Scripts/Internal/Expresser/Processing/IntermediateOperation.cs
  artifactKey: Guid(91e15feca44b1044ba273829334eb9ed) Importer(2089858483,0ecaa5967403d082aa24f35e1b516d23)
Start importing Assets/Plugins/AssetIcons/Editor/Scripts/Internal/Expresser/Processing/IntermediateOperation.cs using Guid(91e15feca44b1044ba273829334eb9ed) Importer(2089858483,0ecaa5967403d082aa24f35e1b516d23)  -> (artifact id: '4c2741dae0f394424ba515f0946ecb65') in 0.003983 seconds
Number of updated asset objects reloaded before import = 0
Number of asset objects unloaded after import = 1
========================================================================
Received Import Request.
  Time since last request: 0.000010 seconds.
  path: Assets/Plugins/Photon/PhotonUnityNetworking/Demos/DemoSlotRacer/Kenney Assets/Racing Kit/Models/roadStraightBridgeStart.fbx
  artifactKey: Guid(f3190f178f6804a438514c250f12db6a) Importer(2089858483,0ecaa5967403d082aa24f35e1b516d23)
Start importing Assets/Plugins/Photon/PhotonUnityNetworking/Demos/DemoSlotRacer/Kenney Assets/Racing Kit/Models/roadStraightBridgeStart.fbx using Guid(f3190f178f6804a438514c250f12db6a) Importer(2089858483,0ecaa5967403d082aa24f35e1b516d23)  -> (artifact id: '25f784cc5149e84ddca2e51523278491') in 0.053591 seconds
Number of updated asset objects reloaded before import = 0
Number of asset objects unloaded after import = 7
========================================================================
Received Import Request.
  Time since last request: 0.000010 seconds.
  path: Assets/Plugins/Photon/PhotonUnityNetworking/Demos/PunBasics-Tutorial/Scripts/Launcher.cs
  artifactKey: Guid(4796bc1963eb34e1fa021b0a45b29df4) Importer(2089858483,0ecaa5967403d082aa24f35e1b516d23)
Start importing Assets/Plugins/Photon/PhotonUnityNetworking/Demos/PunBasics-Tutorial/Scripts/Launcher.cs using Guid(4796bc1963eb34e1fa021b0a45b29df4) Importer(2089858483,0ecaa5967403d082aa24f35e1b516d23)  -> (artifact id: 'a72635f042a313e9cecd744dbf8e32c3') in 0.004884 seconds
Number of updated asset objects reloaded before import = 0
Number of asset objects unloaded after import = 1
========================================================================
Received Import Request.
  Time since last request: 0.000013 seconds.
  path: Assets/Plugins/Gabriel Pereira/Events 2.0 for Unity/Scripts/Core/UI/Utility/ListPool2.cs
  artifactKey: Guid(29be6b2dee6900c4ba614acdc1d09225) Importer(2089858483,0ecaa5967403d082aa24f35e1b516d23)
Start importing Assets/Plugins/Gabriel Pereira/Events 2.0 for Unity/Scripts/Core/UI/Utility/ListPool2.cs using Guid(29be6b2dee6900c4ba614acdc1d09225) Importer(2089858483,0ecaa5967403d082aa24f35e1b516d23)  -> (artifact id: '7d982f7f17f88f0b6c2631bd971dd21b') in 0.003667 seconds
Number of updated asset objects reloaded before import = 0
Number of asset objects unloaded after import = 1
========================================================================
Received Import Request.
  Time since last request: 0.000011 seconds.
  path: Assets/Plugins/Photon/PhotonUnityNetworking/Demos/PunCockpit/Scripts/ReadOnlyProperties/CurrentRoomIsOpenProperty.cs
  artifactKey: Guid(616aae5178f614b47911b3ada06ac650) Importer(2089858483,0ecaa5967403d082aa24f35e1b516d23)
Start importing Assets/Plugins/Photon/PhotonUnityNetworking/Demos/PunCockpit/Scripts/ReadOnlyProperties/CurrentRoomIsOpenProperty.cs using Guid(616aae5178f614b47911b3ada06ac650) Importer(2089858483,0ecaa5967403d082aa24f35e1b516d23)  -> (artifact id: '763ff0765d44212f394318038738dc79') in 0.004472 seconds
Number of updated asset objects reloaded before import = 0
Number of asset objects unloaded after import = 1
========================================================================
Received Import Request.
  Time since last request: 0.000010 seconds.
  path: Assets/Plugins/Photon/PhotonUnityNetworking/Demos/DemoHub/Scripts/DemoHubManager.cs
  artifactKey: Guid(ed6ca7d1055974cc7847025558e8a903) Importer(2089858483,0ecaa5967403d082aa24f35e1b516d23)
Start importing Assets/Plugins/Photon/PhotonUnityNetworking/Demos/DemoHub/Scripts/DemoHubManager.cs using Guid(ed6ca7d1055974cc7847025558e8a903) Importer(2089858483,0ecaa5967403d082aa24f35e1b516d23)  -> (artifact id: '5929b5ae1c5d0fd084841affdb39b578') in 0.004474 seconds
Number of updated asset objects reloaded before import = 0
Number of asset objects unloaded after import = 1
========================================================================
Received Import Request.
  Time since last request: 0.000012 seconds.
  path: Assets/Plugins/Photon/PhotonUnityNetworking/Demos/PunBasics-Tutorial/Prefabs/Demo Intro UI.prefab
  artifactKey: Guid(f773d1fa10a4f4e0d88490eab5d5b46d) Importer(2089858483,0ecaa5967403d082aa24f35e1b516d23)
Start importing Assets/Plugins/Photon/PhotonUnityNetworking/Demos/PunBasics-Tutorial/Prefabs/Demo Intro UI.prefab using Guid(f773d1fa10a4f4e0d88490eab5d5b46d) Importer(2089858483,0ecaa5967403d082aa24f35e1b516d23)  -> (artifact id: '297ae5cb92fbba5b5ff101e382ec98db') in 0.049631 seconds
Number of updated asset objects reloaded before import = 0
Number of asset objects unloaded after import = 21
========================================================================
Received Import Request.
  Time since last request: 0.000015 seconds.
  path: Assets/Plugins/AssetIcons/Editor/Scripts/Internal/Expresser/Processing/IntermediateOperationCode.cs
  artifactKey: Guid(eca24815ceee81240ba07cce9c7ca73d) Importer(2089858483,0ecaa5967403d082aa24f35e1b516d23)
Start importing Assets/Plugins/AssetIcons/Editor/Scripts/Internal/Expresser/Processing/IntermediateOperationCode.cs using Guid(eca24815ceee81240ba07cce9c7ca73d) Importer(2089858483,0ecaa5967403d082aa24f35e1b516d23)  -> (artifact id: 'e09ae88a2c099ea6ca92c905f977d40b') in 0.006855 seconds
Number of updated asset objects reloaded before import = 0
Number of asset objects unloaded after import = 1
========================================================================
Received Import Request.
  Time since last request: 0.000020 seconds.
  path: Assets/Plugins/Photon/PhotonUnityNetworking/Demos/DemoHub/Sprites/Gradient.png
  artifactKey: Guid(66efb24ed46044ab8a039599cbc47d7b) Importer(2089858483,0ecaa5967403d082aa24f35e1b516d23)
Start importing Assets/Plugins/Photon/PhotonUnityNetworking/Demos/DemoHub/Sprites/Gradient.png using Guid(66efb24ed46044ab8a039599cbc47d7b) Importer(2089858483,0ecaa5967403d082aa24f35e1b516d23)  -> (artifact id: '698a4b922528f32dddc581a848b6c686') in 0.130584 seconds
Number of updated asset objects reloaded before import = 0
Number of asset objects unloaded after import = 3
========================================================================
Received Import Request.
  Time since last request: 0.000011 seconds.
  path: Assets/Plugins/Photon/PhotonUnityNetworking/Demos/Shared Assets/Skin/BoxOrangeRed.png
  artifactKey: Guid(72708a25103c3fe4f9074f7296e86b7a) Importer(2089858483,0ecaa5967403d082aa24f35e1b516d23)
Start importing Assets/Plugins/Photon/PhotonUnityNetworking/Demos/Shared Assets/Skin/BoxOrangeRed.png using Guid(72708a25103c3fe4f9074f7296e86b7a) Importer(2089858483,0ecaa5967403d082aa24f35e1b516d23)  -> (artifact id: '1ce048130f2763c4256df557de4dcef4') in 0.037475 seconds
Number of updated asset objects reloaded before import = 0
Number of asset objects unloaded after import = 1
========================================================================
Received Import Request.
  Time since last request: 0.000012 seconds.
  path: Assets/Plugins/Photon/PhotonUnityNetworking/Demos/DemoSlotRacer/Kenney Assets/Stylized city/Models/bush1.FBX
  artifactKey: Guid(c8680fab33c72bb4ba3e31987e0b0182) Importer(2089858483,0ecaa5967403d082aa24f35e1b516d23)
Start importing Assets/Plugins/Photon/PhotonUnityNetworking/Demos/DemoSlotRacer/Kenney Assets/Stylized city/Models/bush1.FBX using Guid(c8680fab33c72bb4ba3e31987e0b0182) Importer(2089858483,0ecaa5967403d082aa24f35e1b516d23)  -> (artifact id: 'cc02023590344d8e050d6f26614368a5') in 0.108727 seconds
Number of updated asset objects reloaded before import = 0
Number of asset objects unloaded after import = 14
========================================================================
Received Import Request.
  Time since last request: 0.000013 seconds.
  path: Assets/Plugins/Photon/PhotonUnityNetworking/Demos/DemoProcedural/Materials/Yellow.mat
  artifactKey: Guid(90623549d4482f042ade35d8a0758e35) Importer(2089858483,0ecaa5967403d082aa24f35e1b516d23)
Start importing Assets/Plugins/Photon/PhotonUnityNetworking/Demos/DemoProcedural/Materials/Yellow.mat using Guid(90623549d4482f042ade35d8a0758e35) Importer(2089858483,0ecaa5967403d082aa24f35e1b516d23)  -> (artifact id: '76e677417c9dbdb53ac91a511a4b171e') in 0.005248 seconds
Number of updated asset objects reloaded before import = 0
Number of asset objects unloaded after import = 1
========================================================================
Received Import Request.
  Time since last request: 0.000017 seconds.
  path: Assets/Plugins/AssetIcons/Editor/Scripts/Internal/Expresser/Input/IMathContext.cs
  artifactKey: Guid(dddd1b3886fbaf845b73aae84dae5922) Importer(2089858483,0ecaa5967403d082aa24f35e1b516d23)
Start importing Assets/Plugins/AssetIcons/Editor/Scripts/Internal/Expresser/Input/IMathContext.cs using Guid(dddd1b3886fbaf845b73aae84dae5922) Importer(2089858483,0ecaa5967403d082aa24f35e1b516d23)  -> (artifact id: '85eb4824493ca3c27aeaadc8c2459bb6') in 0.004136 seconds
Number of updated asset objects reloaded before import = 0
Number of asset objects unloaded after import = 1
========================================================================
Received Import Request.
  Time since last request: 0.000012 seconds.
  path: Assets/Resources/Scriptable Objects/Abilities/Skills/Boss Skills/Titania/Sequences/Eruption I.asset
  artifactKey: Guid(53cc2e26851bf2a4dbc45b90290c456b) Importer(2089858483,0ecaa5967403d082aa24f35e1b516d23)
Start importing Assets/Resources/Scriptable Objects/Abilities/Skills/Boss Skills/Titania/Sequences/Eruption I.asset using Guid(53cc2e26851bf2a4dbc45b90290c456b) Importer(2089858483,0ecaa5967403d082aa24f35e1b516d23)  -> (artifact id: 'ac0b6d78e8a5bc2e014806ab86a2801d') in 0.025691 seconds
Number of updated asset objects reloaded before import = 0
Number of asset objects unloaded after import = 50
========================================================================
Received Import Request.
  Time since last request: 0.000013 seconds.
  path: Assets/Plugins/Photon/PhotonUnityNetworking/Demos/DemoSlotRacer/Scripts/SlotLanes.cs
  artifactKey: Guid(54c0aa0c215c64226bdfacbeed74edbb) Importer(2089858483,0ecaa5967403d082aa24f35e1b516d23)
Start importing Assets/Plugins/Photon/PhotonUnityNetworking/Demos/DemoSlotRacer/Scripts/SlotLanes.cs using Guid(54c0aa0c215c64226bdfacbeed74edbb) Importer(2089858483,0ecaa5967403d082aa24f35e1b516d23)  -> (artifact id: '8a1995dec2845dba3752d9916c186d11') in 0.004716 seconds
Number of updated asset objects reloaded before import = 0
Number of asset objects unloaded after import = 1
========================================================================
Received Import Request.
  Time since last request: 0.000012 seconds.
  path: Assets/Plugins/Photon/PhotonUnityNetworking/Demos/PunCockpit/Forms/CreateRoomUiForm.cs
  artifactKey: Guid(93560c151be5f43aaa41c69fba615970) Importer(2089858483,0ecaa5967403d082aa24f35e1b516d23)
Start importing Assets/Plugins/Photon/PhotonUnityNetworking/Demos/PunCockpit/Forms/CreateRoomUiForm.cs using Guid(93560c151be5f43aaa41c69fba615970) Importer(2089858483,0ecaa5967403d082aa24f35e1b516d23)  -> (artifact id: 'c914fdf02df5665cadc6ca22a05ddf6e') in 0.046947 seconds
Number of updated asset objects reloaded before import = 0
Number of asset objects unloaded after import = 1
========================================================================
Received Import Request.
  Time since last request: 0.000015 seconds.
  path: Assets/Plugins/Photon/PhotonUnityNetworking/Demos/PunCockpit/Scripts/Lists/FriendListCell.cs
  artifactKey: Guid(b7be18b2f537f4428b8e4cd92373a1e0) Importer(2089858483,0ecaa5967403d082aa24f35e1b516d23)
Start importing Assets/Plugins/Photon/PhotonUnityNetworking/Demos/PunCockpit/Scripts/Lists/FriendListCell.cs using Guid(b7be18b2f537f4428b8e4cd92373a1e0) Importer(2089858483,0ecaa5967403d082aa24f35e1b516d23)  -> (artifact id: 'efe75647935027cb8866538fa1681f1b') in 0.005066 seconds
Number of updated asset objects reloaded before import = 0
Number of asset objects unloaded after import = 1
========================================================================
Received Import Request.
  Time since last request: 0.000012 seconds.
  path: Assets/Plugins/Photon/PhotonUnityNetworking/Demos/Shared Assets/Animations/Robot Kyle@Running.fbx
  artifactKey: Guid(cd0e3010ec4a7471ab652a490698f310) Importer(2089858483,0ecaa5967403d082aa24f35e1b516d23)
Start importing Assets/Plugins/Photon/PhotonUnityNetworking/Demos/Shared Assets/Animations/Robot Kyle@Running.fbx using Guid(cd0e3010ec4a7471ab652a490698f310) Importer(2089858483,0ecaa5967403d082aa24f35e1b516d23)  -> (artifact id: '438957da5feffdf7aac826263d29c05d') in 0.017569 seconds
Number of updated asset objects reloaded before import = 0
Number of asset objects unloaded after import = 104
========================================================================
Received Import Request.
  Time since last request: 0.000010 seconds.
  path: Assets/Plugins/Photon/PhotonUnityNetworking/Demos/DemoSlotRacer/Scripts/BezierCurve/Editor/BezierCurveInspector.cs
  artifactKey: Guid(28cd1cdefdaf24d6cb98f0cb87845b3a) Importer(2089858483,0ecaa5967403d082aa24f35e1b516d23)
Start importing Assets/Plugins/Photon/PhotonUnityNetworking/Demos/DemoSlotRacer/Scripts/BezierCurve/Editor/BezierCurveInspector.cs using Guid(28cd1cdefdaf24d6cb98f0cb87845b3a) Importer(2089858483,0ecaa5967403d082aa24f35e1b516d23)  -> (artifact id: '1f6fd7530e439e3cdf15aa82b8ca64e6') in 0.004774 seconds
Number of updated asset objects reloaded before import = 0
Number of asset objects unloaded after import = 1
========================================================================
Received Import Request.
  Time since last request: 0.000011 seconds.
  path: Assets/Plugins/Photon/PhotonUnityNetworking/Demos/DemoSlotRacer/Kenney Assets/Stylized city/Models/car_4.FBX
  artifactKey: Guid(f3cb3c8f5cd4b514ebf9fbfda32cb36d) Importer(2089858483,0ecaa5967403d082aa24f35e1b516d23)
Start importing Assets/Plugins/Photon/PhotonUnityNetworking/Demos/DemoSlotRacer/Kenney Assets/Stylized city/Models/car_4.FBX using Guid(f3cb3c8f5cd4b514ebf9fbfda32cb36d) Importer(2089858483,0ecaa5967403d082aa24f35e1b516d23)  -> (artifact id: '95eeb372e6b9800a8981e863404ab89f') in 0.030029 seconds
Number of updated asset objects reloaded before import = 0
Number of asset objects unloaded after import = 76
========================================================================
Received Import Request.
  Time since last request: 0.000013 seconds.
  path: Assets/Plugins/Gabriel Pereira/Events 2.0 for Unity/Scripts/Core/UI/Utility/SetPropertyUtility2.cs
  artifactKey: Guid(b385f368147686c4d8acf7658097809e) Importer(2089858483,0ecaa5967403d082aa24f35e1b516d23)
Start importing Assets/Plugins/Gabriel Pereira/Events 2.0 for Unity/Scripts/Core/UI/Utility/SetPropertyUtility2.cs using Guid(b385f368147686c4d8acf7658097809e) Importer(2089858483,0ecaa5967403d082aa24f35e1b516d23)  -> (artifact id: '441905e5302604ffebaa8f9e9812ea86') in 0.004526 seconds
Number of updated asset objects reloaded before import = 0
Number of asset objects unloaded after import = 1
========================================================================
Received Import Request.
  Time since last request: 0.000014 seconds.
  path: Assets/Plugins/Photon/PhotonUnityNetworking/Demos/DemoSlotRacer/Kenney Assets/Racing Kit/Models/Materials/bark.mat
  artifactKey: Guid(5b3826dd21e1d2b4a947c774023d1db3) Importer(2089858483,0ecaa5967403d082aa24f35e1b516d23)
Start importing Assets/Plugins/Photon/PhotonUnityNetworking/Demos/DemoSlotRacer/Kenney Assets/Racing Kit/Models/Materials/bark.mat using Guid(5b3826dd21e1d2b4a947c774023d1db3) Importer(2089858483,0ecaa5967403d082aa24f35e1b516d23)  -> (artifact id: 'a0857f641643294d0584e74879e52a94') in 0.005501 seconds
Number of updated asset objects reloaded before import = 0
Number of asset objects unloaded after import = 1
========================================================================
Received Import Request.
  Time since last request: 0.000015 seconds.
  path: Assets/Plugins/Photon/PhotonUnityNetworking/Demos/DemoProcedural/Materials/Red.mat
  artifactKey: Guid(ad7ce727a68a61f4897679b81da7b344) Importer(2089858483,0ecaa5967403d082aa24f35e1b516d23)
Start importing Assets/Plugins/Photon/PhotonUnityNetworking/Demos/DemoProcedural/Materials/Red.mat using Guid(ad7ce727a68a61f4897679b81da7b344) Importer(2089858483,0ecaa5967403d082aa24f35e1b516d23)  -> (artifact id: 'c0a93d810cd9ec325518194a89a604bd') in 0.004870 seconds
Number of updated asset objects reloaded before import = 0
Number of asset objects unloaded after import = 1
========================================================================
Received Import Request.
  Time since last request: 0.000022 seconds.
  path: Assets/Plugins/Photon/PhotonUnityNetworking/Code/Editor/Views/PhotonRigidbody2DViewEditor.cs
  artifactKey: Guid(3a82e8e86b9eecb40ac3f6ebc949f6ef) Importer(2089858483,0ecaa5967403d082aa24f35e1b516d23)
Start importing Assets/Plugins/Photon/PhotonUnityNetworking/Code/Editor/Views/PhotonRigidbody2DViewEditor.cs using Guid(3a82e8e86b9eecb40ac3f6ebc949f6ef) Importer(2089858483,0ecaa5967403d082aa24f35e1b516d23)  -> (artifact id: '262c345004cefc25581bc0965a59a162') in 0.005250 seconds
Number of updated asset objects reloaded before import = 0
Number of asset objects unloaded after import = 1
========================================================================
Received Import Request.
  Time since last request: 0.000013 seconds.
  path: Assets/Resources/Animations/Skill Animations/Enemy Skill Animations/Impact/Start.anim
  artifactKey: Guid(706de4cc77c522d498827192689cc1fe) Importer(2089858483,0ecaa5967403d082aa24f35e1b516d23)
Start importing Assets/Resources/Animations/Skill Animations/Enemy Skill Animations/Impact/Start.anim using Guid(706de4cc77c522d498827192689cc1fe) Importer(2089858483,0ecaa5967403d082aa24f35e1b516d23)  -> (artifact id: 'ccdd905b7834d0fc154b920c77789e1e') in 0.008230 seconds
Number of updated asset objects reloaded before import = 0
Number of asset objects unloaded after import = 2
========================================================================
Received Import Request.
  Time since last request: 0.000010 seconds.
  path: Assets/Resources/Animations/Skill Animations/Boss Skill Animations/Magma/Explode.anim
  artifactKey: Guid(1ebdf295ed19a5e4da5a34df0caf4346) Importer(2089858483,0ecaa5967403d082aa24f35e1b516d23)
Start importing Assets/Resources/Animations/Skill Animations/Boss Skill Animations/Magma/Explode.anim using Guid(1ebdf295ed19a5e4da5a34df0caf4346) Importer(2089858483,0ecaa5967403d082aa24f35e1b516d23)  -> (artifact id: '7d66b09c556036ee6dba75f72ecdaf9e') in 0.005528 seconds
Number of updated asset objects reloaded before import = 0
Number of asset objects unloaded after import = 1
========================================================================
Received Import Request.
  Time since last request: 0.000011 seconds.
  path: Assets/Resources/Animations/Player Animations/Sleeping.anim
  artifactKey: Guid(b5750609156f0ff4bbf719fc914625f4) Importer(2089858483,0ecaa5967403d082aa24f35e1b516d23)
Start importing Assets/Resources/Animations/Player Animations/Sleeping.anim using Guid(b5750609156f0ff4bbf719fc914625f4) Importer(2089858483,0ecaa5967403d082aa24f35e1b516d23)  -> (artifact id: '05f19c3962399861e338856f425f8027') in 0.004892 seconds
Number of updated asset objects reloaded before import = 0
Number of asset objects unloaded after import = 1
========================================================================
Received Import Request.
  Time since last request: 0.000011 seconds.
  path: Assets/Resources/Audio/Soundeffects/Fireball.wav
  artifactKey: Guid(adc16cf237d5fe844aa1a59578d837ac) Importer(2089858483,0ecaa5967403d082aa24f35e1b516d23)
Start importing Assets/Resources/Audio/Soundeffects/Fireball.wav using Guid(adc16cf237d5fe844aa1a59578d837ac) Importer(2089858483,0ecaa5967403d082aa24f35e1b516d23)  -> (artifact id: 'c1b315e20d53ebf06cd8648dd6444f88') in 0.022058 seconds
Number of updated asset objects reloaded before import = 0
Number of asset objects unloaded after import = 1
========================================================================
Received Import Request.
  Time since last request: 0.000011 seconds.
  path: Assets/Scripts/Menu Scripts/Dialog Boxes/MenuDialogBox.cs
  artifactKey: Guid(508669fa716d65a4dbf13be085063172) Importer(2089858483,0ecaa5967403d082aa24f35e1b516d23)
Start importing Assets/Scripts/Menu Scripts/Dialog Boxes/MenuDialogBox.cs using Guid(508669fa716d65a4dbf13be085063172) Importer(2089858483,0ecaa5967403d082aa24f35e1b516d23)  -> (artifact id: '1c5add5c81c003492ae3dfd6ec62d229') in 0.040572 seconds
Number of updated asset objects reloaded before import = 0
Number of asset objects unloaded after import = 1
========================================================================
Received Import Request.
  Time since last request: 0.000011 seconds.
  path: Assets/Resources/Data/Localisation/Objects.csv
  artifactKey: Guid(95960bd36e6853a49a3b73001a6e9f42) Importer(2089858483,0ecaa5967403d082aa24f35e1b516d23)
Start importing Assets/Resources/Data/Localisation/Objects.csv using Guid(95960bd36e6853a49a3b73001a6e9f42) Importer(2089858483,0ecaa5967403d082aa24f35e1b516d23)  -> (artifact id: '24b82ba4e59b188268d9d67aaf824cc1') in 0.002961 seconds
Number of updated asset objects reloaded before import = 0
Number of asset objects unloaded after import = 1
========================================================================
Received Import Request.
  Time since last request: 0.000014 seconds.
  path: Assets/Resources/Animations/Skill Animations/Player Skill Animations/Feuerball/Feuerball.controller
  artifactKey: Guid(9f48958886ff8734ca0b6f8aa316689f) Importer(2089858483,0ecaa5967403d082aa24f35e1b516d23)
Start importing Assets/Resources/Animations/Skill Animations/Player Skill Animations/Feuerball/Feuerball.controller using Guid(9f48958886ff8734ca0b6f8aa316689f) Importer(2089858483,0ecaa5967403d082aa24f35e1b516d23)  -> (artifact id: 'dd522cd631ce762ac1e483a402125a99') in 0.005880 seconds
Number of updated asset objects reloaded before import = 0
Number of asset objects unloaded after import = 10
========================================================================
Received Import Request.
  Time since last request: 0.000011 seconds.
  path: Assets/Resources/Prefabs/Skills/Player Skills/Manaelixier.prefab
  artifactKey: Guid(7693768a878661948aefd9181f7a2d01) Importer(2089858483,0ecaa5967403d082aa24f35e1b516d23)
Start importing Assets/Resources/Prefabs/Skills/Player Skills/Manaelixier.prefab using Guid(7693768a878661948aefd9181f7a2d01) Importer(2089858483,0ecaa5967403d082aa24f35e1b516d23)  -> (artifact id: 'd34ca2aad207480b422623d5ec97007a') in 0.015757 seconds
Number of updated asset objects reloaded before import = 0
Number of asset objects unloaded after import = 23
========================================================================
Received Import Request.
  Time since last request: 0.000014 seconds.
  path: Assets/Plugins/Photon/PhotonUnityNetworking/UtilityScripts/Prototyping/OnStartDelete.cs
  artifactKey: Guid(f8d56a54ae062da4a87516fb994f4e30) Importer(2089858483,0ecaa5967403d082aa24f35e1b516d23)
Start importing Assets/Plugins/Photon/PhotonUnityNetworking/UtilityScripts/Prototyping/OnStartDelete.cs using Guid(f8d56a54ae062da4a87516fb994f4e30) Importer(2089858483,0ecaa5967403d082aa24f35e1b516d23)  -> (artifact id: '4c22de8b8cad8c0d14ee676fda100ad5') in 0.004355 seconds
Number of updated asset objects reloaded before import = 0
Number of asset objects unloaded after import = 1
========================================================================
Received Import Request.
  Time since last request: 0.000012 seconds.
  path: Assets/Resources/Animations/Effect Animations/ItemRaise.anim
  artifactKey: Guid(aaccc10578a69ed468f933bc79fed0d7) Importer(2089858483,0ecaa5967403d082aa24f35e1b516d23)
Start importing Assets/Resources/Animations/Effect Animations/ItemRaise.anim using Guid(aaccc10578a69ed468f933bc79fed0d7) Importer(2089858483,0ecaa5967403d082aa24f35e1b516d23)  -> (artifact id: '222847a3999005b21b5d8a095a2bde73') in 0.005075 seconds
Number of updated asset objects reloaded before import = 0
Number of asset objects unloaded after import = 1
========================================================================
Received Import Request.
  Time since last request: 0.000010 seconds.
  path: Assets/Resources/Prefabs/Objects/Enviroment/Lootable/Baum groß Lootable.prefab
  artifactKey: Guid(f456ea6da2c121049be472be1b015583) Importer(2089858483,0ecaa5967403d082aa24f35e1b516d23)
Start importing Assets/Resources/Prefabs/Objects/Enviroment/Lootable/Baum groß Lootable.prefab using Guid(f456ea6da2c121049be472be1b015583) Importer(2089858483,0ecaa5967403d082aa24f35e1b516d23)  -> (artifact id: 'bc311553b2769f2152f5403308c5f4d8') in 0.030243 seconds
Number of updated asset objects reloaded before import = 0
Number of asset objects unloaded after import = 118
========================================================================
Received Import Request.
  Time since last request: 0.000014 seconds.
  path: Assets/Resources/Animations/Skill Animations/Player Skill Animations/TimeStop/TimeStop.controller
  artifactKey: Guid(f3d74d13e297fdd429ce94e7a272b3dd) Importer(2089858483,0ecaa5967403d082aa24f35e1b516d23)
Start importing Assets/Resources/Animations/Skill Animations/Player Skill Animations/TimeStop/TimeStop.controller using Guid(f3d74d13e297fdd429ce94e7a272b3dd) Importer(2089858483,0ecaa5967403d082aa24f35e1b516d23)  -> (artifact id: '6a09bd99e58a0ba22fce4f532eaa8b7a') in 0.004718 seconds
Number of updated asset objects reloaded before import = 0
Number of asset objects unloaded after import = 10
========================================================================
Received Import Request.
  Time since last request: 0.000020 seconds.
  path: Assets/Scripts/Skill Scripts/Skill Hit Trigger/SkillReflector.cs
  artifactKey: Guid(b713dd2c97c4fa245bfccb8d16fcd85c) Importer(2089858483,0ecaa5967403d082aa24f35e1b516d23)
Start importing Assets/Scripts/Skill Scripts/Skill Hit Trigger/SkillReflector.cs using Guid(b713dd2c97c4fa245bfccb8d16fcd85c) Importer(2089858483,0ecaa5967403d082aa24f35e1b516d23)  -> (artifact id: '2e263057a9f4a06f052b5cac022ba9ef') in 0.003912 seconds
Number of updated asset objects reloaded before import = 0
Number of asset objects unloaded after import = 1
========================================================================
Received Import Request.
  Time since last request: 0.000011 seconds.
  path: Assets/Resources/Art/Atlas/StatusEffects.spriteatlas
  artifactKey: Guid(672e96a5dd6692443ad6f8d16a2d301d) Importer(2089858483,0ecaa5967403d082aa24f35e1b516d23)
Start importing Assets/Resources/Art/Atlas/StatusEffects.spriteatlas using Guid(672e96a5dd6692443ad6f8d16a2d301d) Importer(2089858483,0ecaa5967403d082aa24f35e1b516d23)  -> (artifact id: '0a69dc33ac2b500b7a0ff9074421c192') in 0.005340 seconds
Number of updated asset objects reloaded before import = 0
Number of asset objects unloaded after import = 1
========================================================================
Received Import Request.
  Time since last request: 0.000011 seconds.
  path: Assets/Resources/Animations/Enemy Animations/Tower/WakeUp.anim
  artifactKey: Guid(a745bed7c0ff9e34e9b603e3c94060eb) Importer(2089858483,0ecaa5967403d082aa24f35e1b516d23)
Start importing Assets/Resources/Animations/Enemy Animations/Tower/WakeUp.anim using Guid(a745bed7c0ff9e34e9b603e3c94060eb) Importer(2089858483,0ecaa5967403d082aa24f35e1b516d23)  -> (artifact id: 'c84458e54432327072d8aa6b668a31c9') in 0.006772 seconds
Number of updated asset objects reloaded before import = 0
Number of asset objects unloaded after import = 1
========================================================================
Received Import Request.
  Time since last request: 0.000019 seconds.
  path: Assets/Resources/Prefabs/UI and Menu/MiniMap/Minimap Marker Guest.prefab
  artifactKey: Guid(39cfa6831bd25a84d9e06ebfe6d967b3) Importer(2089858483,0ecaa5967403d082aa24f35e1b516d23)
Start importing Assets/Resources/Prefabs/UI and Menu/MiniMap/Minimap Marker Guest.prefab using Guid(39cfa6831bd25a84d9e06ebfe6d967b3) Importer(2089858483,0ecaa5967403d082aa24f35e1b516d23)  -> (artifact id: '8352386476afbac609812adbda7f44d8') in 0.006660 seconds
Number of updated asset objects reloaded before import = 0
Number of asset objects unloaded after import = 7
========================================================================
Received Import Request.
  Time since last request: 0.000016 seconds.
  path: Assets/Resources/Scriptable Objects/Player/PlayerSkillset.asset
  artifactKey: Guid(29dcfc276674c7e42a941d5aee79bc0e) Importer(2089858483,0ecaa5967403d082aa24f35e1b516d23)
Start importing Assets/Resources/Scriptable Objects/Player/PlayerSkillset.asset using Guid(29dcfc276674c7e42a941d5aee79bc0e) Importer(2089858483,0ecaa5967403d082aa24f35e1b516d23)  -> (artifact id: '19c345617e09b8a300b4e6abfb0cb08d') in 0.004107 seconds
Number of updated asset objects reloaded before import = 0
Number of asset objects unloaded after import = 1
========================================================================
Received Import Request.
  Time since last request: 0.000010 seconds.
  path: Assets/Resources/Audio/Soundeffects/Lava.flac
  artifactKey: Guid(df296427995e7c24c8c383bba908996c) Importer(2089858483,0ecaa5967403d082aa24f35e1b516d23)
Start importing Assets/Resources/Audio/Soundeffects/Lava.flac using Guid(df296427995e7c24c8c383bba908996c) Importer(2089858483,0ecaa5967403d082aa24f35e1b516d23)  -> (artifact id: '0646b9a6e27fd134864a05a2cc21ea8b') in 0.042517 seconds
Number of updated asset objects reloaded before import = 0
Number of asset objects unloaded after import = 1
========================================================================
Received Import Request.
  Time since last request: 0.000010 seconds.
  path: Assets/Scripts/Skill Scripts/Skill Hit Trigger/SkillChainHit.cs
  artifactKey: Guid(338c44e8eb0c80145b5aecf755770db1) Importer(2089858483,0ecaa5967403d082aa24f35e1b516d23)
Start importing Assets/Scripts/Skill Scripts/Skill Hit Trigger/SkillChainHit.cs using Guid(338c44e8eb0c80145b5aecf755770db1) Importer(2089858483,0ecaa5967403d082aa24f35e1b516d23)  -> (artifact id: '79d8772ef259f285fd885f439736ebe3') in 0.004098 seconds
Number of updated asset objects reloaded before import = 0
Number of asset objects unloaded after import = 1
========================================================================
Received Import Request.
  Time since last request: 0.000010 seconds.
  path: Assets/Resources/Prefabs/Map Parts/Essential/BackgroundMusic.prefab
  artifactKey: Guid(8d5ff37e69f760540910aa15f07fcb07) Importer(2089858483,0ecaa5967403d082aa24f35e1b516d23)
Start importing Assets/Resources/Prefabs/Map Parts/Essential/BackgroundMusic.prefab using Guid(8d5ff37e69f760540910aa15f07fcb07) Importer(2089858483,0ecaa5967403d082aa24f35e1b516d23)  -> (artifact id: 'd8a47c0a805bad786e8975ec028eaad5') in 0.045816 seconds
Number of updated asset objects reloaded before import = 0
Number of asset objects unloaded after import = 5
========================================================================
Received Import Request.
  Time since last request: 0.000013 seconds.
  path: Assets/Resources/Animations/TitleScreen Animations/Red Crystal.anim
  artifactKey: Guid(7efb154a4d6be71499995ef1169142d6) Importer(2089858483,0ecaa5967403d082aa24f35e1b516d23)
Start importing Assets/Resources/Animations/TitleScreen Animations/Red Crystal.anim using Guid(7efb154a4d6be71499995ef1169142d6) Importer(2089858483,0ecaa5967403d082aa24f35e1b516d23)  -> (artifact id: 'b6858dc56ed6c93c96616bf4815fea87') in 0.005939 seconds
Number of updated asset objects reloaded before import = 0
Number of asset objects unloaded after import = 1
========================================================================
Received Import Request.
  Time since last request: 0.000012 seconds.
  path: Assets/Resources/Animations/Menu Animations/MenuDialogBox.anim
  artifactKey: Guid(f03fe03e2a2ac2d4cb854710e72faffe) Importer(2089858483,0ecaa5967403d082aa24f35e1b516d23)
Start importing Assets/Resources/Animations/Menu Animations/MenuDialogBox.anim using Guid(f03fe03e2a2ac2d4cb854710e72faffe) Importer(2089858483,0ecaa5967403d082aa24f35e1b516d23)  -> (artifact id: 'eea04c3be748175640d3f161617d3990') in 0.006056 seconds
Number of updated asset objects reloaded before import = 0
Number of asset objects unloaded after import = 1
========================================================================
Received Import Request.
  Time since last request: 0.000011 seconds.
  path: Assets/Plugins/TextMesh Pro/Resources/Shaders/TMPro_Properties.cginc
  artifactKey: Guid(3997e2241185407d80309a82f9148466) Importer(2089858483,0ecaa5967403d082aa24f35e1b516d23)
Start importing Assets/Plugins/TextMesh Pro/Resources/Shaders/TMPro_Properties.cginc using Guid(3997e2241185407d80309a82f9148466) Importer(2089858483,0ecaa5967403d082aa24f35e1b516d23)  -> (artifact id: '480d15e65616db273881fdab33e5e48a') in 0.044636 seconds
Number of updated asset objects reloaded before import = 0
Number of asset objects unloaded after import = 1
========================================================================
Received Import Request.
  Time since last request: 0.000015 seconds.
  path: Assets/Resources/Scriptable Objects/Music/Town Theme House.asset
  artifactKey: Guid(02f13c5266810ea4dbcde2c599e8c52f) Importer(2089858483,0ecaa5967403d082aa24f35e1b516d23)
Start importing Assets/Resources/Scriptable Objects/Music/Town Theme House.asset using Guid(02f13c5266810ea4dbcde2c599e8c52f) Importer(2089858483,0ecaa5967403d082aa24f35e1b516d23)  -> (artifact id: '0b727c88bf808a1da3ed2df535722a74') in 0.005563 seconds
Number of updated asset objects reloaded before import = 0
Number of asset objects unloaded after import = 1
========================================================================
Received Import Request.
  Time since last request: 0.000018 seconds.
  path: Assets/Scripts/Skill Scripts/Skill Extensions/SkillTeleport.cs
  artifactKey: Guid(979f2acfd3b6633459166fa11c6acd26) Importer(2089858483,0ecaa5967403d082aa24f35e1b516d23)
Start importing Assets/Scripts/Skill Scripts/Skill Extensions/SkillTeleport.cs using Guid(979f2acfd3b6633459166fa11c6acd26) Importer(2089858483,0ecaa5967403d082aa24f35e1b516d23)  -> (artifact id: '14375efd7d1df4eeb52322b29366e089') in 0.004717 seconds
Number of updated asset objects reloaded before import = 0
Number of asset objects unloaded after import = 1
========================================================================
Received Import Request.
  Time since last request: 0.000012 seconds.
  path: Assets/Plugins/Demigiant/DOTween/Modules/DOTweenModuleUtils.cs
  artifactKey: Guid(7bcaf917d9cf5b84090421a5a2abe42e) Importer(2089858483,0ecaa5967403d082aa24f35e1b516d23)
Start importing Assets/Plugins/Demigiant/DOTween/Modules/DOTweenModuleUtils.cs using Guid(7bcaf917d9cf5b84090421a5a2abe42e) Importer(2089858483,0ecaa5967403d082aa24f35e1b516d23)  -> (artifact id: '5c34e7a42191dfe5bccdf890c3ed9530') in 0.004397 seconds
Number of updated asset objects reloaded before import = 0
Number of asset objects unloaded after import = 1
========================================================================
Received Import Request.
  Time since last request: 0.000012 seconds.
  path: Assets/Plugins/Demigiant/DOTween/Modules/DOTweenModulePhysics2D.cs
  artifactKey: Guid(230fe34542e175245ba74b4659dae700) Importer(2089858483,0ecaa5967403d082aa24f35e1b516d23)
Start importing Assets/Plugins/Demigiant/DOTween/Modules/DOTweenModulePhysics2D.cs using Guid(230fe34542e175245ba74b4659dae700) Importer(2089858483,0ecaa5967403d082aa24f35e1b516d23)  -> (artifact id: 'b6d93c416b9407bce9baa41a34aa6055') in 0.004832 seconds
Number of updated asset objects reloaded before import = 0
Number of asset objects unloaded after import = 1
========================================================================
Received Import Request.
  Time since last request: 0.000017 seconds.
  path: Assets/Resources/Scriptable Objects/Abilities/SkillInfo/Mana Elixier.asset
  artifactKey: Guid(277fb2720a8c20646a221bdb83dbe649) Importer(2089858483,0ecaa5967403d082aa24f35e1b516d23)
Start importing Assets/Resources/Scriptable Objects/Abilities/SkillInfo/Mana Elixier.asset using Guid(277fb2720a8c20646a221bdb83dbe649) Importer(2089858483,0ecaa5967403d082aa24f35e1b516d23)  -> (artifact id: '0fc08c53a2abfb0f460de23951f77f01') in 0.004814 seconds
Number of updated asset objects reloaded before import = 0
Number of asset objects unloaded after import = 2
========================================================================
Received Import Request.
  Time since last request: 0.000010 seconds.
  path: Assets/Resources/Scriptable Objects/Abilities/SkillInfo/Wiederbelebung.asset
  artifactKey: Guid(f79875cbe2c269c4da93ddeac3cd1743) Importer(2089858483,0ecaa5967403d082aa24f35e1b516d23)
Start importing Assets/Resources/Scriptable Objects/Abilities/SkillInfo/Wiederbelebung.asset using Guid(f79875cbe2c269c4da93ddeac3cd1743) Importer(2089858483,0ecaa5967403d082aa24f35e1b516d23)  -> (artifact id: '8e8cfa0ea98c0299a8c967b9f291d9e1') in 0.004291 seconds
Number of updated asset objects reloaded before import = 0
Number of asset objects unloaded after import = 2
========================================================================
Received Import Request.
  Time since last request: 0.000011 seconds.
  path: Assets/Plugins/Sirenix/Assemblies/NoEmitAndNoEditor/Sirenix.Serialization.dll
  artifactKey: Guid(d2a8f0021d6b47c5923d8972dfb81ef1) Importer(2089858483,0ecaa5967403d082aa24f35e1b516d23)
Start importing Assets/Plugins/Sirenix/Assemblies/NoEmitAndNoEditor/Sirenix.Serialization.dll using Guid(d2a8f0021d6b47c5923d8972dfb81ef1) Importer(2089858483,0ecaa5967403d082aa24f35e1b516d23)  -> (artifact id: '7ccaee15ff55b4498204a4d92b648a8d') in 0.008138 seconds
Number of updated asset objects reloaded before import = 0
Number of asset objects unloaded after import = 1
========================================================================
Received Import Request.
  Time since last request: 0.000012 seconds.
  path: Assets/Resources/Audio/Music/Beyond the Clouds.wav
  artifactKey: Guid(0581222bb917fe14e9727c87898b6ddc) Importer(2089858483,0ecaa5967403d082aa24f35e1b516d23)
Start importing Assets/Resources/Audio/Music/Beyond the Clouds.wav using Guid(0581222bb917fe14e9727c87898b6ddc) Importer(2089858483,0ecaa5967403d082aa24f35e1b516d23)  -> (artifact id: '4735fd477ca243bc30fcb93014695cf7') in 0.894150 seconds
Number of updated asset objects reloaded before import = 0
Number of asset objects unloaded after import = 1
========================================================================
Received Import Request.
  Time since last request: 0.000013 seconds.
  path: Assets/Plugins/AssetIcons/Editor/Scripts/AssetIconDrawer.cs
  artifactKey: Guid(65cd1e8c1b0883742ab7134fd90c0ecf) Importer(2089858483,0ecaa5967403d082aa24f35e1b516d23)
Start importing Assets/Plugins/AssetIcons/Editor/Scripts/AssetIconDrawer.cs using Guid(65cd1e8c1b0883742ab7134fd90c0ecf) Importer(2089858483,0ecaa5967403d082aa24f35e1b516d23)  -> (artifact id: '887377f5ad4f3d373f885927e733af40') in 0.004097 seconds
Number of updated asset objects reloaded before import = 0
Number of asset objects unloaded after import = 1
========================================================================
Received Import Request.
  Time since last request: 0.000023 seconds.
  path: Assets/Resources/Scriptable Objects/Player/PlayerTargetingTime.asset
  artifactKey: Guid(61d550bf1a201104a96a3235a6bce98c) Importer(2089858483,0ecaa5967403d082aa24f35e1b516d23)
Start importing Assets/Resources/Scriptable Objects/Player/PlayerTargetingTime.asset using Guid(61d550bf1a201104a96a3235a6bce98c) Importer(2089858483,0ecaa5967403d082aa24f35e1b516d23)  -> (artifact id: '7f00059de8834990e16ab543b441030a') in 0.005095 seconds
Number of updated asset objects reloaded before import = 0
Number of asset objects unloaded after import = 1
========================================================================
Received Import Request.
  Time since last request: 0.000013 seconds.
  path: Assets/Plugins/Photon/PhotonUnityNetworking/Code/Editor/PunSceneSettingsFile.asset
  artifactKey: Guid(d0aacb83307022d449e90a09d28222ae) Importer(2089858483,0ecaa5967403d082aa24f35e1b516d23)
Start importing Assets/Plugins/Photon/PhotonUnityNetworking/Code/Editor/PunSceneSettingsFile.asset using Guid(d0aacb83307022d449e90a09d28222ae) Importer(2089858483,0ecaa5967403d082aa24f35e1b516d23)  -> (artifact id: '0518844d323470342adbeb17f07af592') in 0.006197 seconds
Number of updated asset objects reloaded before import = 0
Number of asset objects unloaded after import = 1
========================================================================
Received Import Request.
  Time since last request: 0.000012 seconds.
  path: Assets/Plugins/Photon/PhotonUnityNetworking/UtilityScripts/Culling/CullArea.cs
  artifactKey: Guid(dfb1c264fdc576442b2f42c998bed4a2) Importer(2089858483,0ecaa5967403d082aa24f35e1b516d23)
Start importing Assets/Plugins/Photon/PhotonUnityNetworking/UtilityScripts/Culling/CullArea.cs using Guid(dfb1c264fdc576442b2f42c998bed4a2) Importer(2089858483,0ecaa5967403d082aa24f35e1b516d23)  -> (artifact id: 'fe7d1db6a864230267777e8c0207b5fb') in 0.004806 seconds
Number of updated asset objects reloaded before import = 0
Number of asset objects unloaded after import = 1
========================================================================
Received Import Request.
  Time since last request: 0.000021 seconds.
  path: Assets/Plugins/Photon/PhotonRealtime/Code/LoadBalancingClient.cs
  artifactKey: Guid(f4e65968c7102bf42a77b6a5cade8743) Importer(2089858483,0ecaa5967403d082aa24f35e1b516d23)
Start importing Assets/Plugins/Photon/PhotonRealtime/Code/LoadBalancingClient.cs using Guid(f4e65968c7102bf42a77b6a5cade8743) Importer(2089858483,0ecaa5967403d082aa24f35e1b516d23)  -> (artifact id: '8d849e93435f3b1a3e3262cda8156b8c') in 0.004859 seconds
Number of updated asset objects reloaded before import = 0
Number of asset objects unloaded after import = 1
========================================================================
Received Import Request.
  Time since last request: 0.000013 seconds.
  path: Assets/Resources/Animations/Skill Animations/Player Skill Animations/Impulse/Impulse.controller
  artifactKey: Guid(5162ecbf4b201a14998a1d354fac1094) Importer(2089858483,0ecaa5967403d082aa24f35e1b516d23)
Start importing Assets/Resources/Animations/Skill Animations/Player Skill Animations/Impulse/Impulse.controller using Guid(5162ecbf4b201a14998a1d354fac1094) Importer(2089858483,0ecaa5967403d082aa24f35e1b516d23)  -> (artifact id: '080fe8152ff86073fd9ff3d143aa51ea') in 0.005916 seconds
Number of updated asset objects reloaded before import = 0
Number of asset objects unloaded after import = 7
========================================================================
Received Import Request.
  Time since last request: 0.000012 seconds.
  path: Assets/Resources/Art/Characters/Player Sprites/BackGear/Wings.png
  artifactKey: Guid(f62bb46941260c84bb778a47493b2df1) Importer(2089858483,0ecaa5967403d082aa24f35e1b516d23)
Start importing Assets/Resources/Art/Characters/Player Sprites/BackGear/Wings.png using Guid(f62bb46941260c84bb778a47493b2df1) Importer(2089858483,0ecaa5967403d082aa24f35e1b516d23)  -> (artifact id: 'afa3b919038d3b6b65db662d19d1e5ce') in 0.116582 seconds
Number of updated asset objects reloaded before import = 0
Number of asset objects unloaded after import = 47
========================================================================
Received Import Request.
  Time since last request: 0.000012 seconds.
  path: Assets/Resources/Scriptable Objects/Items/Item Drops/Crafting Items/Darkness Elemental.asset
  artifactKey: Guid(55ebd58863c583542962d18303c0af1c) Importer(2089858483,0ecaa5967403d082aa24f35e1b516d23)
Start importing Assets/Resources/Scriptable Objects/Items/Item Drops/Crafting Items/Darkness Elemental.asset using Guid(55ebd58863c583542962d18303c0af1c) Importer(2089858483,0ecaa5967403d082aa24f35e1b516d23)  -> (artifact id: '924f6930eb914de0c136ecbc32640a16') in 0.009119 seconds
Number of updated asset objects reloaded before import = 0
Number of asset objects unloaded after import = 39
========================================================================
Received Import Request.
  Time since last request: 0.000010 seconds.
  path: Assets/Resources/Scriptable Objects/Items/Inventory Items/Inventory Items/Time Shard.asset
  artifactKey: Guid(33c1345d37ed1bf499d19aa398091493) Importer(2089858483,0ecaa5967403d082aa24f35e1b516d23)
Start importing Assets/Resources/Scriptable Objects/Items/Inventory Items/Inventory Items/Time Shard.asset using Guid(33c1345d37ed1bf499d19aa398091493) Importer(2089858483,0ecaa5967403d082aa24f35e1b516d23)  -> (artifact id: '6666972c43df79cbbb94a76760adb101') in 0.005059 seconds
Number of updated asset objects reloaded before import = 0
Number of asset objects unloaded after import = 2
========================================================================
Received Import Request.
  Time since last request: 0.000013 seconds.
  path: Assets/Resources/Animations/NPC Animations/Shop Vendor/Idle.anim
  artifactKey: Guid(554238ff1ae700f448e2b97bbbe4f4da) Importer(2089858483,0ecaa5967403d082aa24f35e1b516d23)
Start importing Assets/Resources/Animations/NPC Animations/Shop Vendor/Idle.anim using Guid(554238ff1ae700f448e2b97bbbe4f4da) Importer(2089858483,0ecaa5967403d082aa24f35e1b516d23)  -> (artifact id: '985af869aef7d18bcca8ff8a482542fc') in 0.004794 seconds
Number of updated asset objects reloaded before import = 0
Number of asset objects unloaded after import = 1
========================================================================
Received Import Request.
  Time since last request: 0.000017 seconds.
  path: Assets/Resources/Art/Objekte/Neutral.png
  artifactKey: Guid(198ee7de9d0908b4fba191ca893f661c) Importer(2089858483,0ecaa5967403d082aa24f35e1b516d23)
Start importing Assets/Resources/Art/Objekte/Neutral.png using Guid(198ee7de9d0908b4fba191ca893f661c) Importer(2089858483,0ecaa5967403d082aa24f35e1b516d23)  -> (artifact id: '87d1447f90e1c68f32d89a92c62f2d7a') in 0.054305 seconds
Number of updated asset objects reloaded before import = 0
Number of asset objects unloaded after import = 33
========================================================================
Received Import Request.
  Time since last request: 0.000012 seconds.
  path: Assets/Resources/Animations/Object Animations/Door/DoorClosed.anim
  artifactKey: Guid(942c5989f1994bd448c757bcd177678c) Importer(2089858483,0ecaa5967403d082aa24f35e1b516d23)
Start importing Assets/Resources/Animations/Object Animations/Door/DoorClosed.anim using Guid(942c5989f1994bd448c757bcd177678c) Importer(2089858483,0ecaa5967403d082aa24f35e1b516d23)  -> (artifact id: '2022c59008f5d57aadf572f21ae4fe80') in 0.005303 seconds
Number of updated asset objects reloaded before import = 0
Number of asset objects unloaded after import = 1
========================================================================
Received Import Request.
  Time since last request: 0.000010 seconds.
  path: Assets/Resources/Prefabs/UI and Menu/MiniMap/Minimap Marker.prefab
  artifactKey: Guid(a22003ea7ffab7e488018d68dbd01ce0) Importer(2089858483,0ecaa5967403d082aa24f35e1b516d23)
Start importing Assets/Resources/Prefabs/UI and Menu/MiniMap/Minimap Marker.prefab using Guid(a22003ea7ffab7e488018d68dbd01ce0) Importer(2089858483,0ecaa5967403d082aa24f35e1b516d23)  -> (artifact id: '7054af2ee19eadb349965b1439ace350') in 0.058812 seconds
Number of updated asset objects reloaded before import = 0
Number of asset objects unloaded after import = 5
========================================================================
Received Import Request.
  Time since last request: 0.000011 seconds.
  path: Assets/Resources/Animations/Game Animations/Context Clue.anim
  artifactKey: Guid(c10d97a07c8c25a4c9aaf8eb57561b43) Importer(2089858483,0ecaa5967403d082aa24f35e1b516d23)
Start importing Assets/Resources/Animations/Game Animations/Context Clue.anim using Guid(c10d97a07c8c25a4c9aaf8eb57561b43) Importer(2089858483,0ecaa5967403d082aa24f35e1b516d23)  -> (artifact id: 'ccbe839a0c34d76779f7d60e32ae46b6') in 0.009258 seconds
Number of updated asset objects reloaded before import = 0
Number of asset objects unloaded after import = 1
========================================================================
Received Import Request.
  Time since last request: 0.000011 seconds.
  path: Assets/Resources/Audio/Soundeffects/Sword Swing.wav
  artifactKey: Guid(5524b6e8c3f491c42a39af04a2460765) Importer(2089858483,0ecaa5967403d082aa24f35e1b516d23)
Start importing Assets/Resources/Audio/Soundeffects/Sword Swing.wav using Guid(5524b6e8c3f491c42a39af04a2460765) Importer(2089858483,0ecaa5967403d082aa24f35e1b516d23)  -> (artifact id: '6db314f8f2a214b78a8f76609071b6d8') in 0.021710 seconds
Number of updated asset objects reloaded before import = 0
Number of asset objects unloaded after import = 1
========================================================================
Received Import Request.
  Time since last request: 0.000011 seconds.
  path: Assets/Resources/Scriptable Objects/Items/Item Drops/Inventory Items/Health Potion.asset
  artifactKey: Guid(f81fc42a5a8de0f48b3e4dfaa15c8cc0) Importer(2089858483,0ecaa5967403d082aa24f35e1b516d23)
Start importing Assets/Resources/Scriptable Objects/Items/Item Drops/Inventory Items/Health Potion.asset using Guid(f81fc42a5a8de0f48b3e4dfaa15c8cc0) Importer(2089858483,0ecaa5967403d082aa24f35e1b516d23)  -> (artifact id: '54500e18fa03551b83ae142917a39281') in 0.011663 seconds
Number of updated asset objects reloaded before import = 0
Number of asset objects unloaded after import = 50
========================================================================
Received Import Request.
  Time since last request: 0.000012 seconds.
  path: Assets/Resources/Prefabs/Objects/Enviroment/No Loot/Stein groß.prefab
  artifactKey: Guid(6099ea2a66ee8ea4294ea745151fa5e7) Importer(2089858483,0ecaa5967403d082aa24f35e1b516d23)
Start importing Assets/Resources/Prefabs/Objects/Enviroment/No Loot/Stein groß.prefab using Guid(6099ea2a66ee8ea4294ea745151fa5e7) Importer(2089858483,0ecaa5967403d082aa24f35e1b516d23)  -> (artifact id: 'a7b4cbe508014471ef5d981839d98c6c') in 0.060403 seconds
Number of updated asset objects reloaded before import = 0
Number of asset objects unloaded after import = 11
========================================================================
Received Import Request.
  Time since last request: 0.000017 seconds.
  path: Assets/Resources/Animations/PostProcessing Animations/Post Processing.controller
  artifactKey: Guid(cb8bc41c83e8f2c44b2782ea5863f1e1) Importer(2089858483,0ecaa5967403d082aa24f35e1b516d23)
Start importing Assets/Resources/Animations/PostProcessing Animations/Post Processing.controller using Guid(cb8bc41c83e8f2c44b2782ea5863f1e1) Importer(2089858483,0ecaa5967403d082aa24f35e1b516d23)  -> (artifact id: '1a21956049361f61877080a740400946') in 0.071363 seconds
Number of updated asset objects reloaded before import = 0
Number of asset objects unloaded after import = 4
========================================================================
Received Import Request.
  Time since last request: 0.000018 seconds.
  path: Assets/Scripts/Character Scripts/Player Scripts/PlayerControls.cs
  artifactKey: Guid(f5da007512d757a42ae69959804f2f63) Importer(2089858483,0ecaa5967403d082aa24f35e1b516d23)
Start importing Assets/Scripts/Character Scripts/Player Scripts/PlayerControls.cs using Guid(f5da007512d757a42ae69959804f2f63) Importer(2089858483,0ecaa5967403d082aa24f35e1b516d23)  -> (artifact id: '5ba4489f4af1d68731bbae33a9cded30') in 0.004541 seconds
Number of updated asset objects reloaded before import = 0
Number of asset objects unloaded after import = 1
========================================================================
Received Import Request.
  Time since last request: 0.000011 seconds.
  path: Assets/Plugins/AssetIcons/Editor/Scripts/Internal/Product/ProductVersionModel.cs
  artifactKey: Guid(4985b58f4a35fb44e94aef8d1df1537a) Importer(2089858483,0ecaa5967403d082aa24f35e1b516d23)
Start importing Assets/Plugins/AssetIcons/Editor/Scripts/Internal/Product/ProductVersionModel.cs using Guid(4985b58f4a35fb44e94aef8d1df1537a) Importer(2089858483,0ecaa5967403d082aa24f35e1b516d23)  -> (artifact id: '1f84f6739a9944ef53e767c07054b1c5') in 0.003599 seconds
Number of updated asset objects reloaded before import = 0
Number of asset objects unloaded after import = 1
========================================================================
Received Import Request.
  Time since last request: 0.000010 seconds.
  path: Assets/Resources/Prefabs/Items/Consumables/God Mode.prefab
  artifactKey: Guid(be598d298d244f64b847c95e0608323b) Importer(2089858483,0ecaa5967403d082aa24f35e1b516d23)
Start importing Assets/Resources/Prefabs/Items/Consumables/God Mode.prefab using Guid(be598d298d244f64b847c95e0608323b) Importer(2089858483,0ecaa5967403d082aa24f35e1b516d23)  -> (artifact id: '9ac6e26dca26acf0897c41eaf10ee470') in 0.012361 seconds
Number of updated asset objects reloaded before import = 0
Number of asset objects unloaded after import = 37
========================================================================
Received Import Request.
  Time since last request: 0.000012 seconds.
  path: Assets/Resources/Scriptable Objects/Aggro Behaviors/Aggressive Enemy.asset
  artifactKey: Guid(74151ff649b937b418adb75846e519d1) Importer(2089858483,0ecaa5967403d082aa24f35e1b516d23)
Start importing Assets/Resources/Scriptable Objects/Aggro Behaviors/Aggressive Enemy.asset using Guid(74151ff649b937b418adb75846e519d1) Importer(2089858483,0ecaa5967403d082aa24f35e1b516d23)  -> (artifact id: '33b8d409de0b374d0dc2319b16700054') in 0.004029 seconds
Number of updated asset objects reloaded before import = 0
Number of asset objects unloaded after import = 2
========================================================================
Received Import Request.
  Time since last request: 0.000010 seconds.
  path: Assets/Resources/Scriptable Objects/Menu/TeleportPath.asset
  artifactKey: Guid(ebb857b22648d554582ab5a8a1c4ee5c) Importer(2089858483,0ecaa5967403d082aa24f35e1b516d23)
Start importing Assets/Resources/Scriptable Objects/Menu/TeleportPath.asset using Guid(ebb857b22648d554582ab5a8a1c4ee5c) Importer(2089858483,0ecaa5967403d082aa24f35e1b516d23)  -> (artifact id: 'abc6c1b233a67edb757bc6eb3c91ddc3') in 0.005520 seconds
Number of updated asset objects reloaded before import = 0
Number of asset objects unloaded after import = 1
========================================================================
Received Import Request.
  Time since last request: 0.000012 seconds.
  path: Assets/Resources/Scriptable Objects/Items/Item Drops/Currencies/Key.asset
  artifactKey: Guid(60bdad00fcd05fd4b923a51c62f37343) Importer(2089858483,0ecaa5967403d082aa24f35e1b516d23)
Start importing Assets/Resources/Scriptable Objects/Items/Item Drops/Currencies/Key.asset using Guid(60bdad00fcd05fd4b923a51c62f37343) Importer(2089858483,0ecaa5967403d082aa24f35e1b516d23)  -> (artifact id: 'a367e7c5f023e9b9d4025a492c5a99c4') in 0.008171 seconds
Number of updated asset objects reloaded before import = 0
Number of asset objects unloaded after import = 26
========================================================================
Received Import Request.
  Time since last request: 0.000012 seconds.
  path: Assets/Scripts/Skill Scripts/Modules/SkillSenderModule.cs
  artifactKey: Guid(f5f157a3318c090498a817369319f98f) Importer(2089858483,0ecaa5967403d082aa24f35e1b516d23)
Start importing Assets/Scripts/Skill Scripts/Modules/SkillSenderModule.cs using Guid(f5f157a3318c090498a817369319f98f) Importer(2089858483,0ecaa5967403d082aa24f35e1b516d23)  -> (artifact id: '6b5ae0ae05a87f53acc24ad3cdd3e9ce') in 0.004139 seconds
Number of updated asset objects reloaded before import = 0
Number of asset objects unloaded after import = 1
========================================================================
Received Import Request.
  Time since last request: 0.000010 seconds.
  path: Assets/Resources/Scriptable Objects/Items/Item Drops/Crafting Items/Water.asset
  artifactKey: Guid(a3200f9b0709e574da6849a3ac970b9f) Importer(2089858483,0ecaa5967403d082aa24f35e1b516d23)
Start importing Assets/Resources/Scriptable Objects/Items/Item Drops/Crafting Items/Water.asset using Guid(a3200f9b0709e574da6849a3ac970b9f) Importer(2089858483,0ecaa5967403d082aa24f35e1b516d23)  -> (artifact id: 'eaae585300fd723df16b605635c29e81') in 0.008752 seconds
Number of updated asset objects reloaded before import = 0
Number of asset objects unloaded after import = 27
========================================================================
Received Import Request.
  Time since last request: 0.000012 seconds.
  path: Assets/Plugins/Sirenix/Odin Inspector/Assets/Editor/Odin Inspector Logo.png
  artifactKey: Guid(a78bffbeb81b48ae9ec71ad7969613e5) Importer(2089858483,0ecaa5967403d082aa24f35e1b516d23)
Start importing Assets/Plugins/Sirenix/Odin Inspector/Assets/Editor/Odin Inspector Logo.png using Guid(a78bffbeb81b48ae9ec71ad7969613e5) Importer(2089858483,0ecaa5967403d082aa24f35e1b516d23)  -> (artifact id: '0810d97c3172cfce5e784cb21bff32f5') in 0.071806 seconds
Number of updated asset objects reloaded before import = 0
Number of asset objects unloaded after import = 1
========================================================================
Received Import Request.
  Time since last request: 0.000011 seconds.
  path: Assets/Resources/Prefabs/Skills/Player Skills/Frostspitze.prefab
  artifactKey: Guid(6a591ac65c4a2fb4a866e9cadce0ebe7) Importer(2089858483,0ecaa5967403d082aa24f35e1b516d23)
Start importing Assets/Resources/Prefabs/Skills/Player Skills/Frostspitze.prefab using Guid(6a591ac65c4a2fb4a866e9cadce0ebe7) Importer(2089858483,0ecaa5967403d082aa24f35e1b516d23)  -> (artifact id: '862a01e2f330511da24b6fc6bd1a2ed9') in 0.050750 seconds
Number of updated asset objects reloaded before import = 0
Number of asset objects unloaded after import = 66
========================================================================
Received Import Request.
  Time since last request: 0.000014 seconds.
  path: Assets/Resources/Scriptable Objects/Character Creation/Presets/Unicorn.asset
  artifactKey: Guid(adf83001bc96c03448e01795985d836f) Importer(2089858483,0ecaa5967403d082aa24f35e1b516d23)
Start importing Assets/Resources/Scriptable Objects/Character Creation/Presets/Unicorn.asset using Guid(adf83001bc96c03448e01795985d836f) Importer(2089858483,0ecaa5967403d082aa24f35e1b516d23)  -> (artifact id: 'a362ed875109ad0000b0f3cec00fb48a') in 0.055767 seconds
Number of updated asset objects reloaded before import = 0
Number of asset objects unloaded after import = 32
========================================================================
Received Import Request.
  Time since last request: 0.000022 seconds.
  path: Assets/Scripts/Character Scripts/NPC/AIComponent.cs
  artifactKey: Guid(f6e6cc13d533fa944a80a5beaab0b1e7) Importer(2089858483,0ecaa5967403d082aa24f35e1b516d23)
Start importing Assets/Scripts/Character Scripts/NPC/AIComponent.cs using Guid(f6e6cc13d533fa944a80a5beaab0b1e7) Importer(2089858483,0ecaa5967403d082aa24f35e1b516d23)  -> (artifact id: 'c1af7d790dbc6a0a20afdcbd5560844c') in 0.004539 seconds
Number of updated asset objects reloaded before import = 0
Number of asset objects unloaded after import = 1
========================================================================
Received Import Request.
  Time since last request: 0.000012 seconds.
  path: Assets/Scripts/Skill Scripts/Modules/SkillAnimationModule.cs
  artifactKey: Guid(4d44454d412804a458660d8e2e5f1db1) Importer(2089858483,0ecaa5967403d082aa24f35e1b516d23)
Start importing Assets/Scripts/Skill Scripts/Modules/SkillAnimationModule.cs using Guid(4d44454d412804a458660d8e2e5f1db1) Importer(2089858483,0ecaa5967403d082aa24f35e1b516d23)  -> (artifact id: 'f66076d4ac18928e5ec4df607f558545') in 0.004060 seconds
Number of updated asset objects reloaded before import = 0
Number of asset objects unloaded after import = 1
========================================================================
Received Import Request.
  Time since last request: 0.000011 seconds.
  path: Assets/Plugins/Demigiant/DOTween/Editor/DOTweenEditor.XML
  artifactKey: Guid(2e2c6224d345d9249acfa6e8ef40bb2d) Importer(2089858483,0ecaa5967403d082aa24f35e1b516d23)
Start importing Assets/Plugins/Demigiant/DOTween/Editor/DOTweenEditor.XML using Guid(2e2c6224d345d9249acfa6e8ef40bb2d) Importer(2089858483,0ecaa5967403d082aa24f35e1b516d23)  -> (artifact id: 'f38dc29f7ba895b3bb8b9c7662cd0d02') in 0.121544 seconds
Number of updated asset objects reloaded before import = 0
Number of asset objects unloaded after import = 1
========================================================================
Received Import Request.
  Time since last request: 0.000013 seconds.
  path: Assets/Resources/Animations/Object Animations/Bush/Busch.controller
  artifactKey: Guid(aae03385bb61b2746ae540289464a4b1) Importer(2089858483,0ecaa5967403d082aa24f35e1b516d23)
Start importing Assets/Resources/Animations/Object Animations/Bush/Busch.controller using Guid(aae03385bb61b2746ae540289464a4b1) Importer(2089858483,0ecaa5967403d082aa24f35e1b516d23)  -> (artifact id: '89b61090462225dc45320f23d32541e4') in 0.005029 seconds
Number of updated asset objects reloaded before import = 0
Number of asset objects unloaded after import = 11
========================================================================
Received Import Request.
  Time since last request: 0.000011 seconds.
  path: Assets/Resources/Prefabs/Game/Required/Main Camera.prefab
  artifactKey: Guid(affd3bb7ad3adc14894abd28f01e86d4) Importer(2089858483,0ecaa5967403d082aa24f35e1b516d23)
Start importing Assets/Resources/Prefabs/Game/Required/Main Camera.prefab using Guid(affd3bb7ad3adc14894abd28f01e86d4) Importer(2089858483,0ecaa5967403d082aa24f35e1b516d23)  -> (artifact id: '028e3cd87840d9b17b10d506d29bc181') in 0.038089 seconds
Number of updated asset objects reloaded before import = 0
Number of asset objects unloaded after import = 11
========================================================================
Received Import Request.
  Time since last request: 0.000011 seconds.
  path: Assets/Scripts/Menu Scripts/Attributes/CharacterAttributeMenu.cs
  artifactKey: Guid(fecc3c6ce4d785949b2eb9d7f60e013a) Importer(2089858483,0ecaa5967403d082aa24f35e1b516d23)
Start importing Assets/Scripts/Menu Scripts/Attributes/CharacterAttributeMenu.cs using Guid(fecc3c6ce4d785949b2eb9d7f60e013a) Importer(2089858483,0ecaa5967403d082aa24f35e1b516d23)  -> (artifact id: 'cf9073e45a747f4f815cb406169a0dd9') in 0.006866 seconds
Number of updated asset objects reloaded before import = 0
Number of asset objects unloaded after import = 1
========================================================================
Received Import Request.
  Time since last request: 0.000013 seconds.
  path: Assets/Resources/Scriptable Objects/Items/Item Stats/Abilities/Laser.asset
  artifactKey: Guid(46fb10b6dd5c22a4f8261caeb4617704) Importer(2089858483,0ecaa5967403d082aa24f35e1b516d23)
Start importing Assets/Resources/Scriptable Objects/Items/Item Stats/Abilities/Laser.asset using Guid(46fb10b6dd5c22a4f8261caeb4617704) Importer(2089858483,0ecaa5967403d082aa24f35e1b516d23)  -> (artifact id: '6b9fa2e5b56a33598b22c6497bc7be48') in 0.008648 seconds
Number of updated asset objects reloaded before import = 0
Number of asset objects unloaded after import = 48
========================================================================
Received Import Request.
  Time since last request: 0.000017 seconds.
  path: Assets/Resources/Prefabs/UI and Menu/MiniMap/Minimap Marker Treasure.prefab
  artifactKey: Guid(8c8a0395715c8cf4cac071d09a67fa23) Importer(2089858483,0ecaa5967403d082aa24f35e1b516d23)
Start importing Assets/Resources/Prefabs/UI and Menu/MiniMap/Minimap Marker Treasure.prefab using Guid(8c8a0395715c8cf4cac071d09a67fa23) Importer(2089858483,0ecaa5967403d082aa24f35e1b516d23)  -> (artifact id: 'bccbfb04b1b113753ecaf0e894bcb8d1') in 0.006534 seconds
Number of updated asset objects reloaded before import = 0
Number of asset objects unloaded after import = 7
========================================================================
Received Import Request.
  Time since last request: 0.000016 seconds.
  path: Assets/Resources/Prefabs/UI and Menu/UI Parts/Black Screen.prefab
  artifactKey: Guid(c07991eef82d315498cda38ca7ec8df0) Importer(2089858483,0ecaa5967403d082aa24f35e1b516d23)
Start importing Assets/Resources/Prefabs/UI and Menu/UI Parts/Black Screen.prefab using Guid(c07991eef82d315498cda38ca7ec8df0) Importer(2089858483,0ecaa5967403d082aa24f35e1b516d23)  -> (artifact id: '0f13112b4acdc59d7ef6b5e864bb15c5') in 0.020893 seconds
Number of updated asset objects reloaded before import = 0
Number of asset objects unloaded after import = 13
========================================================================
Received Import Request.
  Time since last request: 0.000010 seconds.
  path: Assets/Resources/Art/Weather/earthshake Emission.png
  artifactKey: Guid(c2b58a9d94a65f3429f8313e2aa946ee) Importer(2089858483,0ecaa5967403d082aa24f35e1b516d23)
Start importing Assets/Resources/Art/Weather/earthshake Emission.png using Guid(c2b58a9d94a65f3429f8313e2aa946ee) Importer(2089858483,0ecaa5967403d082aa24f35e1b516d23)  -> (artifact id: 'f40ce46d9513fa6550fd68edb069ec28') in 0.013407 seconds
Number of updated asset objects reloaded before import = 0
Number of asset objects unloaded after import = 1
========================================================================
Received Import Request.
  Time since last request: 0.000013 seconds.
  path: Assets/Resources/Prefabs/Items/Key Items/Map.prefab
  artifactKey: Guid(724f82adc005cd149976dfd7a3334e10) Importer(2089858483,0ecaa5967403d082aa24f35e1b516d23)
Start importing Assets/Resources/Prefabs/Items/Key Items/Map.prefab using Guid(724f82adc005cd149976dfd7a3334e10) Importer(2089858483,0ecaa5967403d082aa24f35e1b516d23)  -> (artifact id: 'a86c9419072c88e1a0cf6ef3648038ba') in 0.012746 seconds
Number of updated asset objects reloaded before import = 0
Number of asset objects unloaded after import = 39
========================================================================
Received Import Request.
  Time since last request: 0.000011 seconds.
  path: Assets/Resources/Prefabs/Map Parts/Essential/BackgroundImage.prefab
  artifactKey: Guid(9f32082271e9284479c210172c055fe0) Importer(2089858483,0ecaa5967403d082aa24f35e1b516d23)
Start importing Assets/Resources/Prefabs/Map Parts/Essential/BackgroundImage.prefab using Guid(9f32082271e9284479c210172c055fe0) Importer(2089858483,0ecaa5967403d082aa24f35e1b516d23)  -> (artifact id: '170a453dcf2cf91b05e0695d557700dc') in 0.019477 seconds
Number of updated asset objects reloaded before import = 0
Number of asset objects unloaded after import = 19
========================================================================
Received Import Request.
  Time since last request: 0.000013 seconds.
  path: Assets/Resources/Art/Statuseffects/StatusEffectSprites.png
  artifactKey: Guid(cc34ff18d4cdf5d4f94f1523c7d4007d) Importer(2089858483,0ecaa5967403d082aa24f35e1b516d23)
Start importing Assets/Resources/Art/Statuseffects/StatusEffectSprites.png using Guid(cc34ff18d4cdf5d4f94f1523c7d4007d) Importer(2089858483,0ecaa5967403d082aa24f35e1b516d23)  -> (artifact id: 'b9710ef0c9cd0bbb180cbdc1e19975f6') in 0.056625 seconds
Number of updated asset objects reloaded before import = 0
Number of asset objects unloaded after import = 31
========================================================================
Received Import Request.
  Time since last request: 0.000012 seconds.
  path: Assets/Materials/Shaders/Experimental Shaders/Materials/Test.mat
  artifactKey: Guid(a35cae2118848fd43b7e175ef41b123d) Importer(2089858483,0ecaa5967403d082aa24f35e1b516d23)
Start importing Assets/Materials/Shaders/Experimental Shaders/Materials/Test.mat using Guid(a35cae2118848fd43b7e175ef41b123d) Importer(2089858483,0ecaa5967403d082aa24f35e1b516d23)  -> (artifact id: '955e5bf4270d9f47423601b8f91ed77d') in 0.004876 seconds
Number of updated asset objects reloaded before import = 0
Number of asset objects unloaded after import = 2
========================================================================
Received Import Request.
  Time since last request: 0.000012 seconds.
  path: Assets/Resources/Scriptable Objects/StatusEffects/Stone.asset
  artifactKey: Guid(7be25678a228822498387918f046e072) Importer(2089858483,0ecaa5967403d082aa24f35e1b516d23)
Start importing Assets/Resources/Scriptable Objects/StatusEffects/Stone.asset using Guid(7be25678a228822498387918f046e072) Importer(2089858483,0ecaa5967403d082aa24f35e1b516d23)  -> (artifact id: 'ca2580d0eff2785097ecb462eef3309c') in 0.005626 seconds
Number of updated asset objects reloaded before import = 0
Number of asset objects unloaded after import = 2
========================================================================
Received Import Request.
  Time since last request: 0.000011 seconds.
  path: Assets/Resources/Prefabs/Lights/Map/Spalt Licht.prefab
  artifactKey: Guid(8765a7e686a0f604dac06c21e4a6fff8) Importer(2089858483,0ecaa5967403d082aa24f35e1b516d23)
Start importing Assets/Resources/Prefabs/Lights/Map/Spalt Licht.prefab using Guid(8765a7e686a0f604dac06c21e4a6fff8) Importer(2089858483,0ecaa5967403d082aa24f35e1b516d23)  -> (artifact id: 'fc89d40fbe49c9c17d5a6685e634dc3b') in 0.007497 seconds
Number of updated asset objects reloaded before import = 0
Number of asset objects unloaded after import = 11
========================================================================
Received Import Request.
  Time since last request: 0.000010 seconds.
  path: Assets/Resources/Scriptable Objects/Indicators/Blue Laser.asset
  artifactKey: Guid(8ec22e3d527240a4cad15dadddee29ba) Importer(2089858483,0ecaa5967403d082aa24f35e1b516d23)
Start importing Assets/Resources/Scriptable Objects/Indicators/Blue Laser.asset using Guid(8ec22e3d527240a4cad15dadddee29ba) Importer(2089858483,0ecaa5967403d082aa24f35e1b516d23)  -> (artifact id: 'e7c8ccb8c802a4c02255ee4f8021d674') in 0.005130 seconds
Number of updated asset objects reloaded before import = 0
Number of asset objects unloaded after import = 11
========================================================================
Received Import Request.
  Time since last request: 0.000012 seconds.
  path: Assets/Resources/Animations/TitleScreen Animations/Crystal.anim
  artifactKey: Guid(9c77b6c5b7cf2314c95f011db5ee5f83) Importer(2089858483,0ecaa5967403d082aa24f35e1b516d23)
Start importing Assets/Resources/Animations/TitleScreen Animations/Crystal.anim using Guid(9c77b6c5b7cf2314c95f011db5ee5f83) Importer(2089858483,0ecaa5967403d082aa24f35e1b516d23)  -> (artifact id: '1b9cb350d2b17e62490e5d3acb7532c7') in 0.005076 seconds
Number of updated asset objects reloaded before import = 0
Number of asset objects unloaded after import = 1
========================================================================
Received Import Request.
  Time since last request: 0.000019 seconds.
  path: Assets/Resources/Prefabs/Skills/Misc Skills/Flamme.prefab
  artifactKey: Guid(d1056da7aa1a39a4083ef2fc5c4f1bc1) Importer(2089858483,0ecaa5967403d082aa24f35e1b516d23)
Start importing Assets/Resources/Prefabs/Skills/Misc Skills/Flamme.prefab using Guid(d1056da7aa1a39a4083ef2fc5c4f1bc1) Importer(2089858483,0ecaa5967403d082aa24f35e1b516d23)  -> (artifact id: '173f4f3dc34d87a0c4485a8d66ba5085') in 0.056368 seconds
Number of updated asset objects reloaded before import = 0
Number of asset objects unloaded after import = 38
========================================================================
Received Import Request.
  Time since last request: 0.000010 seconds.
  path: Assets/Resources/Animations/Enemy Animations/Blob/Respawn.anim
  artifactKey: Guid(b79bb73eb92fee74481d31c486b465ba) Importer(2089858483,0ecaa5967403d082aa24f35e1b516d23)
Start importing Assets/Resources/Animations/Enemy Animations/Blob/Respawn.anim using Guid(b79bb73eb92fee74481d31c486b465ba) Importer(2089858483,0ecaa5967403d082aa24f35e1b516d23)  -> (artifact id: 'd09b2e9882dea9aec26355ea73f1d2b6') in 0.006378 seconds
Number of updated asset objects reloaded before import = 0
Number of asset objects unloaded after import = 1
========================================================================
Received Import Request.
  Time since last request: 0.000011 seconds.
  path: Assets/Resources/Animations/Skill Animations/Player Skill Animations/Laser/Laser Hit.anim
  artifactKey: Guid(af9e842dba75c9c4ebfb708e10ebae86) Importer(2089858483,0ecaa5967403d082aa24f35e1b516d23)
Start importing Assets/Resources/Animations/Skill Animations/Player Skill Animations/Laser/Laser Hit.anim using Guid(af9e842dba75c9c4ebfb708e10ebae86) Importer(2089858483,0ecaa5967403d082aa24f35e1b516d23)  -> (artifact id: '5e5980eda12a5a9775dda6659bad3aa2') in 0.023257 seconds
Number of updated asset objects reloaded before import = 0
Number of asset objects unloaded after import = 1
========================================================================
Received Import Request.
  Time since last request: 0.000013 seconds.
  path: Assets/Resources/Animations/Player Animations/GoSleep.anim
  artifactKey: Guid(6b442f3437eec9b429ababc24eba0b3c) Importer(2089858483,0ecaa5967403d082aa24f35e1b516d23)
Start importing Assets/Resources/Animations/Player Animations/GoSleep.anim using Guid(6b442f3437eec9b429ababc24eba0b3c) Importer(2089858483,0ecaa5967403d082aa24f35e1b516d23)  -> (artifact id: 'd1ea030d05839c927715f965a543f13c') in 0.006333 seconds
Number of updated asset objects reloaded before import = 0
Number of asset objects unloaded after import = 1
========================================================================
Received Import Request.
  Time since last request: 0.000012 seconds.
  path: Assets/Scripts/Skill Scripts/Helper/SkillArenaSize.cs
  artifactKey: Guid(31c860ddd650a5e44ba9e4b3411ed547) Importer(2089858483,0ecaa5967403d082aa24f35e1b516d23)
Start importing Assets/Scripts/Skill Scripts/Helper/SkillArenaSize.cs using Guid(31c860ddd650a5e44ba9e4b3411ed547) Importer(2089858483,0ecaa5967403d082aa24f35e1b516d23)  -> (artifact id: '08af5f26fc7b39a9aa86f180c82ed142') in 0.004622 seconds
Number of updated asset objects reloaded before import = 0
Number of asset objects unloaded after import = 1
========================================================================
Received Import Request.
  Time since last request: 0.000014 seconds.
  path: Assets/Resources/Prefabs/Items/Inventory Items/Antidot.prefab
  artifactKey: Guid(7068d4f0f4dace14b99ad94094add34c) Importer(2089858483,0ecaa5967403d082aa24f35e1b516d23)
Start importing Assets/Resources/Prefabs/Items/Inventory Items/Antidot.prefab using Guid(7068d4f0f4dace14b99ad94094add34c) Importer(2089858483,0ecaa5967403d082aa24f35e1b516d23)  -> (artifact id: 'bd0783f3dd93305c2f37e9839e44c691') in 0.012515 seconds
Number of updated asset objects reloaded before import = 0
Number of asset objects unloaded after import = 48
========================================================================
Received Import Request.
  Time since last request: 0.000026 seconds.
  path: Assets/Scripts/Scriptable Objects/Objects/Util/PlayerSpriteTool.cs
  artifactKey: Guid(714be728be28c4745a29dfac6f6f59cc) Importer(2089858483,0ecaa5967403d082aa24f35e1b516d23)
Start importing Assets/Scripts/Scriptable Objects/Objects/Util/PlayerSpriteTool.cs using Guid(714be728be28c4745a29dfac6f6f59cc) Importer(2089858483,0ecaa5967403d082aa24f35e1b516d23)  -> (artifact id: '6c5e8802e97896e3d84c4142685f030a') in 0.004577 seconds
Number of updated asset objects reloaded before import = 0
Number of asset objects unloaded after import = 1
========================================================================
Received Import Request.
  Time since last request: 0.000012 seconds.
  path: Assets/Resources/Scriptable Objects/Character Stats/Pets/Eos.asset
  artifactKey: Guid(acdb7e089d2b9dc449dc40f1dfdf12c5) Importer(2089858483,0ecaa5967403d082aa24f35e1b516d23)
Start importing Assets/Resources/Scriptable Objects/Character Stats/Pets/Eos.asset using Guid(acdb7e089d2b9dc449dc40f1dfdf12c5) Importer(2089858483,0ecaa5967403d082aa24f35e1b516d23)  -> (artifact id: 'bfb7b8603360dbc0c5379f5e0b3cc283') in 0.007398 seconds
Number of updated asset objects reloaded before import = 0
Number of asset objects unloaded after import = 2
========================================================================
Received Import Request.
  Time since last request: 0.000011 seconds.
  path: Assets/Resources/Prefabs/Map Parts/Weather/Cave Drops.prefab
  artifactKey: Guid(8627046a8e6b43f46981e35194c713bd) Importer(2089858483,0ecaa5967403d082aa24f35e1b516d23)
Start importing Assets/Resources/Prefabs/Map Parts/Weather/Cave Drops.prefab using Guid(8627046a8e6b43f46981e35194c713bd) Importer(2089858483,0ecaa5967403d082aa24f35e1b516d23)  -> (artifact id: '1d57370b9503cf46af4c1c22922c81fd') in 0.125709 seconds
Number of updated asset objects reloaded before import = 0
Number of asset objects unloaded after import = 10
========================================================================
Received Import Request.
  Time since last request: 0.000014 seconds.
  path: Assets/Resources/Scriptable Objects/Abilities/Skills/Player Skills/Arkaner Impuls.asset
  artifactKey: Guid(344bff932339c474a9590c9e3eb7df98) Importer(2089858483,0ecaa5967403d082aa24f35e1b516d23)
Start importing Assets/Resources/Scriptable Objects/Abilities/Skills/Player Skills/Arkaner Impuls.asset using Guid(344bff932339c474a9590c9e3eb7df98) Importer(2089858483,0ecaa5967403d082aa24f35e1b516d23)  -> (artifact id: '149b328d279c0d884ad1229a3d0c5970') in 0.008798 seconds
Number of updated asset objects reloaded before import = 0
Number of asset objects unloaded after import = 43
========================================================================
Received Import Request.
  Time since last request: 0.000016 seconds.
  path: Assets/Resources/Art/Skills/Boss Skills/Boss Skills Emission.png
  artifactKey: Guid(51eb7e983ff904d43a76e1973485871a) Importer(2089858483,0ecaa5967403d082aa24f35e1b516d23)
Start importing Assets/Resources/Art/Skills/Boss Skills/Boss Skills Emission.png using Guid(51eb7e983ff904d43a76e1973485871a) Importer(2089858483,0ecaa5967403d082aa24f35e1b516d23)  -> (artifact id: '6f0e65939287286baa4ab985dc51425d') in 0.013690 seconds
Number of updated asset objects reloaded before import = 0
Number of asset objects unloaded after import = 1
========================================================================
Received Import Request.
  Time since last request: 0.000013 seconds.
  path: Assets/Scripts/Scriptable Objects/Objects/AI/AIPhase.cs
  artifactKey: Guid(b76a19f9cb4d358498823753290d243d) Importer(2089858483,0ecaa5967403d082aa24f35e1b516d23)
Start importing Assets/Scripts/Scriptable Objects/Objects/AI/AIPhase.cs using Guid(b76a19f9cb4d358498823753290d243d) Importer(2089858483,0ecaa5967403d082aa24f35e1b516d23)  -> (artifact id: '3ad58503a64f1d669522c48713611938') in 0.003823 seconds
Number of updated asset objects reloaded before import = 0
Number of asset objects unloaded after import = 1
========================================================================
Received Import Request.
  Time since last request: 0.000011 seconds.
  path: Assets/Resources/Prefabs/Skills/Player Skills/Stromschlag.prefab
  artifactKey: Guid(8d38c6d44fc7878428ee4d926eeff611) Importer(2089858483,0ecaa5967403d082aa24f35e1b516d23)
Start importing Assets/Resources/Prefabs/Skills/Player Skills/Stromschlag.prefab using Guid(8d38c6d44fc7878428ee4d926eeff611) Importer(2089858483,0ecaa5967403d082aa24f35e1b516d23)  -> (artifact id: '0c46c1f52a53025878a3ed5f224f8847') in 0.016310 seconds
Number of updated asset objects reloaded before import = 0
Number of asset objects unloaded after import = 44
========================================================================
Received Import Request.
  Time since last request: 0.000012 seconds.
  path: Assets/Resources/Scriptable Objects/Items/Item Drops/Key Items/Stone Plates.asset
  artifactKey: Guid(59c554519252f4840a4ed493b97a1b23) Importer(2089858483,0ecaa5967403d082aa24f35e1b516d23)
Start importing Assets/Resources/Scriptable Objects/Items/Item Drops/Key Items/Stone Plates.asset using Guid(59c554519252f4840a4ed493b97a1b23) Importer(2089858483,0ecaa5967403d082aa24f35e1b516d23)  -> (artifact id: '41588d4e94fa270923f16d10f50def21') in 0.008689 seconds
Number of updated asset objects reloaded before import = 0
Number of asset objects unloaded after import = 35
========================================================================
Received Import Request.
  Time since last request: 0.000010 seconds.
  path: Assets/Resources/Scriptable Objects/Music/City in the Sky.asset
  artifactKey: Guid(941cc5cb79ca6b144907ed9cc8de0c42) Importer(2089858483,0ecaa5967403d082aa24f35e1b516d23)
Start importing Assets/Resources/Scriptable Objects/Music/City in the Sky.asset using Guid(941cc5cb79ca6b144907ed9cc8de0c42) Importer(2089858483,0ecaa5967403d082aa24f35e1b516d23)  -> (artifact id: 'f40f46eac4e0402231fa6cf16ba79097') in 0.004713 seconds
Number of updated asset objects reloaded before import = 0
Number of asset objects unloaded after import = 1
========================================================================
Received Import Request.
  Time since last request: 0.000011 seconds.
  path: Assets/Resources/Scriptable Objects/Shop/Crafting Items/Analysis Craft.asset
  artifactKey: Guid(8fd0e0df692d20e43ae4ce9073220ba4) Importer(2089858483,0ecaa5967403d082aa24f35e1b516d23)
Start importing Assets/Resources/Scriptable Objects/Shop/Crafting Items/Analysis Craft.asset using Guid(8fd0e0df692d20e43ae4ce9073220ba4) Importer(2089858483,0ecaa5967403d082aa24f35e1b516d23)  -> (artifact id: '29785fe68fb254696859122202ea12bc') in 0.010396 seconds
Number of updated asset objects reloaded before import = 0
Number of asset objects unloaded after import = 31
========================================================================
Received Import Request.
  Time since last request: 0.000012 seconds.
  path: Assets/Resources/Art/Skills/Boss Skills/Boss Skills.png
  artifactKey: Guid(19e41fde1b85dc14ebb4b1c58b1f9f1b) Importer(2089858483,0ecaa5967403d082aa24f35e1b516d23)
Start importing Assets/Resources/Art/Skills/Boss Skills/Boss Skills.png using Guid(19e41fde1b85dc14ebb4b1c58b1f9f1b) Importer(2089858483,0ecaa5967403d082aa24f35e1b516d23)  -> (artifact id: 'ea355c847695375ac97447d0202cfb5f') in 0.100107 seconds
Number of updated asset objects reloaded before import = 0
Number of asset objects unloaded after import = 42
========================================================================
Received Import Request.
  Time since last request: 0.000011 seconds.
  path: Assets/Resources/Prefabs/Game/Required/Network Manager.prefab
  artifactKey: Guid(2f11ed4408fb3ac4491811061b4826b7) Importer(2089858483,0ecaa5967403d082aa24f35e1b516d23)
Start importing Assets/Resources/Prefabs/Game/Required/Network Manager.prefab using Guid(2f11ed4408fb3ac4491811061b4826b7) Importer(2089858483,0ecaa5967403d082aa24f35e1b516d23)  -> (artifact id: '21c5268b8febbce2f252a5cf51c3466a') in 0.043506 seconds
Number of updated asset objects reloaded before import = 0
Number of asset objects unloaded after import = 7
========================================================================
Received Import Request.
  Time since last request: 0.000014 seconds.
  path: Assets/Resources/Audio/Music/City in the sky Intro.wav
  artifactKey: Guid(10c542051c565724b92400ed13e34468) Importer(2089858483,0ecaa5967403d082aa24f35e1b516d23)
Start importing Assets/Resources/Audio/Music/City in the sky Intro.wav using Guid(10c542051c565724b92400ed13e34468) Importer(2089858483,0ecaa5967403d082aa24f35e1b516d23)  -> (artifact id: '281386494290f4c9f769fa457d332158') in 0.450321 seconds
Number of updated asset objects reloaded before import = 0
Number of asset objects unloaded after import = 1
========================================================================
Received Import Request.
  Time since last request: 282.725113 seconds.
  path: Assets/Resources/Scriptable Objects/Maps
  artifactKey: Guid(63893a194aa39e64795aecc857c7fa63) Importer(815301076,1909f56bfc062723c751e8b465ee728b)
Start importing Assets/Resources/Scriptable Objects/Maps using Guid(63893a194aa39e64795aecc857c7fa63) Importer(815301076,1909f56bfc062723c751e8b465ee728b)  -> (artifact id: '2cd58b734c84f381b22ee7e2616e7993') in 0.000509 seconds
Number of updated asset objects reloaded before import = 0
Number of asset objects unloaded after import = 0
========================================================================
Received Import Request.
  Time since last request: 498.208966 seconds.
  path: Assets/Scenes/Maps/Titanias Cave.unity
  artifactKey: Guid(589c8f3b3241469418600e0187a9299e) Importer(2089858483,0ecaa5967403d082aa24f35e1b516d23)
Start importing Assets/Scenes/Maps/Titanias Cave.unity using Guid(589c8f3b3241469418600e0187a9299e) Importer(2089858483,0ecaa5967403d082aa24f35e1b516d23)  -> (artifact id: 'b6389d0649174eb2a64eeae83916cf47') in 0.003952 seconds
Number of updated asset objects reloaded before import = 0
Number of asset objects unloaded after import = 1
========================================================================
Received Import Request.
  Time since last request: 5581.267399 seconds.
  path: Assets/Scripts/Map Part Scripts/Terrain/ArenaSize.cs
  artifactKey: Guid(ed92d0dc63ccaa041a34c081c668c534) Importer(815301076,1909f56bfc062723c751e8b465ee728b)
Start importing Assets/Scripts/Map Part Scripts/Terrain/ArenaSize.cs using Guid(ed92d0dc63ccaa041a34c081c668c534) Importer(815301076,1909f56bfc062723c751e8b465ee728b)  -> (artifact id: '282c9816d87dd923e962dc31c5b509e8') in 0.000653 seconds
Number of updated asset objects reloaded before import = 0
Number of asset objects unloaded after import = 0
========================================================================
Received Prepare
Begin MonoManager ReloadAssembly
Symbol file LoadedFromMemory is not a mono symbol file
- Loaded All Assemblies, in  0.713 seconds
Refreshing native plugins compatible for Editor in 7.93 ms, found 3 plugins.
Native extension for WindowsStandalone target not found
Native extension for Android target not found
[Package Manager] Server::EnsureServerProcessIsRunning -- launch failed, reason: Unity was launched with the -noUpm command-line argument
[Package Manager] UpmClient::Send -- Unable to send message (not connected to UPM process).
[Package Manager] Cannot connect to Unity Package Manager local server
Mono: successfully reloaded assembly
- Finished resetting the current domain, in  2.365 seconds
Domain Reload Profiling: 3075ms
	BeginReloadAssembly (231ms)
		ExecutionOrderSort (0ms)
		DisableScriptedObjects (5ms)
		BackupInstance (0ms)
		ReleaseScriptingObjects (0ms)
		CreateAndSetChildDomain (120ms)
	RebuildCommonClasses (24ms)
	RebuildNativeTypeToScriptingClass (8ms)
	initialDomainReloadingComplete (34ms)
	LoadAllAssembliesAndSetupDomain (411ms)
		LoadAssemblies (419ms)
		RebuildTransferFunctionScriptingTraits (0ms)
		AnalyzeDomain (69ms)
			TypeCache.Refresh (14ms)
				TypeCache.ScanAssembly (5ms)
			ScanForSourceGeneratedMonoScriptInfo (30ms)
			ResolveRequiredComponents (24ms)
	FinalizeReload (2366ms)
		ReleaseScriptCaches (0ms)
		RebuildScriptCaches (0ms)
		SetupLoadedEditorAssemblies (1740ms)
			LogAssemblyErrors (0ms)
			InitializePlatformSupportModulesInManaged (23ms)
			SetLoadedEditorAssemblies (4ms)
			RefreshPlugins (0ms)
			BeforeProcessingInitializeOnLoad (108ms)
			ProcessInitializeOnLoadAttributes (1455ms)
			ProcessInitializeOnLoadMethodAttributes (138ms)
			AfterProcessingInitializeOnLoad (12ms)
			EditorAssembliesLoaded (0ms)
		ExecutionOrderSort2 (0ms)
		AwakeInstancesAfterBackupRestoration (12ms)
Refreshing native plugins compatible for Editor in 6.70 ms, found 3 plugins.
Preloading 0 native plugins for Editor in 0.00 ms.
Unloading 6294 Unused Serialized files (Serialized files now loaded: 0)
Unloading 107 unused Assets / (3.3 MB). Loaded Objects now: 6975.
Memory consumption went from 250.8 MB to 247.5 MB.
Total: 16.006300 ms (FindLiveObjects: 0.361700 ms CreateObjectMapping: 0.290700 ms MarkObjects: 14.239300 ms  DeleteObjects: 1.113600 ms)

Prepare: number of updated asset objects reloaded= 0
AssetImportParameters requested are different than current active one (requested -> active):
  custom:container-demuxer-ogg: 62fdf1f143b41e24485cea50d1cbac27 -> 
  custom:video-decoder-ogg-theora: a1e56fd34408186e4bbccfd4996cb3dc -> 
  custom:scripting/monoscript/fileName/Cutscene.cs: b48d314a7bd0254c2a6d0267e621de43 -> 
  custom:framework-win-MediaFoundation: 216162199b28c13a410421893ffa2e32 -> 
  custom:CustomObjectIndexerAttribute: 72b91833f83ae208fae7752999fa3104 -> 
  custom:container-demuxer-webm: 4f35f7cbe854078d1ac9338744f61a02 -> 
  custom:container-muxer-webm: aa71ff27fc2769a1b78a27578f13a17b -> 
  custom:video-decoder-webm-vp8: 9c59270c3fd7afecdb556c50c9e8de78 -> 
  custom:SearchIndexIgnoredProperties: e643bd26f0fe6173181afceb89e7c659 -> 
  custom:AudioImporter_EditorPlatform: d09bf68614088b80899f8185d706f6e7 -> 
  custom:scripting/monoscript/fileName/CustomEvent.cs: 5e78259ed3d36b8757eca6fb45d668b1 -> e882e03c3066f644b478f7801ba4f72b
  custom:scripting/monoscript/fileName/Goddess.cs: c78d2f053f97759377a4ee13e811f021 -> 
  custom:scripting/monoscript/fileName/SkipCutscene.cs: 8a94bc49eb3b0fa2d2bef4b3782e7944 -> c43346a55a349eae9ec7b54b6088a1a2
  custom:video-encoder-webm-vp8: eb34c28f22e8b96e1ab97ce403110664 -> 
  custom:audio-decoder-ogg-vorbis: bf7c407c2cedff20999df2af8eb42d56 -> 
  custom:audio-encoder-webm-vorbis: bf7c407c2cedff20999df2af8eb42d56 -> 
  custom:scripting/monoscript/fileName/CutsceneCharacterMovement.cs: d266e7130a9c0007cbb7e86424a5cebf -> bad45eee895100f51ecc1701c9ab68c2
  custom:scripting/monoscript/fileName/PlayCutscene.cs: b351b9fc28864a6275c5a25c8823f0a1 -> 82f6fb680737ab96ef8cb55f7ca42e9b
========================================================================
Received Prepare
Begin MonoManager ReloadAssembly
Symbol file LoadedFromMemory is not a mono symbol file
- Loaded All Assemblies, in  0.556 seconds
Refreshing native plugins compatible for Editor in 6.44 ms, found 3 plugins.
Native extension for WindowsStandalone target not found
Native extension for Android target not found
[Package Manager] Server::EnsureServerProcessIsRunning -- launch failed, reason: Unity was launched with the -noUpm command-line argument
[Package Manager] UpmClient::Send -- Unable to send message (not connected to UPM process).
[Package Manager] Cannot connect to Unity Package Manager local server
Mono: successfully reloaded assembly
- Finished resetting the current domain, in  2.598 seconds
Domain Reload Profiling: 3150ms
	BeginReloadAssembly (179ms)
		ExecutionOrderSort (0ms)
		DisableScriptedObjects (4ms)
		BackupInstance (0ms)
		ReleaseScriptingObjects (0ms)
		CreateAndSetChildDomain (78ms)
	RebuildCommonClasses (25ms)
	RebuildNativeTypeToScriptingClass (8ms)
	initialDomainReloadingComplete (34ms)
	LoadAllAssembliesAndSetupDomain (305ms)
		LoadAssemblies (352ms)
		RebuildTransferFunctionScriptingTraits (0ms)
		AnalyzeDomain (21ms)
			TypeCache.Refresh (5ms)
				TypeCache.ScanAssembly (0ms)
			ScanForSourceGeneratedMonoScriptInfo (0ms)
			ResolveRequiredComponents (14ms)
	FinalizeReload (2598ms)
		ReleaseScriptCaches (0ms)
		RebuildScriptCaches (0ms)
		SetupLoadedEditorAssemblies (2031ms)
			LogAssemblyErrors (0ms)
			InitializePlatformSupportModulesInManaged (24ms)
			SetLoadedEditorAssemblies (4ms)
			RefreshPlugins (0ms)
			BeforeProcessingInitializeOnLoad (127ms)
			ProcessInitializeOnLoadAttributes (1687ms)
			ProcessInitializeOnLoadMethodAttributes (174ms)
			AfterProcessingInitializeOnLoad (15ms)
			EditorAssembliesLoaded (0ms)
		ExecutionOrderSort2 (0ms)
		AwakeInstancesAfterBackupRestoration (13ms)
Refreshing native plugins compatible for Editor in 6.50 ms, found 3 plugins.
Preloading 0 native plugins for Editor in 0.00 ms.
Unloading 6294 Unused Serialized files (Serialized files now loaded: 0)
Unloading 101 unused Assets / (3.3 MB). Loaded Objects now: 6991.
Memory consumption went from 252.7 MB to 249.4 MB.
Total: 14.915900 ms (FindLiveObjects: 0.373400 ms CreateObjectMapping: 0.164000 ms MarkObjects: 13.289600 ms  DeleteObjects: 1.087700 ms)

Prepare: number of updated asset objects reloaded= 0
AssetImportParameters requested are different than current active one (requested -> active):
  custom:container-demuxer-ogg: 62fdf1f143b41e24485cea50d1cbac27 -> 
  custom:video-decoder-ogg-theora: a1e56fd34408186e4bbccfd4996cb3dc -> 
  custom:scripting/monoscript/fileName/Cutscene.cs: b48d314a7bd0254c2a6d0267e621de43 -> 
  custom:framework-win-MediaFoundation: 216162199b28c13a410421893ffa2e32 -> 
  custom:CustomObjectIndexerAttribute: 72b91833f83ae208fae7752999fa3104 -> 
  custom:container-demuxer-webm: 4f35f7cbe854078d1ac9338744f61a02 -> 
  custom:container-muxer-webm: aa71ff27fc2769a1b78a27578f13a17b -> 
  custom:video-decoder-webm-vp8: 9c59270c3fd7afecdb556c50c9e8de78 -> 
  custom:SearchIndexIgnoredProperties: e643bd26f0fe6173181afceb89e7c659 -> 
  custom:AudioImporter_EditorPlatform: d09bf68614088b80899f8185d706f6e7 -> 
  custom:scripting/monoscript/fileName/CustomEvent.cs: 5e78259ed3d36b8757eca6fb45d668b1 -> e882e03c3066f644b478f7801ba4f72b
  custom:scripting/monoscript/fileName/Goddess.cs: c78d2f053f97759377a4ee13e811f021 -> 
  custom:scripting/monoscript/fileName/SkipCutscene.cs: 8a94bc49eb3b0fa2d2bef4b3782e7944 -> c43346a55a349eae9ec7b54b6088a1a2
  custom:video-encoder-webm-vp8: eb34c28f22e8b96e1ab97ce403110664 -> 
  custom:audio-decoder-ogg-vorbis: bf7c407c2cedff20999df2af8eb42d56 -> 
  custom:audio-encoder-webm-vorbis: bf7c407c2cedff20999df2af8eb42d56 -> 
  custom:scripting/monoscript/fileName/CutsceneCharacterMovement.cs: d266e7130a9c0007cbb7e86424a5cebf -> bad45eee895100f51ecc1701c9ab68c2
  custom:scripting/monoscript/fileName/PlayCutscene.cs: b351b9fc28864a6275c5a25c8823f0a1 -> 82f6fb680737ab96ef8cb55f7ca42e9b
========================================================================
Received Import Request.
  Time since last request: 121.468747 seconds.
  path: Assets/Scenes/Maps/Titanias Cave Backup.unity
  artifactKey: Guid(f1a32d0b35a9ccc4fb248643e6393bc4) Importer(815301076,1909f56bfc062723c751e8b465ee728b)
Start importing Assets/Scenes/Maps/Titanias Cave Backup.unity using Guid(f1a32d0b35a9ccc4fb248643e6393bc4) Importer(815301076,1909f56bfc062723c751e8b465ee728b)  -> (artifact id: 'e9d25ecb70a4cd020820861849fc8c4a') in 0.003429 seconds
Number of updated asset objects reloaded before import = 0
Number of asset objects unloaded after import = 0
========================================================================
Received Import Request.
  Time since last request: 24.278522 seconds.
  path: Assets/Scenes/Maps/Titanias Cave.unity
  artifactKey: Guid(589c8f3b3241469418600e0187a9299e) Importer(815301076,1909f56bfc062723c751e8b465ee728b)
Start importing Assets/Scenes/Maps/Titanias Cave.unity using Guid(589c8f3b3241469418600e0187a9299e) Importer(815301076,1909f56bfc062723c751e8b465ee728b)  -> (artifact id: '75776f0e2edd70493555175af0801d4e') in 0.000445 seconds
Number of updated asset objects reloaded before import = 0
Number of asset objects unloaded after import = 0
========================================================================
Received Prepare
Begin MonoManager ReloadAssembly
Symbol file LoadedFromMemory is not a mono symbol file
- Loaded All Assemblies, in  0.554 seconds
Refreshing native plugins compatible for Editor in 6.46 ms, found 3 plugins.
Native extension for WindowsStandalone target not found
Native extension for Android target not found
[Package Manager] Server::EnsureServerProcessIsRunning -- launch failed, reason: Unity was launched with the -noUpm command-line argument
[Package Manager] UpmClient::Send -- Unable to send message (not connected to UPM process).
[Package Manager] Cannot connect to Unity Package Manager local server
Mono: successfully reloaded assembly
- Finished resetting the current domain, in  2.655 seconds
Domain Reload Profiling: 3204ms
	BeginReloadAssembly (176ms)
		ExecutionOrderSort (0ms)
		DisableScriptedObjects (4ms)
		BackupInstance (0ms)
		ReleaseScriptingObjects (0ms)
		CreateAndSetChildDomain (75ms)
	RebuildCommonClasses (24ms)
	RebuildNativeTypeToScriptingClass (8ms)
	initialDomainReloadingComplete (33ms)
	LoadAllAssembliesAndSetupDomain (307ms)
		LoadAssemblies (352ms)
		RebuildTransferFunctionScriptingTraits (0ms)
		AnalyzeDomain (24ms)
			TypeCache.Refresh (6ms)
				TypeCache.ScanAssembly (0ms)
			ScanForSourceGeneratedMonoScriptInfo (0ms)
			ResolveRequiredComponents (17ms)
	FinalizeReload (2656ms)
		ReleaseScriptCaches (0ms)
		RebuildScriptCaches (0ms)
		SetupLoadedEditorAssemblies (2056ms)
			LogAssemblyErrors (0ms)
			InitializePlatformSupportModulesInManaged (28ms)
			SetLoadedEditorAssemblies (4ms)
			RefreshPlugins (0ms)
			BeforeProcessingInitializeOnLoad (123ms)
			ProcessInitializeOnLoadAttributes (1711ms)
			ProcessInitializeOnLoadMethodAttributes (174ms)
			AfterProcessingInitializeOnLoad (16ms)
			EditorAssembliesLoaded (1ms)
		ExecutionOrderSort2 (0ms)
		AwakeInstancesAfterBackupRestoration (15ms)
Refreshing native plugins compatible for Editor in 6.52 ms, found 3 plugins.
Preloading 0 native plugins for Editor in 0.00 ms.
Unloading 6294 Unused Serialized files (Serialized files now loaded: 0)
Unloading 101 unused Assets / (3.3 MB). Loaded Objects now: 7007.
Memory consumption went from 254.7 MB to 251.4 MB.
Total: 14.435600 ms (FindLiveObjects: 0.382900 ms CreateObjectMapping: 0.161300 ms MarkObjects: 12.710700 ms  DeleteObjects: 1.179600 ms)

Prepare: number of updated asset objects reloaded= 0
AssetImportParameters requested are different than current active one (requested -> active):
  custom:container-demuxer-ogg: 62fdf1f143b41e24485cea50d1cbac27 -> 
  custom:video-decoder-ogg-theora: a1e56fd34408186e4bbccfd4996cb3dc -> 
  custom:scripting/monoscript/fileName/Cutscene.cs: b48d314a7bd0254c2a6d0267e621de43 -> 
  custom:framework-win-MediaFoundation: 216162199b28c13a410421893ffa2e32 -> 
  custom:CustomObjectIndexerAttribute: 72b91833f83ae208fae7752999fa3104 -> 
  custom:container-demuxer-webm: 4f35f7cbe854078d1ac9338744f61a02 -> 
  custom:container-muxer-webm: aa71ff27fc2769a1b78a27578f13a17b -> 
  custom:video-decoder-webm-vp8: 9c59270c3fd7afecdb556c50c9e8de78 -> 
  custom:SearchIndexIgnoredProperties: e643bd26f0fe6173181afceb89e7c659 -> 
  custom:AudioImporter_EditorPlatform: d09bf68614088b80899f8185d706f6e7 -> 
  custom:scripting/monoscript/fileName/CustomEvent.cs: 5e78259ed3d36b8757eca6fb45d668b1 -> e882e03c3066f644b478f7801ba4f72b
  custom:scripting/monoscript/fileName/Goddess.cs: c78d2f053f97759377a4ee13e811f021 -> 
  custom:scripting/monoscript/fileName/SkipCutscene.cs: 8a94bc49eb3b0fa2d2bef4b3782e7944 -> c43346a55a349eae9ec7b54b6088a1a2
  custom:video-encoder-webm-vp8: eb34c28f22e8b96e1ab97ce403110664 -> 
  custom:audio-decoder-ogg-vorbis: bf7c407c2cedff20999df2af8eb42d56 -> 
  custom:audio-encoder-webm-vorbis: bf7c407c2cedff20999df2af8eb42d56 -> 
  custom:scripting/monoscript/fileName/CutsceneCharacterMovement.cs: d266e7130a9c0007cbb7e86424a5cebf -> bad45eee895100f51ecc1701c9ab68c2
  custom:scripting/monoscript/fileName/PlayCutscene.cs: b351b9fc28864a6275c5a25c8823f0a1 -> 82f6fb680737ab96ef8cb55f7ca42e9b
========================================================================
Received Prepare
Begin MonoManager ReloadAssembly
Symbol file LoadedFromMemory is not a mono symbol file
- Loaded All Assemblies, in  0.564 seconds
Refreshing native plugins compatible for Editor in 6.48 ms, found 3 plugins.
Native extension for WindowsStandalone target not found
Native extension for Android target not found
[Package Manager] Server::EnsureServerProcessIsRunning -- launch failed, reason: Unity was launched with the -noUpm command-line argument
[Package Manager] UpmClient::Send -- Unable to send message (not connected to UPM process).
[Package Manager] Cannot connect to Unity Package Manager local server
Mono: successfully reloaded assembly
- Finished resetting the current domain, in  2.609 seconds
Domain Reload Profiling: 3169ms
	BeginReloadAssembly (182ms)
		ExecutionOrderSort (0ms)
		DisableScriptedObjects (5ms)
		BackupInstance (0ms)
		ReleaseScriptingObjects (0ms)
		CreateAndSetChildDomain (78ms)
	RebuildCommonClasses (24ms)
	RebuildNativeTypeToScriptingClass (8ms)
	initialDomainReloadingComplete (34ms)
	LoadAllAssembliesAndSetupDomain (310ms)
		LoadAssemblies (358ms)
		RebuildTransferFunctionScriptingTraits (0ms)
		AnalyzeDomain (21ms)
			TypeCache.Refresh (5ms)
				TypeCache.ScanAssembly (0ms)
			ScanForSourceGeneratedMonoScriptInfo (0ms)
			ResolveRequiredComponents (16ms)
	FinalizeReload (2610ms)
		ReleaseScriptCaches (0ms)
		RebuildScriptCaches (0ms)
		SetupLoadedEditorAssemblies (2041ms)
			LogAssemblyErrors (0ms)
			InitializePlatformSupportModulesInManaged (24ms)
			SetLoadedEditorAssemblies (4ms)
			RefreshPlugins (0ms)
			BeforeProcessingInitializeOnLoad (123ms)
			ProcessInitializeOnLoadAttributes (1702ms)
			ProcessInitializeOnLoadMethodAttributes (175ms)
			AfterProcessingInitializeOnLoad (13ms)
			EditorAssembliesLoaded (0ms)
		ExecutionOrderSort2 (0ms)
		AwakeInstancesAfterBackupRestoration (14ms)
Refreshing native plugins compatible for Editor in 6.37 ms, found 3 plugins.
Preloading 0 native plugins for Editor in 0.00 ms.
Unloading 6294 Unused Serialized files (Serialized files now loaded: 0)
Unloading 101 unused Assets / (3.3 MB). Loaded Objects now: 7023.
Memory consumption went from 256.6 MB to 253.3 MB.
Total: 14.790600 ms (FindLiveObjects: 0.355900 ms CreateObjectMapping: 0.140800 ms MarkObjects: 13.215500 ms  DeleteObjects: 1.077800 ms)

Prepare: number of updated asset objects reloaded= 0
AssetImportParameters requested are different than current active one (requested -> active):
  custom:container-demuxer-ogg: 62fdf1f143b41e24485cea50d1cbac27 -> 
  custom:video-decoder-ogg-theora: a1e56fd34408186e4bbccfd4996cb3dc -> 
  custom:scripting/monoscript/fileName/Cutscene.cs: b48d314a7bd0254c2a6d0267e621de43 -> 
  custom:framework-win-MediaFoundation: 216162199b28c13a410421893ffa2e32 -> 
  custom:CustomObjectIndexerAttribute: 72b91833f83ae208fae7752999fa3104 -> 
  custom:container-demuxer-webm: 4f35f7cbe854078d1ac9338744f61a02 -> 
  custom:container-muxer-webm: aa71ff27fc2769a1b78a27578f13a17b -> 
  custom:video-decoder-webm-vp8: 9c59270c3fd7afecdb556c50c9e8de78 -> 
  custom:SearchIndexIgnoredProperties: e643bd26f0fe6173181afceb89e7c659 -> 
  custom:AudioImporter_EditorPlatform: d09bf68614088b80899f8185d706f6e7 -> 
  custom:scripting/monoscript/fileName/CustomEvent.cs: 5e78259ed3d36b8757eca6fb45d668b1 -> e882e03c3066f644b478f7801ba4f72b
  custom:scripting/monoscript/fileName/Goddess.cs: c78d2f053f97759377a4ee13e811f021 -> 
  custom:scripting/monoscript/fileName/SkipCutscene.cs: 8a94bc49eb3b0fa2d2bef4b3782e7944 -> c43346a55a349eae9ec7b54b6088a1a2
  custom:video-encoder-webm-vp8: eb34c28f22e8b96e1ab97ce403110664 -> 
  custom:audio-decoder-ogg-vorbis: bf7c407c2cedff20999df2af8eb42d56 -> 
  custom:audio-encoder-webm-vorbis: bf7c407c2cedff20999df2af8eb42d56 -> 
  custom:scripting/monoscript/fileName/CutsceneCharacterMovement.cs: d266e7130a9c0007cbb7e86424a5cebf -> bad45eee895100f51ecc1701c9ab68c2
  custom:scripting/monoscript/fileName/PlayCutscene.cs: b351b9fc28864a6275c5a25c8823f0a1 -> 82f6fb680737ab96ef8cb55f7ca42e9b
========================================================================
Received Prepare
Begin MonoManager ReloadAssembly
Symbol file LoadedFromMemory is not a mono symbol file
- Loaded All Assemblies, in  0.590 seconds
Refreshing native plugins compatible for Editor in 6.33 ms, found 3 plugins.
Native extension for WindowsStandalone target not found
Native extension for Android target not found
[Package Manager] Server::EnsureServerProcessIsRunning -- launch failed, reason: Unity was launched with the -noUpm command-line argument
[Package Manager] UpmClient::Send -- Unable to send message (not connected to UPM process).
[Package Manager] Cannot connect to Unity Package Manager local server
Mono: successfully reloaded assembly
- Finished resetting the current domain, in  2.223 seconds
Domain Reload Profiling: 2809ms
	BeginReloadAssembly (187ms)
		ExecutionOrderSort (0ms)
		DisableScriptedObjects (4ms)
		BackupInstance (0ms)
		ReleaseScriptingObjects (0ms)
		CreateAndSetChildDomain (81ms)
	RebuildCommonClasses (24ms)
	RebuildNativeTypeToScriptingClass (8ms)
	initialDomainReloadingComplete (33ms)
	LoadAllAssembliesAndSetupDomain (332ms)
		LoadAssemblies (349ms)
		RebuildTransferFunctionScriptingTraits (0ms)
		AnalyzeDomain (52ms)
			TypeCache.Refresh (13ms)
				TypeCache.ScanAssembly (4ms)
			ScanForSourceGeneratedMonoScriptInfo (25ms)
			ResolveRequiredComponents (14ms)
	FinalizeReload (2224ms)
		ReleaseScriptCaches (0ms)
		RebuildScriptCaches (0ms)
		SetupLoadedEditorAssemblies (1681ms)
			LogAssemblyErrors (0ms)
			InitializePlatformSupportModulesInManaged (23ms)
			SetLoadedEditorAssemblies (4ms)
			RefreshPlugins (0ms)
			BeforeProcessingInitializeOnLoad (108ms)
			ProcessInitializeOnLoadAttributes (1393ms)
			ProcessInitializeOnLoadMethodAttributes (141ms)
			AfterProcessingInitializeOnLoad (12ms)
			EditorAssembliesLoaded (0ms)
		ExecutionOrderSort2 (0ms)
		AwakeInstancesAfterBackupRestoration (11ms)
Refreshing native plugins compatible for Editor in 6.23 ms, found 3 plugins.
Preloading 0 native plugins for Editor in 0.00 ms.
Unloading 6294 Unused Serialized files (Serialized files now loaded: 0)
Unloading 101 unused Assets / (3.3 MB). Loaded Objects now: 7039.
Memory consumption went from 258.4 MB to 255.1 MB.
Total: 14.337800 ms (FindLiveObjects: 0.345600 ms CreateObjectMapping: 0.161500 ms MarkObjects: 12.828600 ms  DeleteObjects: 1.001600 ms)

Prepare: number of updated asset objects reloaded= 0
AssetImportParameters requested are different than current active one (requested -> active):
  custom:container-demuxer-ogg: 62fdf1f143b41e24485cea50d1cbac27 -> 
  custom:video-decoder-ogg-theora: a1e56fd34408186e4bbccfd4996cb3dc -> 
  custom:scripting/monoscript/fileName/Cutscene.cs: b48d314a7bd0254c2a6d0267e621de43 -> 
  custom:framework-win-MediaFoundation: 216162199b28c13a410421893ffa2e32 -> 
  custom:CustomObjectIndexerAttribute: 72b91833f83ae208fae7752999fa3104 -> 
  custom:container-demuxer-webm: 4f35f7cbe854078d1ac9338744f61a02 -> 
  custom:container-muxer-webm: aa71ff27fc2769a1b78a27578f13a17b -> 
  custom:video-decoder-webm-vp8: 9c59270c3fd7afecdb556c50c9e8de78 -> 
  custom:SearchIndexIgnoredProperties: e643bd26f0fe6173181afceb89e7c659 -> 
  custom:AudioImporter_EditorPlatform: d09bf68614088b80899f8185d706f6e7 -> 
  custom:scripting/monoscript/fileName/CustomEvent.cs: 5e78259ed3d36b8757eca6fb45d668b1 -> e882e03c3066f644b478f7801ba4f72b
  custom:scripting/monoscript/fileName/Goddess.cs: c78d2f053f97759377a4ee13e811f021 -> 
  custom:scripting/monoscript/fileName/SkipCutscene.cs: 8a94bc49eb3b0fa2d2bef4b3782e7944 -> c43346a55a349eae9ec7b54b6088a1a2
  custom:video-encoder-webm-vp8: eb34c28f22e8b96e1ab97ce403110664 -> 
  custom:audio-decoder-ogg-vorbis: bf7c407c2cedff20999df2af8eb42d56 -> 
  custom:audio-encoder-webm-vorbis: bf7c407c2cedff20999df2af8eb42d56 -> 
  custom:scripting/monoscript/fileName/CutsceneCharacterMovement.cs: d266e7130a9c0007cbb7e86424a5cebf -> bad45eee895100f51ecc1701c9ab68c2
  custom:scripting/monoscript/fileName/PlayCutscene.cs: b351b9fc28864a6275c5a25c8823f0a1 -> 82f6fb680737ab96ef8cb55f7ca42e9b
========================================================================
Received Prepare
Begin MonoManager ReloadAssembly
Symbol file LoadedFromMemory is not a mono symbol file
- Loaded All Assemblies, in  0.610 seconds
Refreshing native plugins compatible for Editor in 6.54 ms, found 3 plugins.
Native extension for WindowsStandalone target not found
Native extension for Android target not found
[Package Manager] Server::EnsureServerProcessIsRunning -- launch failed, reason: Unity was launched with the -noUpm command-line argument
[Package Manager] UpmClient::Send -- Unable to send message (not connected to UPM process).
[Package Manager] Cannot connect to Unity Package Manager local server
Mono: successfully reloaded assembly
- Finished resetting the current domain, in  2.214 seconds
Domain Reload Profiling: 2820ms
	BeginReloadAssembly (179ms)
		ExecutionOrderSort (0ms)
		DisableScriptedObjects (4ms)
		BackupInstance (0ms)
		ReleaseScriptingObjects (0ms)
		CreateAndSetChildDomain (77ms)
	RebuildCommonClasses (24ms)
	RebuildNativeTypeToScriptingClass (8ms)
	initialDomainReloadingComplete (34ms)
	LoadAllAssembliesAndSetupDomain (360ms)
		LoadAssemblies (361ms)
		RebuildTransferFunctionScriptingTraits (0ms)
		AnalyzeDomain (68ms)
			TypeCache.Refresh (13ms)
				TypeCache.ScanAssembly (4ms)
			ScanForSourceGeneratedMonoScriptInfo (39ms)
			ResolveRequiredComponents (16ms)
	FinalizeReload (2215ms)
		ReleaseScriptCaches (0ms)
		RebuildScriptCaches (0ms)
		SetupLoadedEditorAssemblies (1662ms)
			LogAssemblyErrors (0ms)
			InitializePlatformSupportModulesInManaged (26ms)
			SetLoadedEditorAssemblies (4ms)
			RefreshPlugins (0ms)
			BeforeProcessingInitializeOnLoad (108ms)
			ProcessInitializeOnLoadAttributes (1375ms)
			ProcessInitializeOnLoadMethodAttributes (135ms)
			AfterProcessingInitializeOnLoad (12ms)
			EditorAssembliesLoaded (0ms)
		ExecutionOrderSort2 (0ms)
		AwakeInstancesAfterBackupRestoration (12ms)
Refreshing native plugins compatible for Editor in 6.41 ms, found 3 plugins.
Preloading 0 native plugins for Editor in 0.00 ms.
Unloading 6294 Unused Serialized files (Serialized files now loaded: 0)
Unloading 101 unused Assets / (3.3 MB). Loaded Objects now: 7055.
Memory consumption went from 260.4 MB to 257.1 MB.
Total: 14.455000 ms (FindLiveObjects: 0.345000 ms CreateObjectMapping: 0.162200 ms MarkObjects: 12.836300 ms  DeleteObjects: 1.110900 ms)

Prepare: number of updated asset objects reloaded= 0
AssetImportParameters requested are different than current active one (requested -> active):
  custom:container-demuxer-ogg: 62fdf1f143b41e24485cea50d1cbac27 -> 
  custom:video-decoder-ogg-theora: a1e56fd34408186e4bbccfd4996cb3dc -> 
  custom:scripting/monoscript/fileName/Cutscene.cs: b48d314a7bd0254c2a6d0267e621de43 -> 
  custom:framework-win-MediaFoundation: 216162199b28c13a410421893ffa2e32 -> 
  custom:CustomObjectIndexerAttribute: 72b91833f83ae208fae7752999fa3104 -> 
  custom:container-demuxer-webm: 4f35f7cbe854078d1ac9338744f61a02 -> 
  custom:container-muxer-webm: aa71ff27fc2769a1b78a27578f13a17b -> 
  custom:video-decoder-webm-vp8: 9c59270c3fd7afecdb556c50c9e8de78 -> 
  custom:SearchIndexIgnoredProperties: e643bd26f0fe6173181afceb89e7c659 -> 
  custom:AudioImporter_EditorPlatform: d09bf68614088b80899f8185d706f6e7 -> 
  custom:scripting/monoscript/fileName/CustomEvent.cs: 5e78259ed3d36b8757eca6fb45d668b1 -> e882e03c3066f644b478f7801ba4f72b
  custom:scripting/monoscript/fileName/Goddess.cs: c78d2f053f97759377a4ee13e811f021 -> 
  custom:scripting/monoscript/fileName/SkipCutscene.cs: 8a94bc49eb3b0fa2d2bef4b3782e7944 -> c43346a55a349eae9ec7b54b6088a1a2
  custom:video-encoder-webm-vp8: eb34c28f22e8b96e1ab97ce403110664 -> 
  custom:audio-decoder-ogg-vorbis: bf7c407c2cedff20999df2af8eb42d56 -> 
  custom:audio-encoder-webm-vorbis: bf7c407c2cedff20999df2af8eb42d56 -> 
  custom:scripting/monoscript/fileName/CutsceneCharacterMovement.cs: d266e7130a9c0007cbb7e86424a5cebf -> bad45eee895100f51ecc1701c9ab68c2
  custom:scripting/monoscript/fileName/PlayCutscene.cs: b351b9fc28864a6275c5a25c8823f0a1 -> 82f6fb680737ab96ef8cb55f7ca42e9b
========================================================================
Received Prepare
Begin MonoManager ReloadAssembly
Symbol file LoadedFromMemory is not a mono symbol file
- Loaded All Assemblies, in  0.584 seconds
Refreshing native plugins compatible for Editor in 6.46 ms, found 3 plugins.
Native extension for WindowsStandalone target not found
Native extension for Android target not found
[Package Manager] Server::EnsureServerProcessIsRunning -- launch failed, reason: Unity was launched with the -noUpm command-line argument
[Package Manager] UpmClient::Send -- Unable to send message (not connected to UPM process).
[Package Manager] Cannot connect to Unity Package Manager local server
Mono: successfully reloaded assembly
- Finished resetting the current domain, in  2.205 seconds
Domain Reload Profiling: 2784ms
	BeginReloadAssembly (178ms)
		ExecutionOrderSort (0ms)
		DisableScriptedObjects (4ms)
		BackupInstance (0ms)
		ReleaseScriptingObjects (0ms)
		CreateAndSetChildDomain (75ms)
	RebuildCommonClasses (23ms)
	RebuildNativeTypeToScriptingClass (8ms)
	initialDomainReloadingComplete (33ms)
	LoadAllAssembliesAndSetupDomain (336ms)
		LoadAssemblies (352ms)
		RebuildTransferFunctionScriptingTraits (0ms)
		AnalyzeDomain (54ms)
			TypeCache.Refresh (13ms)
				TypeCache.ScanAssembly (4ms)
			ScanForSourceGeneratedMonoScriptInfo (27ms)
			ResolveRequiredComponents (13ms)
	FinalizeReload (2205ms)
		ReleaseScriptCaches (0ms)
		RebuildScriptCaches (0ms)
		SetupLoadedEditorAssemblies (1667ms)
			LogAssemblyErrors (0ms)
			InitializePlatformSupportModulesInManaged (23ms)
			SetLoadedEditorAssemblies (4ms)
			RefreshPlugins (0ms)
			BeforeProcessingInitializeOnLoad (108ms)
			ProcessInitializeOnLoadAttributes (1376ms)
			ProcessInitializeOnLoadMethodAttributes (144ms)
			AfterProcessingInitializeOnLoad (12ms)
			EditorAssembliesLoaded (0ms)
		ExecutionOrderSort2 (0ms)
		AwakeInstancesAfterBackupRestoration (11ms)
Refreshing native plugins compatible for Editor in 6.51 ms, found 3 plugins.
Preloading 0 native plugins for Editor in 0.00 ms.
Unloading 6294 Unused Serialized files (Serialized files now loaded: 0)
Unloading 101 unused Assets / (3.2 MB). Loaded Objects now: 7071.
Memory consumption went from 262.3 MB to 259.1 MB.
Total: 15.679700 ms (FindLiveObjects: 0.365100 ms CreateObjectMapping: 0.186300 ms MarkObjects: 14.030800 ms  DeleteObjects: 1.096900 ms)

Prepare: number of updated asset objects reloaded= 0
AssetImportParameters requested are different than current active one (requested -> active):
  custom:container-demuxer-ogg: 62fdf1f143b41e24485cea50d1cbac27 -> 
  custom:video-decoder-ogg-theora: a1e56fd34408186e4bbccfd4996cb3dc -> 
  custom:scripting/monoscript/fileName/Cutscene.cs: b48d314a7bd0254c2a6d0267e621de43 -> 
  custom:framework-win-MediaFoundation: 216162199b28c13a410421893ffa2e32 -> 
  custom:CustomObjectIndexerAttribute: 72b91833f83ae208fae7752999fa3104 -> 
  custom:container-demuxer-webm: 4f35f7cbe854078d1ac9338744f61a02 -> 
  custom:container-muxer-webm: aa71ff27fc2769a1b78a27578f13a17b -> 
  custom:video-decoder-webm-vp8: 9c59270c3fd7afecdb556c50c9e8de78 -> 
  custom:SearchIndexIgnoredProperties: e643bd26f0fe6173181afceb89e7c659 -> 
  custom:AudioImporter_EditorPlatform: d09bf68614088b80899f8185d706f6e7 -> 
  custom:scripting/monoscript/fileName/CustomEvent.cs: 5e78259ed3d36b8757eca6fb45d668b1 -> e882e03c3066f644b478f7801ba4f72b
  custom:scripting/monoscript/fileName/Goddess.cs: c78d2f053f97759377a4ee13e811f021 -> 
  custom:scripting/monoscript/fileName/SkipCutscene.cs: 8a94bc49eb3b0fa2d2bef4b3782e7944 -> c43346a55a349eae9ec7b54b6088a1a2
  custom:video-encoder-webm-vp8: eb34c28f22e8b96e1ab97ce403110664 -> 
  custom:audio-decoder-ogg-vorbis: bf7c407c2cedff20999df2af8eb42d56 -> 
  custom:audio-encoder-webm-vorbis: bf7c407c2cedff20999df2af8eb42d56 -> 
  custom:scripting/monoscript/fileName/CutsceneCharacterMovement.cs: d266e7130a9c0007cbb7e86424a5cebf -> bad45eee895100f51ecc1701c9ab68c2
  custom:scripting/monoscript/fileName/PlayCutscene.cs: b351b9fc28864a6275c5a25c8823f0a1 -> 82f6fb680737ab96ef8cb55f7ca42e9b
========================================================================
Received Prepare
Begin MonoManager ReloadAssembly
Symbol file LoadedFromMemory is not a mono symbol file
- Loaded All Assemblies, in  0.545 seconds
Refreshing native plugins compatible for Editor in 8.58 ms, found 3 plugins.
Native extension for WindowsStandalone target not found
Native extension for Android target not found
[Package Manager] Server::EnsureServerProcessIsRunning -- launch failed, reason: Unity was launched with the -noUpm command-line argument
[Package Manager] UpmClient::Send -- Unable to send message (not connected to UPM process).
[Package Manager] Cannot connect to Unity Package Manager local server
Mono: successfully reloaded assembly
- Finished resetting the current domain, in  2.555 seconds
Domain Reload Profiling: 3096ms
	BeginReloadAssembly (178ms)
		ExecutionOrderSort (0ms)
		DisableScriptedObjects (4ms)
		BackupInstance (0ms)
		ReleaseScriptingObjects (0ms)
		CreateAndSetChildDomain (77ms)
	RebuildCommonClasses (25ms)
	RebuildNativeTypeToScriptingClass (9ms)
	initialDomainReloadingComplete (33ms)
	LoadAllAssembliesAndSetupDomain (296ms)
		LoadAssemblies (344ms)
		RebuildTransferFunctionScriptingTraits (0ms)
		AnalyzeDomain (21ms)
			TypeCache.Refresh (5ms)
				TypeCache.ScanAssembly (0ms)
			ScanForSourceGeneratedMonoScriptInfo (0ms)
			ResolveRequiredComponents (15ms)
	FinalizeReload (2556ms)
		ReleaseScriptCaches (0ms)
		RebuildScriptCaches (0ms)
		SetupLoadedEditorAssemblies (1995ms)
			LogAssemblyErrors (0ms)
			InitializePlatformSupportModulesInManaged (23ms)
			SetLoadedEditorAssemblies (4ms)
			RefreshPlugins (0ms)
			BeforeProcessingInitializeOnLoad (124ms)
			ProcessInitializeOnLoadAttributes (1656ms)
			ProcessInitializeOnLoadMethodAttributes (172ms)
			AfterProcessingInitializeOnLoad (16ms)
			EditorAssembliesLoaded (0ms)
		ExecutionOrderSort2 (0ms)
		AwakeInstancesAfterBackupRestoration (14ms)
Refreshing native plugins compatible for Editor in 6.68 ms, found 3 plugins.
Preloading 0 native plugins for Editor in 0.00 ms.
Unloading 6294 Unused Serialized files (Serialized files now loaded: 0)
Unloading 101 unused Assets / (3.3 MB). Loaded Objects now: 7087.
Memory consumption went from 264.3 MB to 261.0 MB.
Total: 15.348200 ms (FindLiveObjects: 0.435700 ms CreateObjectMapping: 0.163700 ms MarkObjects: 13.653600 ms  DeleteObjects: 1.094400 ms)

Prepare: number of updated asset objects reloaded= 0
AssetImportParameters requested are different than current active one (requested -> active):
  custom:container-demuxer-ogg: 62fdf1f143b41e24485cea50d1cbac27 -> 
  custom:video-decoder-ogg-theora: a1e56fd34408186e4bbccfd4996cb3dc -> 
  custom:scripting/monoscript/fileName/Cutscene.cs: b48d314a7bd0254c2a6d0267e621de43 -> 
  custom:framework-win-MediaFoundation: 216162199b28c13a410421893ffa2e32 -> 
  custom:CustomObjectIndexerAttribute: 72b91833f83ae208fae7752999fa3104 -> 
  custom:container-demuxer-webm: 4f35f7cbe854078d1ac9338744f61a02 -> 
  custom:container-muxer-webm: aa71ff27fc2769a1b78a27578f13a17b -> 
  custom:video-decoder-webm-vp8: 9c59270c3fd7afecdb556c50c9e8de78 -> 
  custom:SearchIndexIgnoredProperties: e643bd26f0fe6173181afceb89e7c659 -> 
  custom:AudioImporter_EditorPlatform: d09bf68614088b80899f8185d706f6e7 -> 
  custom:scripting/monoscript/fileName/CustomEvent.cs: 5e78259ed3d36b8757eca6fb45d668b1 -> e882e03c3066f644b478f7801ba4f72b
  custom:scripting/monoscript/fileName/Goddess.cs: c78d2f053f97759377a4ee13e811f021 -> 
  custom:scripting/monoscript/fileName/SkipCutscene.cs: 8a94bc49eb3b0fa2d2bef4b3782e7944 -> c43346a55a349eae9ec7b54b6088a1a2
  custom:video-encoder-webm-vp8: eb34c28f22e8b96e1ab97ce403110664 -> 
  custom:audio-decoder-ogg-vorbis: bf7c407c2cedff20999df2af8eb42d56 -> 
  custom:audio-encoder-webm-vorbis: bf7c407c2cedff20999df2af8eb42d56 -> 
  custom:scripting/monoscript/fileName/CutsceneCharacterMovement.cs: d266e7130a9c0007cbb7e86424a5cebf -> bad45eee895100f51ecc1701c9ab68c2
  custom:scripting/monoscript/fileName/PlayCutscene.cs: b351b9fc28864a6275c5a25c8823f0a1 -> 82f6fb680737ab96ef8cb55f7ca42e9b
========================================================================
Received Prepare
Begin MonoManager ReloadAssembly
Symbol file LoadedFromMemory is not a mono symbol file
- Loaded All Assemblies, in  0.559 seconds
Refreshing native plugins compatible for Editor in 6.59 ms, found 3 plugins.
Native extension for WindowsStandalone target not found
Native extension for Android target not found
[Package Manager] Server::EnsureServerProcessIsRunning -- launch failed, reason: Unity was launched with the -noUpm command-line argument
[Package Manager] UpmClient::Send -- Unable to send message (not connected to UPM process).
[Package Manager] Cannot connect to Unity Package Manager local server
Mono: successfully reloaded assembly
- Finished resetting the current domain, in  2.526 seconds
Domain Reload Profiling: 3081ms
	BeginReloadAssembly (180ms)
		ExecutionOrderSort (0ms)
		DisableScriptedObjects (4ms)
		BackupInstance (0ms)
		ReleaseScriptingObjects (0ms)
		CreateAndSetChildDomain (74ms)
	RebuildCommonClasses (24ms)
	RebuildNativeTypeToScriptingClass (8ms)
	initialDomainReloadingComplete (37ms)
	LoadAllAssembliesAndSetupDomain (305ms)
		LoadAssemblies (357ms)
		RebuildTransferFunctionScriptingTraits (0ms)
		AnalyzeDomain (20ms)
			TypeCache.Refresh (5ms)
				TypeCache.ScanAssembly (0ms)
			ScanForSourceGeneratedMonoScriptInfo (0ms)
			ResolveRequiredComponents (14ms)
	FinalizeReload (2527ms)
		ReleaseScriptCaches (0ms)
		RebuildScriptCaches (0ms)
		SetupLoadedEditorAssemblies (1962ms)
			LogAssemblyErrors (0ms)
			InitializePlatformSupportModulesInManaged (24ms)
			SetLoadedEditorAssemblies (4ms)
			RefreshPlugins (0ms)
			BeforeProcessingInitializeOnLoad (110ms)
			ProcessInitializeOnLoadAttributes (1633ms)
			ProcessInitializeOnLoadMethodAttributes (175ms)
			AfterProcessingInitializeOnLoad (15ms)
			EditorAssembliesLoaded (0ms)
		ExecutionOrderSort2 (0ms)
		AwakeInstancesAfterBackupRestoration (14ms)
Refreshing native plugins compatible for Editor in 6.32 ms, found 3 plugins.
Preloading 0 native plugins for Editor in 0.00 ms.
Unloading 6294 Unused Serialized files (Serialized files now loaded: 0)
Unloading 101 unused Assets / (3.3 MB). Loaded Objects now: 7103.
Memory consumption went from 266.2 MB to 262.9 MB.
Total: 15.690600 ms (FindLiveObjects: 0.371700 ms CreateObjectMapping: 0.267700 ms MarkObjects: 13.836700 ms  DeleteObjects: 1.213700 ms)

Prepare: number of updated asset objects reloaded= 0
AssetImportParameters requested are different than current active one (requested -> active):
  custom:container-demuxer-ogg: 62fdf1f143b41e24485cea50d1cbac27 -> 
  custom:video-decoder-ogg-theora: a1e56fd34408186e4bbccfd4996cb3dc -> 
  custom:scripting/monoscript/fileName/Cutscene.cs: b48d314a7bd0254c2a6d0267e621de43 -> 
  custom:framework-win-MediaFoundation: 216162199b28c13a410421893ffa2e32 -> 
  custom:CustomObjectIndexerAttribute: 72b91833f83ae208fae7752999fa3104 -> 
  custom:container-demuxer-webm: 4f35f7cbe854078d1ac9338744f61a02 -> 
  custom:container-muxer-webm: aa71ff27fc2769a1b78a27578f13a17b -> 
  custom:video-decoder-webm-vp8: 9c59270c3fd7afecdb556c50c9e8de78 -> 
  custom:SearchIndexIgnoredProperties: e643bd26f0fe6173181afceb89e7c659 -> 
  custom:AudioImporter_EditorPlatform: d09bf68614088b80899f8185d706f6e7 -> 
  custom:scripting/monoscript/fileName/CustomEvent.cs: 5e78259ed3d36b8757eca6fb45d668b1 -> e882e03c3066f644b478f7801ba4f72b
  custom:scripting/monoscript/fileName/Goddess.cs: c78d2f053f97759377a4ee13e811f021 -> 
  custom:scripting/monoscript/fileName/SkipCutscene.cs: 8a94bc49eb3b0fa2d2bef4b3782e7944 -> c43346a55a349eae9ec7b54b6088a1a2
  custom:video-encoder-webm-vp8: eb34c28f22e8b96e1ab97ce403110664 -> 
  custom:audio-decoder-ogg-vorbis: bf7c407c2cedff20999df2af8eb42d56 -> 
  custom:audio-encoder-webm-vorbis: bf7c407c2cedff20999df2af8eb42d56 -> 
  custom:scripting/monoscript/fileName/CutsceneCharacterMovement.cs: d266e7130a9c0007cbb7e86424a5cebf -> bad45eee895100f51ecc1701c9ab68c2
  custom:scripting/monoscript/fileName/PlayCutscene.cs: b351b9fc28864a6275c5a25c8823f0a1 -> 82f6fb680737ab96ef8cb55f7ca42e9b
========================================================================
Received Prepare
Begin MonoManager ReloadAssembly
Symbol file LoadedFromMemory is not a mono symbol file
- Loaded All Assemblies, in  0.602 seconds
Refreshing native plugins compatible for Editor in 8.26 ms, found 3 plugins.
Native extension for WindowsStandalone target not found
Native extension for Android target not found
[Package Manager] Server::EnsureServerProcessIsRunning -- launch failed, reason: Unity was launched with the -noUpm command-line argument
[Package Manager] UpmClient::Send -- Unable to send message (not connected to UPM process).
[Package Manager] Cannot connect to Unity Package Manager local server
Mono: successfully reloaded assembly
- Finished resetting the current domain, in  2.183 seconds
Domain Reload Profiling: 2782ms
	BeginReloadAssembly (183ms)
		ExecutionOrderSort (0ms)
		DisableScriptedObjects (4ms)
		BackupInstance (0ms)
		ReleaseScriptingObjects (0ms)
		CreateAndSetChildDomain (80ms)
	RebuildCommonClasses (25ms)
	RebuildNativeTypeToScriptingClass (8ms)
	initialDomainReloadingComplete (37ms)
	LoadAllAssembliesAndSetupDomain (345ms)
		LoadAssemblies (354ms)
		RebuildTransferFunctionScriptingTraits (0ms)
		AnalyzeDomain (61ms)
			TypeCache.Refresh (13ms)
				TypeCache.ScanAssembly (4ms)
			ScanForSourceGeneratedMonoScriptInfo (25ms)
			ResolveRequiredComponents (22ms)
	FinalizeReload (2184ms)
		ReleaseScriptCaches (0ms)
		RebuildScriptCaches (0ms)
		SetupLoadedEditorAssemblies (1646ms)
			LogAssemblyErrors (0ms)
			InitializePlatformSupportModulesInManaged (23ms)
			SetLoadedEditorAssemblies (4ms)
			RefreshPlugins (0ms)
			BeforeProcessingInitializeOnLoad (115ms)
			ProcessInitializeOnLoadAttributes (1351ms)
			ProcessInitializeOnLoadMethodAttributes (140ms)
			AfterProcessingInitializeOnLoad (12ms)
			EditorAssembliesLoaded (0ms)
		ExecutionOrderSort2 (0ms)
		AwakeInstancesAfterBackupRestoration (11ms)
Refreshing native plugins compatible for Editor in 6.25 ms, found 3 plugins.
Preloading 0 native plugins for Editor in 0.00 ms.
Unloading 6294 Unused Serialized files (Serialized files now loaded: 0)
Unloading 101 unused Assets / (3.3 MB). Loaded Objects now: 7119.
Memory consumption went from 268.0 MB to 264.8 MB.
Total: 14.825000 ms (FindLiveObjects: 0.337600 ms CreateObjectMapping: 0.248400 ms MarkObjects: 13.216000 ms  DeleteObjects: 1.022400 ms)

Prepare: number of updated asset objects reloaded= 0
AssetImportParameters requested are different than current active one (requested -> active):
  custom:container-demuxer-ogg: 62fdf1f143b41e24485cea50d1cbac27 -> 
  custom:video-decoder-ogg-theora: a1e56fd34408186e4bbccfd4996cb3dc -> 
  custom:scripting/monoscript/fileName/Cutscene.cs: b48d314a7bd0254c2a6d0267e621de43 -> 
  custom:framework-win-MediaFoundation: 216162199b28c13a410421893ffa2e32 -> 
  custom:CustomObjectIndexerAttribute: 72b91833f83ae208fae7752999fa3104 -> 
  custom:container-demuxer-webm: 4f35f7cbe854078d1ac9338744f61a02 -> 
  custom:container-muxer-webm: aa71ff27fc2769a1b78a27578f13a17b -> 
  custom:video-decoder-webm-vp8: 9c59270c3fd7afecdb556c50c9e8de78 -> 
  custom:SearchIndexIgnoredProperties: e643bd26f0fe6173181afceb89e7c659 -> 
  custom:AudioImporter_EditorPlatform: d09bf68614088b80899f8185d706f6e7 -> 
  custom:scripting/monoscript/fileName/CustomEvent.cs: 5e78259ed3d36b8757eca6fb45d668b1 -> e882e03c3066f644b478f7801ba4f72b
  custom:scripting/monoscript/fileName/Goddess.cs: c78d2f053f97759377a4ee13e811f021 -> 
  custom:scripting/monoscript/fileName/SkipCutscene.cs: 8a94bc49eb3b0fa2d2bef4b3782e7944 -> c43346a55a349eae9ec7b54b6088a1a2
  custom:video-encoder-webm-vp8: eb34c28f22e8b96e1ab97ce403110664 -> 
  custom:audio-decoder-ogg-vorbis: bf7c407c2cedff20999df2af8eb42d56 -> 
  custom:audio-encoder-webm-vorbis: bf7c407c2cedff20999df2af8eb42d56 -> 
  custom:scripting/monoscript/fileName/CutsceneCharacterMovement.cs: d266e7130a9c0007cbb7e86424a5cebf -> bad45eee895100f51ecc1701c9ab68c2
  custom:scripting/monoscript/fileName/PlayCutscene.cs: b351b9fc28864a6275c5a25c8823f0a1 -> 82f6fb680737ab96ef8cb55f7ca42e9b
========================================================================
Received Import Request.
  Time since last request: 2606.969395 seconds.
  path: Assets/Scripts/Game Scripts/Camera/CameraTargetGroup.cs
  artifactKey: Guid(149e05fad4e968142a56239ddf56e15e) Importer(815301076,1909f56bfc062723c751e8b465ee728b)
Start importing Assets/Scripts/Game Scripts/Camera/CameraTargetGroup.cs using Guid(149e05fad4e968142a56239ddf56e15e) Importer(815301076,1909f56bfc062723c751e8b465ee728b)  -> (artifact id: '7749f2bb3631594bb6d6b06fcfcc5b38') in 0.003142 seconds
Number of updated asset objects reloaded before import = 0
Number of asset objects unloaded after import = 0
========================================================================
Received Prepare
Begin MonoManager ReloadAssembly
Symbol file LoadedFromMemory is not a mono symbol file
- Loaded All Assemblies, in  0.607 seconds
Refreshing native plugins compatible for Editor in 6.47 ms, found 3 plugins.
Native extension for WindowsStandalone target not found
Native extension for Android target not found
[Package Manager] Server::EnsureServerProcessIsRunning -- launch failed, reason: Unity was launched with the -noUpm command-line argument
[Package Manager] UpmClient::Send -- Unable to send message (not connected to UPM process).
[Package Manager] Cannot connect to Unity Package Manager local server
Mono: successfully reloaded assembly
- Finished resetting the current domain, in  2.253 seconds
Domain Reload Profiling: 2855ms
	BeginReloadAssembly (193ms)
		ExecutionOrderSort (0ms)
		DisableScriptedObjects (5ms)
		BackupInstance (0ms)
		ReleaseScriptingObjects (0ms)
		CreateAndSetChildDomain (79ms)
	RebuildCommonClasses (24ms)
	RebuildNativeTypeToScriptingClass (9ms)
	initialDomainReloadingComplete (35ms)
	LoadAllAssembliesAndSetupDomain (342ms)
		LoadAssemblies (362ms)
		RebuildTransferFunctionScriptingTraits (0ms)
		AnalyzeDomain (56ms)
			TypeCache.Refresh (14ms)
				TypeCache.ScanAssembly (4ms)
			ScanForSourceGeneratedMonoScriptInfo (26ms)
			ResolveRequiredComponents (14ms)
	FinalizeReload (2253ms)
		ReleaseScriptCaches (0ms)
		RebuildScriptCaches (0ms)
		SetupLoadedEditorAssemblies (1714ms)
			LogAssemblyErrors (0ms)
			InitializePlatformSupportModulesInManaged (23ms)
			SetLoadedEditorAssemblies (4ms)
			RefreshPlugins (0ms)
			BeforeProcessingInitializeOnLoad (109ms)
			ProcessInitializeOnLoadAttributes (1432ms)
			ProcessInitializeOnLoadMethodAttributes (133ms)
			AfterProcessingInitializeOnLoad (12ms)
			EditorAssembliesLoaded (0ms)
		ExecutionOrderSort2 (0ms)
		AwakeInstancesAfterBackupRestoration (11ms)
Refreshing native plugins compatible for Editor in 6.42 ms, found 3 plugins.
Preloading 0 native plugins for Editor in 0.00 ms.
Unloading 6293 Unused Serialized files (Serialized files now loaded: 0)
Unloading 102 unused Assets / (3.3 MB). Loaded Objects now: 7134.
Memory consumption went from 270.1 MB to 266.8 MB.
Total: 14.823100 ms (FindLiveObjects: 0.351100 ms CreateObjectMapping: 0.143400 ms MarkObjects: 13.218700 ms  DeleteObjects: 1.109500 ms)

Prepare: number of updated asset objects reloaded= 0
AssetImportParameters requested are different than current active one (requested -> active):
  custom:container-demuxer-ogg: 62fdf1f143b41e24485cea50d1cbac27 -> 
  custom:video-decoder-ogg-theora: a1e56fd34408186e4bbccfd4996cb3dc -> 
  custom:scripting/monoscript/fileName/Cutscene.cs: b48d314a7bd0254c2a6d0267e621de43 -> 
  custom:framework-win-MediaFoundation: 216162199b28c13a410421893ffa2e32 -> 
  custom:CustomObjectIndexerAttribute: 72b91833f83ae208fae7752999fa3104 -> 
  custom:container-demuxer-webm: 4f35f7cbe854078d1ac9338744f61a02 -> 
  custom:container-muxer-webm: aa71ff27fc2769a1b78a27578f13a17b -> 
  custom:video-decoder-webm-vp8: 9c59270c3fd7afecdb556c50c9e8de78 -> 
  custom:SearchIndexIgnoredProperties: e643bd26f0fe6173181afceb89e7c659 -> 
  custom:AudioImporter_EditorPlatform: d09bf68614088b80899f8185d706f6e7 -> 
  custom:scripting/monoscript/fileName/CustomEvent.cs: 5e78259ed3d36b8757eca6fb45d668b1 -> e882e03c3066f644b478f7801ba4f72b
  custom:scripting/monoscript/fileName/Goddess.cs: c78d2f053f97759377a4ee13e811f021 -> 
  custom:scripting/monoscript/fileName/SkipCutscene.cs: 8a94bc49eb3b0fa2d2bef4b3782e7944 -> c43346a55a349eae9ec7b54b6088a1a2
  custom:video-encoder-webm-vp8: eb34c28f22e8b96e1ab97ce403110664 -> 
  custom:audio-decoder-ogg-vorbis: bf7c407c2cedff20999df2af8eb42d56 -> 
  custom:audio-encoder-webm-vorbis: bf7c407c2cedff20999df2af8eb42d56 -> 
  custom:scripting/monoscript/fileName/CutsceneCharacterMovement.cs: d266e7130a9c0007cbb7e86424a5cebf -> bad45eee895100f51ecc1701c9ab68c2
  custom:scripting/monoscript/fileName/PlayCutscene.cs: b351b9fc28864a6275c5a25c8823f0a1 -> 82f6fb680737ab96ef8cb55f7ca42e9b
========================================================================
Received Prepare
Begin MonoManager ReloadAssembly
Symbol file LoadedFromMemory is not a mono symbol file
- Loaded All Assemblies, in  0.567 seconds
Refreshing native plugins compatible for Editor in 6.87 ms, found 3 plugins.
Native extension for WindowsStandalone target not found
Native extension for Android target not found
[Package Manager] Server::EnsureServerProcessIsRunning -- launch failed, reason: Unity was launched with the -noUpm command-line argument
[Package Manager] UpmClient::Send -- Unable to send message (not connected to UPM process).
[Package Manager] Cannot connect to Unity Package Manager local server
Mono: successfully reloaded assembly
- Finished resetting the current domain, in  2.595 seconds
Domain Reload Profiling: 3158ms
	BeginReloadAssembly (191ms)
		ExecutionOrderSort (0ms)
		DisableScriptedObjects (4ms)
		BackupInstance (0ms)
		ReleaseScriptingObjects (0ms)
		CreateAndSetChildDomain (77ms)
	RebuildCommonClasses (25ms)
	RebuildNativeTypeToScriptingClass (8ms)
	initialDomainReloadingComplete (34ms)
	LoadAllAssembliesAndSetupDomain (304ms)
		LoadAssemblies (355ms)
		RebuildTransferFunctionScriptingTraits (0ms)
		AnalyzeDomain (22ms)
			TypeCache.Refresh (6ms)
				TypeCache.ScanAssembly (0ms)
			ScanForSourceGeneratedMonoScriptInfo (0ms)
			ResolveRequiredComponents (15ms)
	FinalizeReload (2596ms)
		ReleaseScriptCaches (0ms)
		RebuildScriptCaches (0ms)
		SetupLoadedEditorAssemblies (2029ms)
			LogAssemblyErrors (0ms)
			InitializePlatformSupportModulesInManaged (24ms)
			SetLoadedEditorAssemblies (7ms)
			RefreshPlugins (0ms)
			BeforeProcessingInitializeOnLoad (118ms)
			ProcessInitializeOnLoadAttributes (1686ms)
			ProcessInitializeOnLoadMethodAttributes (177ms)
			AfterProcessingInitializeOnLoad (17ms)
			EditorAssembliesLoaded (0ms)
		ExecutionOrderSort2 (0ms)
		AwakeInstancesAfterBackupRestoration (15ms)
Refreshing native plugins compatible for Editor in 6.53 ms, found 3 plugins.
Preloading 0 native plugins for Editor in 0.00 ms.
Unloading 6293 Unused Serialized files (Serialized files now loaded: 0)
Unloading 101 unused Assets / (3.3 MB). Loaded Objects now: 7150.
Memory consumption went from 272.0 MB to 268.7 MB.
Total: 15.178700 ms (FindLiveObjects: 0.392400 ms CreateObjectMapping: 0.321200 ms MarkObjects: 13.374400 ms  DeleteObjects: 1.090100 ms)

Prepare: number of updated asset objects reloaded= 0
AssetImportParameters requested are different than current active one (requested -> active):
  custom:container-demuxer-ogg: 62fdf1f143b41e24485cea50d1cbac27 -> 
  custom:video-decoder-ogg-theora: a1e56fd34408186e4bbccfd4996cb3dc -> 
  custom:scripting/monoscript/fileName/Cutscene.cs: b48d314a7bd0254c2a6d0267e621de43 -> 
  custom:framework-win-MediaFoundation: 216162199b28c13a410421893ffa2e32 -> 
  custom:CustomObjectIndexerAttribute: 72b91833f83ae208fae7752999fa3104 -> 
  custom:container-demuxer-webm: 4f35f7cbe854078d1ac9338744f61a02 -> 
  custom:container-muxer-webm: aa71ff27fc2769a1b78a27578f13a17b -> 
  custom:video-decoder-webm-vp8: 9c59270c3fd7afecdb556c50c9e8de78 -> 
  custom:SearchIndexIgnoredProperties: e643bd26f0fe6173181afceb89e7c659 -> 
  custom:AudioImporter_EditorPlatform: d09bf68614088b80899f8185d706f6e7 -> 
  custom:scripting/monoscript/fileName/CustomEvent.cs: 5e78259ed3d36b8757eca6fb45d668b1 -> e882e03c3066f644b478f7801ba4f72b
  custom:scripting/monoscript/fileName/Goddess.cs: c78d2f053f97759377a4ee13e811f021 -> 
  custom:scripting/monoscript/fileName/SkipCutscene.cs: 8a94bc49eb3b0fa2d2bef4b3782e7944 -> c43346a55a349eae9ec7b54b6088a1a2
  custom:video-encoder-webm-vp8: eb34c28f22e8b96e1ab97ce403110664 -> 
  custom:audio-decoder-ogg-vorbis: bf7c407c2cedff20999df2af8eb42d56 -> 
  custom:audio-encoder-webm-vorbis: bf7c407c2cedff20999df2af8eb42d56 -> 
  custom:scripting/monoscript/fileName/CutsceneCharacterMovement.cs: d266e7130a9c0007cbb7e86424a5cebf -> bad45eee895100f51ecc1701c9ab68c2
  custom:scripting/monoscript/fileName/PlayCutscene.cs: b351b9fc28864a6275c5a25c8823f0a1 -> 82f6fb680737ab96ef8cb55f7ca42e9b
========================================================================
Received Prepare
Begin MonoManager ReloadAssembly
Symbol file LoadedFromMemory is not a mono symbol file
- Loaded All Assemblies, in  0.629 seconds
Refreshing native plugins compatible for Editor in 6.46 ms, found 3 plugins.
Native extension for WindowsStandalone target not found
Native extension for Android target not found
[Package Manager] Server::EnsureServerProcessIsRunning -- launch failed, reason: Unity was launched with the -noUpm command-line argument
[Package Manager] UpmClient::Send -- Unable to send message (not connected to UPM process).
[Package Manager] Cannot connect to Unity Package Manager local server
Mono: successfully reloaded assembly
- Finished resetting the current domain, in  2.242 seconds
Domain Reload Profiling: 2866ms
	BeginReloadAssembly (185ms)
		ExecutionOrderSort (0ms)
		DisableScriptedObjects (5ms)
		BackupInstance (0ms)
		ReleaseScriptingObjects (0ms)
		CreateAndSetChildDomain (75ms)
	RebuildCommonClasses (28ms)
	RebuildNativeTypeToScriptingClass (13ms)
	initialDomainReloadingComplete (37ms)
	LoadAllAssembliesAndSetupDomain (361ms)
		LoadAssemblies (376ms)
		RebuildTransferFunctionScriptingTraits (0ms)
		AnalyzeDomain (60ms)
			TypeCache.Refresh (14ms)
				TypeCache.ScanAssembly (5ms)
			ScanForSourceGeneratedMonoScriptInfo (31ms)
			ResolveRequiredComponents (13ms)
	FinalizeReload (2242ms)
		ReleaseScriptCaches (0ms)
		RebuildScriptCaches (0ms)
		SetupLoadedEditorAssemblies (1697ms)
			LogAssemblyErrors (0ms)
			InitializePlatformSupportModulesInManaged (23ms)
			SetLoadedEditorAssemblies (4ms)
			RefreshPlugins (0ms)
			BeforeProcessingInitializeOnLoad (116ms)
			ProcessInitializeOnLoadAttributes (1404ms)
			ProcessInitializeOnLoadMethodAttributes (138ms)
			AfterProcessingInitializeOnLoad (12ms)
			EditorAssembliesLoaded (0ms)
		ExecutionOrderSort2 (0ms)
		AwakeInstancesAfterBackupRestoration (15ms)
Refreshing native plugins compatible for Editor in 6.33 ms, found 3 plugins.
Preloading 0 native plugins for Editor in 0.00 ms.
Unloading 6293 Unused Serialized files (Serialized files now loaded: 0)
Unloading 101 unused Assets / (3.2 MB). Loaded Objects now: 7166.
Memory consumption went from 273.9 MB to 270.7 MB.
Total: 15.436400 ms (FindLiveObjects: 0.391500 ms CreateObjectMapping: 0.321900 ms MarkObjects: 13.666300 ms  DeleteObjects: 1.055800 ms)

Prepare: number of updated asset objects reloaded= 0
AssetImportParameters requested are different than current active one (requested -> active):
  custom:container-demuxer-ogg: 62fdf1f143b41e24485cea50d1cbac27 -> 
  custom:video-decoder-ogg-theora: a1e56fd34408186e4bbccfd4996cb3dc -> 
  custom:scripting/monoscript/fileName/Cutscene.cs: b48d314a7bd0254c2a6d0267e621de43 -> 
  custom:framework-win-MediaFoundation: 216162199b28c13a410421893ffa2e32 -> 
  custom:CustomObjectIndexerAttribute: 72b91833f83ae208fae7752999fa3104 -> 
  custom:container-demuxer-webm: 4f35f7cbe854078d1ac9338744f61a02 -> 
  custom:container-muxer-webm: aa71ff27fc2769a1b78a27578f13a17b -> 
  custom:video-decoder-webm-vp8: 9c59270c3fd7afecdb556c50c9e8de78 -> 
  custom:SearchIndexIgnoredProperties: e643bd26f0fe6173181afceb89e7c659 -> 
  custom:AudioImporter_EditorPlatform: d09bf68614088b80899f8185d706f6e7 -> 
  custom:scripting/monoscript/fileName/CustomEvent.cs: 5e78259ed3d36b8757eca6fb45d668b1 -> e882e03c3066f644b478f7801ba4f72b
  custom:scripting/monoscript/fileName/Goddess.cs: c78d2f053f97759377a4ee13e811f021 -> 
  custom:scripting/monoscript/fileName/SkipCutscene.cs: 8a94bc49eb3b0fa2d2bef4b3782e7944 -> c43346a55a349eae9ec7b54b6088a1a2
  custom:video-encoder-webm-vp8: eb34c28f22e8b96e1ab97ce403110664 -> 
  custom:audio-decoder-ogg-vorbis: bf7c407c2cedff20999df2af8eb42d56 -> 
  custom:audio-encoder-webm-vorbis: bf7c407c2cedff20999df2af8eb42d56 -> 
  custom:scripting/monoscript/fileName/CutsceneCharacterMovement.cs: d266e7130a9c0007cbb7e86424a5cebf -> bad45eee895100f51ecc1701c9ab68c2
  custom:scripting/monoscript/fileName/PlayCutscene.cs: b351b9fc28864a6275c5a25c8823f0a1 -> 82f6fb680737ab96ef8cb55f7ca42e9b
========================================================================
Received Import Request.
  Time since last request: 494.082571 seconds.
  path: Assets/Scenes/Maps/Titanias Cave.unity
  artifactKey: Guid(589c8f3b3241469418600e0187a9299e) Importer(815301076,1909f56bfc062723c751e8b465ee728b)
Start importing Assets/Scenes/Maps/Titanias Cave.unity using Guid(589c8f3b3241469418600e0187a9299e) Importer(815301076,1909f56bfc062723c751e8b465ee728b)  -> (artifact id: '3468e9489d821df99c6af600990266b0') in 0.001675 seconds
Number of updated asset objects reloaded before import = 0
Number of asset objects unloaded after import = 0
========================================================================
Received Import Request.
  Time since last request: 333.993410 seconds.
  path: Assets/Scenes/Title Screen/TitleScreen.unity
  artifactKey: Guid(e22c5af14c117984c806649931746804) Importer(815301076,1909f56bfc062723c751e8b465ee728b)
Start importing Assets/Scenes/Title Screen/TitleScreen.unity using Guid(e22c5af14c117984c806649931746804) Importer(815301076,1909f56bfc062723c751e8b465ee728b)  -> (artifact id: 'f09c7c25d3b1668bebf4306e1ef89732') in 0.000598 seconds
Number of updated asset objects reloaded before import = 0
Number of asset objects unloaded after import = 0
========================================================================
Received Prepare
Begin MonoManager ReloadAssembly
Symbol file LoadedFromMemory is not a mono symbol file
- Loaded All Assemblies, in  0.639 seconds
Refreshing native plugins compatible for Editor in 6.58 ms, found 3 plugins.
Native extension for WindowsStandalone target not found
Native extension for Android target not found
[Package Manager] Server::EnsureServerProcessIsRunning -- launch failed, reason: Unity was launched with the -noUpm command-line argument
[Package Manager] UpmClient::Send -- Unable to send message (not connected to UPM process).
[Package Manager] Cannot connect to Unity Package Manager local server
Mono: successfully reloaded assembly
- Finished resetting the current domain, in  2.690 seconds
Domain Reload Profiling: 3325ms
	BeginReloadAssembly (205ms)
		ExecutionOrderSort (0ms)
		DisableScriptedObjects (6ms)
		BackupInstance (0ms)
		ReleaseScriptingObjects (0ms)
		CreateAndSetChildDomain (95ms)
	RebuildCommonClasses (28ms)
	RebuildNativeTypeToScriptingClass (8ms)
	initialDomainReloadingComplete (37ms)
	LoadAllAssembliesAndSetupDomain (357ms)
		LoadAssemblies (406ms)
		RebuildTransferFunctionScriptingTraits (0ms)
		AnalyzeDomain (25ms)
			TypeCache.Refresh (6ms)
				TypeCache.ScanAssembly (0ms)
			ScanForSourceGeneratedMonoScriptInfo (0ms)
			ResolveRequiredComponents (18ms)
	FinalizeReload (2690ms)
		ReleaseScriptCaches (0ms)
		RebuildScriptCaches (0ms)
		SetupLoadedEditorAssemblies (2095ms)
			LogAssemblyErrors (0ms)
			InitializePlatformSupportModulesInManaged (24ms)
			SetLoadedEditorAssemblies (4ms)
			RefreshPlugins (0ms)
			BeforeProcessingInitializeOnLoad (125ms)
			ProcessInitializeOnLoadAttributes (1752ms)
			ProcessInitializeOnLoadMethodAttributes (172ms)
			AfterProcessingInitializeOnLoad (16ms)
			EditorAssembliesLoaded (1ms)
		ExecutionOrderSort2 (0ms)
		AwakeInstancesAfterBackupRestoration (14ms)
Refreshing native plugins compatible for Editor in 7.88 ms, found 3 plugins.
Preloading 0 native plugins for Editor in 0.00 ms.
Unloading 6293 Unused Serialized files (Serialized files now loaded: 0)
Unloading 101 unused Assets / (3.3 MB). Loaded Objects now: 7182.
Memory consumption went from 275.8 MB to 272.5 MB.
Total: 16.888300 ms (FindLiveObjects: 0.407000 ms CreateObjectMapping: 0.312900 ms MarkObjects: 14.942400 ms  DeleteObjects: 1.225200 ms)

Prepare: number of updated asset objects reloaded= 0
AssetImportParameters requested are different than current active one (requested -> active):
  custom:container-demuxer-ogg: 62fdf1f143b41e24485cea50d1cbac27 -> 
  custom:video-decoder-ogg-theora: a1e56fd34408186e4bbccfd4996cb3dc -> 
  custom:scripting/monoscript/fileName/Cutscene.cs: b48d314a7bd0254c2a6d0267e621de43 -> 
  custom:framework-win-MediaFoundation: 216162199b28c13a410421893ffa2e32 -> 
  custom:CustomObjectIndexerAttribute: 72b91833f83ae208fae7752999fa3104 -> 
  custom:container-demuxer-webm: 4f35f7cbe854078d1ac9338744f61a02 -> 
  custom:container-muxer-webm: aa71ff27fc2769a1b78a27578f13a17b -> 
  custom:video-decoder-webm-vp8: 9c59270c3fd7afecdb556c50c9e8de78 -> 
  custom:SearchIndexIgnoredProperties: e643bd26f0fe6173181afceb89e7c659 -> 
  custom:AudioImporter_EditorPlatform: d09bf68614088b80899f8185d706f6e7 -> 
  custom:scripting/monoscript/fileName/CustomEvent.cs: 5e78259ed3d36b8757eca6fb45d668b1 -> e882e03c3066f644b478f7801ba4f72b
  custom:scripting/monoscript/fileName/Goddess.cs: c78d2f053f97759377a4ee13e811f021 -> 
  custom:scripting/monoscript/fileName/SkipCutscene.cs: 8a94bc49eb3b0fa2d2bef4b3782e7944 -> c43346a55a349eae9ec7b54b6088a1a2
  custom:video-encoder-webm-vp8: eb34c28f22e8b96e1ab97ce403110664 -> 
  custom:audio-decoder-ogg-vorbis: bf7c407c2cedff20999df2af8eb42d56 -> 
  custom:audio-encoder-webm-vorbis: bf7c407c2cedff20999df2af8eb42d56 -> 
  custom:scripting/monoscript/fileName/CutsceneCharacterMovement.cs: d266e7130a9c0007cbb7e86424a5cebf -> bad45eee895100f51ecc1701c9ab68c2
  custom:scripting/monoscript/fileName/PlayCutscene.cs: b351b9fc28864a6275c5a25c8823f0a1 -> 82f6fb680737ab96ef8cb55f7ca42e9b
========================================================================
Received Import Request.
  Time since last request: 115.886161 seconds.
  path: Assets/Scenes/Maps/Titanias Cave.unity
  artifactKey: Guid(589c8f3b3241469418600e0187a9299e) Importer(815301076,1909f56bfc062723c751e8b465ee728b)
Start importing Assets/Scenes/Maps/Titanias Cave.unity using Guid(589c8f3b3241469418600e0187a9299e) Importer(815301076,1909f56bfc062723c751e8b465ee728b)  -> (artifact id: '0ce1bdcf373bc1c0d1bba0f6d4e443cc') in 0.002755 seconds
Number of updated asset objects reloaded before import = 0
Number of asset objects unloaded after import = 0
========================================================================
Received Prepare
Begin MonoManager ReloadAssembly
Symbol file LoadedFromMemory is not a mono symbol file
- Loaded All Assemblies, in  0.601 seconds
Refreshing native plugins compatible for Editor in 6.61 ms, found 3 plugins.
Native extension for WindowsStandalone target not found
Native extension for Android target not found
[Package Manager] Server::EnsureServerProcessIsRunning -- launch failed, reason: Unity was launched with the -noUpm command-line argument
[Package Manager] UpmClient::Send -- Unable to send message (not connected to UPM process).
[Package Manager] Cannot connect to Unity Package Manager local server
Mono: successfully reloaded assembly
- Finished resetting the current domain, in  2.650 seconds
Domain Reload Profiling: 3246ms
	BeginReloadAssembly (206ms)
		ExecutionOrderSort (0ms)
		DisableScriptedObjects (4ms)
		BackupInstance (0ms)
		ReleaseScriptingObjects (0ms)
		CreateAndSetChildDomain (94ms)
	RebuildCommonClasses (26ms)
	RebuildNativeTypeToScriptingClass (8ms)
	initialDomainReloadingComplete (37ms)
	LoadAllAssembliesAndSetupDomain (318ms)
		LoadAssemblies (374ms)
		RebuildTransferFunctionScriptingTraits (0ms)
		AnalyzeDomain (21ms)
			TypeCache.Refresh (6ms)
				TypeCache.ScanAssembly (0ms)
			ScanForSourceGeneratedMonoScriptInfo (0ms)
			ResolveRequiredComponents (14ms)
	FinalizeReload (2651ms)
		ReleaseScriptCaches (0ms)
		RebuildScriptCaches (0ms)
		SetupLoadedEditorAssemblies (2043ms)
			LogAssemblyErrors (0ms)
			InitializePlatformSupportModulesInManaged (25ms)
			SetLoadedEditorAssemblies (5ms)
			RefreshPlugins (0ms)
			BeforeProcessingInitializeOnLoad (117ms)
			ProcessInitializeOnLoadAttributes (1706ms)
			ProcessInitializeOnLoadMethodAttributes (175ms)
			AfterProcessingInitializeOnLoad (14ms)
			EditorAssembliesLoaded (1ms)
		ExecutionOrderSort2 (0ms)
		AwakeInstancesAfterBackupRestoration (13ms)
Refreshing native plugins compatible for Editor in 6.64 ms, found 3 plugins.
Preloading 0 native plugins for Editor in 0.00 ms.
Unloading 6293 Unused Serialized files (Serialized files now loaded: 0)
Unloading 101 unused Assets / (3.3 MB). Loaded Objects now: 7198.
Memory consumption went from 277.6 MB to 274.3 MB.
Total: 16.730200 ms (FindLiveObjects: 0.399400 ms CreateObjectMapping: 0.302700 ms MarkObjects: 14.803700 ms  DeleteObjects: 1.223500 ms)

Prepare: number of updated asset objects reloaded= 0
AssetImportParameters requested are different than current active one (requested -> active):
  custom:container-demuxer-ogg: 62fdf1f143b41e24485cea50d1cbac27 -> 
  custom:video-decoder-ogg-theora: a1e56fd34408186e4bbccfd4996cb3dc -> 
  custom:scripting/monoscript/fileName/Cutscene.cs: b48d314a7bd0254c2a6d0267e621de43 -> 
  custom:framework-win-MediaFoundation: 216162199b28c13a410421893ffa2e32 -> 
  custom:CustomObjectIndexerAttribute: 72b91833f83ae208fae7752999fa3104 -> 
  custom:container-demuxer-webm: 4f35f7cbe854078d1ac9338744f61a02 -> 
  custom:container-muxer-webm: aa71ff27fc2769a1b78a27578f13a17b -> 
  custom:video-decoder-webm-vp8: 9c59270c3fd7afecdb556c50c9e8de78 -> 
  custom:SearchIndexIgnoredProperties: e643bd26f0fe6173181afceb89e7c659 -> 
  custom:AudioImporter_EditorPlatform: d09bf68614088b80899f8185d706f6e7 -> 
  custom:scripting/monoscript/fileName/CustomEvent.cs: 5e78259ed3d36b8757eca6fb45d668b1 -> e882e03c3066f644b478f7801ba4f72b
  custom:scripting/monoscript/fileName/Goddess.cs: c78d2f053f97759377a4ee13e811f021 -> 
  custom:scripting/monoscript/fileName/SkipCutscene.cs: 8a94bc49eb3b0fa2d2bef4b3782e7944 -> c43346a55a349eae9ec7b54b6088a1a2
  custom:video-encoder-webm-vp8: eb34c28f22e8b96e1ab97ce403110664 -> 
  custom:audio-decoder-ogg-vorbis: bf7c407c2cedff20999df2af8eb42d56 -> 
  custom:audio-encoder-webm-vorbis: bf7c407c2cedff20999df2af8eb42d56 -> 
  custom:scripting/monoscript/fileName/CutsceneCharacterMovement.cs: d266e7130a9c0007cbb7e86424a5cebf -> bad45eee895100f51ecc1701c9ab68c2
  custom:scripting/monoscript/fileName/PlayCutscene.cs: b351b9fc28864a6275c5a25c8823f0a1 -> 82f6fb680737ab96ef8cb55f7ca42e9b
========================================================================
Received Prepare
Begin MonoManager ReloadAssembly
Symbol file LoadedFromMemory is not a mono symbol file
- Loaded All Assemblies, in  0.576 seconds
Refreshing native plugins compatible for Editor in 7.24 ms, found 3 plugins.
Native extension for WindowsStandalone target not found
Native extension for Android target not found
[Package Manager] Server::EnsureServerProcessIsRunning -- launch failed, reason: Unity was launched with the -noUpm command-line argument
[Package Manager] UpmClient::Send -- Unable to send message (not connected to UPM process).
[Package Manager] Cannot connect to Unity Package Manager local server
Mono: successfully reloaded assembly
- Finished resetting the current domain, in  2.653 seconds
Domain Reload Profiling: 3223ms
	BeginReloadAssembly (199ms)
		ExecutionOrderSort (0ms)
		DisableScriptedObjects (5ms)
		BackupInstance (0ms)
		ReleaseScriptingObjects (0ms)
		CreateAndSetChildDomain (88ms)
	RebuildCommonClasses (25ms)
	RebuildNativeTypeToScriptingClass (8ms)
	initialDomainReloadingComplete (35ms)
	LoadAllAssembliesAndSetupDomain (302ms)
		LoadAssemblies (354ms)
		RebuildTransferFunctionScriptingTraits (0ms)
		AnalyzeDomain (22ms)
			TypeCache.Refresh (5ms)
				TypeCache.ScanAssembly (0ms)
			ScanForSourceGeneratedMonoScriptInfo (0ms)
			ResolveRequiredComponents (15ms)
	FinalizeReload (2653ms)
		ReleaseScriptCaches (0ms)
		RebuildScriptCaches (0ms)
		SetupLoadedEditorAssemblies (2047ms)
			LogAssemblyErrors (0ms)
			InitializePlatformSupportModulesInManaged (24ms)
			SetLoadedEditorAssemblies (4ms)
			RefreshPlugins (0ms)
			BeforeProcessingInitializeOnLoad (121ms)
			ProcessInitializeOnLoadAttributes (1700ms)
			ProcessInitializeOnLoadMethodAttributes (184ms)
			AfterProcessingInitializeOnLoad (15ms)
			EditorAssembliesLoaded (1ms)
		ExecutionOrderSort2 (0ms)
		AwakeInstancesAfterBackupRestoration (14ms)
Refreshing native plugins compatible for Editor in 6.42 ms, found 3 plugins.
Preloading 0 native plugins for Editor in 0.00 ms.
Unloading 6293 Unused Serialized files (Serialized files now loaded: 0)
Unloading 101 unused Assets / (3.3 MB). Loaded Objects now: 7214.
Memory consumption went from 279.7 MB to 276.4 MB.
Total: 16.179000 ms (FindLiveObjects: 0.371500 ms CreateObjectMapping: 0.292200 ms MarkObjects: 14.328500 ms  DeleteObjects: 1.185800 ms)

Prepare: number of updated asset objects reloaded= 0
AssetImportParameters requested are different than current active one (requested -> active):
  custom:container-demuxer-ogg: 62fdf1f143b41e24485cea50d1cbac27 -> 
  custom:video-decoder-ogg-theora: a1e56fd34408186e4bbccfd4996cb3dc -> 
  custom:scripting/monoscript/fileName/Cutscene.cs: b48d314a7bd0254c2a6d0267e621de43 -> 
  custom:framework-win-MediaFoundation: 216162199b28c13a410421893ffa2e32 -> 
  custom:CustomObjectIndexerAttribute: 72b91833f83ae208fae7752999fa3104 -> 
  custom:container-demuxer-webm: 4f35f7cbe854078d1ac9338744f61a02 -> 
  custom:container-muxer-webm: aa71ff27fc2769a1b78a27578f13a17b -> 
  custom:video-decoder-webm-vp8: 9c59270c3fd7afecdb556c50c9e8de78 -> 
  custom:SearchIndexIgnoredProperties: e643bd26f0fe6173181afceb89e7c659 -> 
  custom:AudioImporter_EditorPlatform: d09bf68614088b80899f8185d706f6e7 -> 
  custom:scripting/monoscript/fileName/CustomEvent.cs: 5e78259ed3d36b8757eca6fb45d668b1 -> e882e03c3066f644b478f7801ba4f72b
  custom:scripting/monoscript/fileName/Goddess.cs: c78d2f053f97759377a4ee13e811f021 -> 
  custom:scripting/monoscript/fileName/SkipCutscene.cs: 8a94bc49eb3b0fa2d2bef4b3782e7944 -> c43346a55a349eae9ec7b54b6088a1a2
  custom:video-encoder-webm-vp8: eb34c28f22e8b96e1ab97ce403110664 -> 
  custom:audio-decoder-ogg-vorbis: bf7c407c2cedff20999df2af8eb42d56 -> 
  custom:audio-encoder-webm-vorbis: bf7c407c2cedff20999df2af8eb42d56 -> 
  custom:scripting/monoscript/fileName/CutsceneCharacterMovement.cs: d266e7130a9c0007cbb7e86424a5cebf -> bad45eee895100f51ecc1701c9ab68c2
  custom:scripting/monoscript/fileName/PlayCutscene.cs: b351b9fc28864a6275c5a25c8823f0a1 -> 82f6fb680737ab96ef8cb55f7ca42e9b
========================================================================
Received Prepare
Begin MonoManager ReloadAssembly
Symbol file LoadedFromMemory is not a mono symbol file
- Loaded All Assemblies, in  0.634 seconds
Refreshing native plugins compatible for Editor in 6.55 ms, found 3 plugins.
Native extension for WindowsStandalone target not found
Native extension for Android target not found
[Package Manager] Server::EnsureServerProcessIsRunning -- launch failed, reason: Unity was launched with the -noUpm command-line argument
[Package Manager] UpmClient::Send -- Unable to send message (not connected to UPM process).
[Package Manager] Cannot connect to Unity Package Manager local server
Mono: successfully reloaded assembly
- Finished resetting the current domain, in  2.357 seconds
Domain Reload Profiling: 2986ms
	BeginReloadAssembly (200ms)
		ExecutionOrderSort (0ms)
		DisableScriptedObjects (4ms)
		BackupInstance (0ms)
		ReleaseScriptingObjects (0ms)
		CreateAndSetChildDomain (90ms)
	RebuildCommonClasses (25ms)
	RebuildNativeTypeToScriptingClass (8ms)
	initialDomainReloadingComplete (34ms)
	LoadAllAssembliesAndSetupDomain (362ms)
		LoadAssemblies (373ms)
		RebuildTransferFunctionScriptingTraits (0ms)
		AnalyzeDomain (65ms)
			TypeCache.Refresh (15ms)
				TypeCache.ScanAssembly (5ms)
			ScanForSourceGeneratedMonoScriptInfo (35ms)
			ResolveRequiredComponents (14ms)
	FinalizeReload (2357ms)
		ReleaseScriptCaches (0ms)
		RebuildScriptCaches (0ms)
		SetupLoadedEditorAssemblies (1790ms)
			LogAssemblyErrors (0ms)
			InitializePlatformSupportModulesInManaged (24ms)
			SetLoadedEditorAssemblies (4ms)
			RefreshPlugins (0ms)
			BeforeProcessingInitializeOnLoad (109ms)
			ProcessInitializeOnLoadAttributes (1499ms)
			ProcessInitializeOnLoadMethodAttributes (141ms)
			AfterProcessingInitializeOnLoad (12ms)
			EditorAssembliesLoaded (0ms)
		ExecutionOrderSort2 (0ms)
		AwakeInstancesAfterBackupRestoration (14ms)
Refreshing native plugins compatible for Editor in 6.38 ms, found 3 plugins.
Preloading 0 native plugins for Editor in 0.00 ms.
Unloading 6293 Unused Serialized files (Serialized files now loaded: 0)
Unloading 101 unused Assets / (3.3 MB). Loaded Objects now: 7230.
Memory consumption went from 281.7 MB to 278.3 MB.
Total: 14.416900 ms (FindLiveObjects: 0.351600 ms CreateObjectMapping: 0.263900 ms MarkObjects: 12.749100 ms  DeleteObjects: 1.051700 ms)

Prepare: number of updated asset objects reloaded= 0
AssetImportParameters requested are different than current active one (requested -> active):
  custom:container-demuxer-ogg: 62fdf1f143b41e24485cea50d1cbac27 -> 
  custom:video-decoder-ogg-theora: a1e56fd34408186e4bbccfd4996cb3dc -> 
  custom:scripting/monoscript/fileName/Cutscene.cs: b48d314a7bd0254c2a6d0267e621de43 -> 
  custom:framework-win-MediaFoundation: 216162199b28c13a410421893ffa2e32 -> 
  custom:CustomObjectIndexerAttribute: 72b91833f83ae208fae7752999fa3104 -> 
  custom:container-demuxer-webm: 4f35f7cbe854078d1ac9338744f61a02 -> 
  custom:container-muxer-webm: aa71ff27fc2769a1b78a27578f13a17b -> 
  custom:video-decoder-webm-vp8: 9c59270c3fd7afecdb556c50c9e8de78 -> 
  custom:SearchIndexIgnoredProperties: e643bd26f0fe6173181afceb89e7c659 -> 
  custom:AudioImporter_EditorPlatform: d09bf68614088b80899f8185d706f6e7 -> 
  custom:scripting/monoscript/fileName/CustomEvent.cs: 5e78259ed3d36b8757eca6fb45d668b1 -> e882e03c3066f644b478f7801ba4f72b
  custom:scripting/monoscript/fileName/Goddess.cs: c78d2f053f97759377a4ee13e811f021 -> 
  custom:scripting/monoscript/fileName/SkipCutscene.cs: 8a94bc49eb3b0fa2d2bef4b3782e7944 -> c43346a55a349eae9ec7b54b6088a1a2
  custom:video-encoder-webm-vp8: eb34c28f22e8b96e1ab97ce403110664 -> 
  custom:audio-decoder-ogg-vorbis: bf7c407c2cedff20999df2af8eb42d56 -> 
  custom:audio-encoder-webm-vorbis: bf7c407c2cedff20999df2af8eb42d56 -> 
  custom:scripting/monoscript/fileName/CutsceneCharacterMovement.cs: d266e7130a9c0007cbb7e86424a5cebf -> bad45eee895100f51ecc1701c9ab68c2
  custom:scripting/monoscript/fileName/PlayCutscene.cs: b351b9fc28864a6275c5a25c8823f0a1 -> 82f6fb680737ab96ef8cb55f7ca42e9b
========================================================================
Received Prepare
Begin MonoManager ReloadAssembly
Symbol file LoadedFromMemory is not a mono symbol file
- Loaded All Assemblies, in  0.598 seconds
Refreshing native plugins compatible for Editor in 6.63 ms, found 3 plugins.
Native extension for WindowsStandalone target not found
Native extension for Android target not found
[Package Manager] Server::EnsureServerProcessIsRunning -- launch failed, reason: Unity was launched with the -noUpm command-line argument
[Package Manager] UpmClient::Send -- Unable to send message (not connected to UPM process).
[Package Manager] Cannot connect to Unity Package Manager local server
Mono: successfully reloaded assembly
- Finished resetting the current domain, in  2.603 seconds
Domain Reload Profiling: 3195ms
	BeginReloadAssembly (191ms)
		ExecutionOrderSort (0ms)
		DisableScriptedObjects (4ms)
		BackupInstance (0ms)
		ReleaseScriptingObjects (0ms)
		CreateAndSetChildDomain (80ms)
	RebuildCommonClasses (24ms)
	RebuildNativeTypeToScriptingClass (8ms)
	initialDomainReloadingComplete (35ms)
	LoadAllAssembliesAndSetupDomain (334ms)
		LoadAssemblies (388ms)
		RebuildTransferFunctionScriptingTraits (0ms)
		AnalyzeDomain (22ms)
			TypeCache.Refresh (7ms)
				TypeCache.ScanAssembly (0ms)
			ScanForSourceGeneratedMonoScriptInfo (0ms)
			ResolveRequiredComponents (14ms)
	FinalizeReload (2603ms)
		ReleaseScriptCaches (0ms)
		RebuildScriptCaches (0ms)
		SetupLoadedEditorAssemblies (2005ms)
			LogAssemblyErrors (0ms)
			InitializePlatformSupportModulesInManaged (25ms)
			SetLoadedEditorAssemblies (4ms)
			RefreshPlugins (0ms)
			BeforeProcessingInitializeOnLoad (118ms)
			ProcessInitializeOnLoadAttributes (1673ms)
			ProcessInitializeOnLoadMethodAttributes (169ms)
			AfterProcessingInitializeOnLoad (15ms)
			EditorAssembliesLoaded (0ms)
		ExecutionOrderSort2 (0ms)
		AwakeInstancesAfterBackupRestoration (14ms)
Refreshing native plugins compatible for Editor in 6.44 ms, found 3 plugins.
Preloading 0 native plugins for Editor in 0.00 ms.
Unloading 6293 Unused Serialized files (Serialized files now loaded: 0)
Unloading 101 unused Assets / (3.3 MB). Loaded Objects now: 7246.
Memory consumption went from 283.6 MB to 280.3 MB.
Total: 14.989800 ms (FindLiveObjects: 0.392000 ms CreateObjectMapping: 0.162000 ms MarkObjects: 13.255500 ms  DeleteObjects: 1.179500 ms)

Prepare: number of updated asset objects reloaded= 0
AssetImportParameters requested are different than current active one (requested -> active):
  custom:container-demuxer-ogg: 62fdf1f143b41e24485cea50d1cbac27 -> 
  custom:video-decoder-ogg-theora: a1e56fd34408186e4bbccfd4996cb3dc -> 
  custom:scripting/monoscript/fileName/Cutscene.cs: b48d314a7bd0254c2a6d0267e621de43 -> 
  custom:framework-win-MediaFoundation: 216162199b28c13a410421893ffa2e32 -> 
  custom:CustomObjectIndexerAttribute: 72b91833f83ae208fae7752999fa3104 -> 
  custom:container-demuxer-webm: 4f35f7cbe854078d1ac9338744f61a02 -> 
  custom:container-muxer-webm: aa71ff27fc2769a1b78a27578f13a17b -> 
  custom:video-decoder-webm-vp8: 9c59270c3fd7afecdb556c50c9e8de78 -> 
  custom:SearchIndexIgnoredProperties: e643bd26f0fe6173181afceb89e7c659 -> 
  custom:AudioImporter_EditorPlatform: d09bf68614088b80899f8185d706f6e7 -> 
  custom:scripting/monoscript/fileName/CustomEvent.cs: 5e78259ed3d36b8757eca6fb45d668b1 -> e882e03c3066f644b478f7801ba4f72b
  custom:scripting/monoscript/fileName/Goddess.cs: c78d2f053f97759377a4ee13e811f021 -> 
  custom:scripting/monoscript/fileName/SkipCutscene.cs: 8a94bc49eb3b0fa2d2bef4b3782e7944 -> c43346a55a349eae9ec7b54b6088a1a2
  custom:video-encoder-webm-vp8: eb34c28f22e8b96e1ab97ce403110664 -> 
  custom:audio-decoder-ogg-vorbis: bf7c407c2cedff20999df2af8eb42d56 -> 
  custom:audio-encoder-webm-vorbis: bf7c407c2cedff20999df2af8eb42d56 -> 
  custom:scripting/monoscript/fileName/CutsceneCharacterMovement.cs: d266e7130a9c0007cbb7e86424a5cebf -> bad45eee895100f51ecc1701c9ab68c2
  custom:scripting/monoscript/fileName/PlayCutscene.cs: b351b9fc28864a6275c5a25c8823f0a1 -> 82f6fb680737ab96ef8cb55f7ca42e9b
========================================================================
Received Import Request.
  Time since last request: 450.988112 seconds.
  path: Assets/Scripts/Game Scripts/ProgressHandler.cs
  artifactKey: Guid(8be7a92646d79af4e9e775168ecff289) Importer(815301076,1909f56bfc062723c751e8b465ee728b)
Start importing Assets/Scripts/Game Scripts/ProgressHandler.cs using Guid(8be7a92646d79af4e9e775168ecff289) Importer(815301076,1909f56bfc062723c751e8b465ee728b)  -> (artifact id: 'efdb126cd4ae58ba23fe67a420939930') in 0.001486 seconds
Number of updated asset objects reloaded before import = 0
Number of asset objects unloaded after import = 0
========================================================================
Received Import Request.
  Time since last request: 5.454436 seconds.
  path: Assets/Scripts/Game Scripts/ProgressExtension.cs
  artifactKey: Guid(5c4baa5d00558bc4080dfa50632e9626) Importer(815301076,1909f56bfc062723c751e8b465ee728b)
Start importing Assets/Scripts/Game Scripts/ProgressExtension.cs using Guid(5c4baa5d00558bc4080dfa50632e9626) Importer(815301076,1909f56bfc062723c751e8b465ee728b)  -> (artifact id: '39fe4188e27eabf6129c2b9bfa163b52') in 0.000413 seconds
Number of updated asset objects reloaded before import = 0
Number of asset objects unloaded after import = 0
========================================================================
Received Prepare
Begin MonoManager ReloadAssembly
Symbol file LoadedFromMemory is not a mono symbol file
- Loaded All Assemblies, in  0.661 seconds
Refreshing native plugins compatible for Editor in 8.48 ms, found 3 plugins.
Native extension for WindowsStandalone target not found
Native extension for Android target not found
[Package Manager] Server::EnsureServerProcessIsRunning -- launch failed, reason: Unity was launched with the -noUpm command-line argument
[Package Manager] UpmClient::Send -- Unable to send message (not connected to UPM process).
[Package Manager] Cannot connect to Unity Package Manager local server
Mono: successfully reloaded assembly
- Finished resetting the current domain, in  2.609 seconds
Domain Reload Profiling: 3266ms
	BeginReloadAssembly (206ms)
		ExecutionOrderSort (0ms)
		DisableScriptedObjects (6ms)
		BackupInstance (0ms)
		ReleaseScriptingObjects (0ms)
		CreateAndSetChildDomain (94ms)
	RebuildCommonClasses (28ms)
	RebuildNativeTypeToScriptingClass (8ms)
	initialDomainReloadingComplete (35ms)
	LoadAllAssembliesAndSetupDomain (379ms)
		LoadAssemblies (391ms)
		RebuildTransferFunctionScriptingTraits (0ms)
		AnalyzeDomain (63ms)
			TypeCache.Refresh (16ms)
				TypeCache.ScanAssembly (5ms)
			ScanForSourceGeneratedMonoScriptInfo (32ms)
			ResolveRequiredComponents (14ms)
	FinalizeReload (2609ms)
		ReleaseScriptCaches (0ms)
		RebuildScriptCaches (0ms)
		SetupLoadedEditorAssemblies (1980ms)
			LogAssemblyErrors (0ms)
			InitializePlatformSupportModulesInManaged (25ms)
			SetLoadedEditorAssemblies (4ms)
			RefreshPlugins (0ms)
			BeforeProcessingInitializeOnLoad (124ms)
			ProcessInitializeOnLoadAttributes (1650ms)
			ProcessInitializeOnLoadMethodAttributes (158ms)
			AfterProcessingInitializeOnLoad (18ms)
			EditorAssembliesLoaded (1ms)
		ExecutionOrderSort2 (0ms)
		AwakeInstancesAfterBackupRestoration (19ms)
Refreshing native plugins compatible for Editor in 6.43 ms, found 3 plugins.
Preloading 0 native plugins for Editor in 0.00 ms.
Unloading 6293 Unused Serialized files (Serialized files now loaded: 0)
Unloading 101 unused Assets / (3.3 MB). Loaded Objects now: 7262.
Memory consumption went from 285.5 MB to 282.2 MB.
Total: 15.422100 ms (FindLiveObjects: 0.392700 ms CreateObjectMapping: 0.275300 ms MarkObjects: 13.674700 ms  DeleteObjects: 1.078800 ms)

Prepare: number of updated asset objects reloaded= 0
AssetImportParameters requested are different than current active one (requested -> active):
  custom:container-demuxer-ogg: 62fdf1f143b41e24485cea50d1cbac27 -> 
  custom:video-decoder-ogg-theora: a1e56fd34408186e4bbccfd4996cb3dc -> 
  custom:scripting/monoscript/fileName/Cutscene.cs: b48d314a7bd0254c2a6d0267e621de43 -> 
  custom:framework-win-MediaFoundation: 216162199b28c13a410421893ffa2e32 -> 
  custom:CustomObjectIndexerAttribute: 72b91833f83ae208fae7752999fa3104 -> 
  custom:container-demuxer-webm: 4f35f7cbe854078d1ac9338744f61a02 -> 
  custom:container-muxer-webm: aa71ff27fc2769a1b78a27578f13a17b -> 
  custom:video-decoder-webm-vp8: 9c59270c3fd7afecdb556c50c9e8de78 -> 
  custom:SearchIndexIgnoredProperties: e643bd26f0fe6173181afceb89e7c659 -> 
  custom:AudioImporter_EditorPlatform: d09bf68614088b80899f8185d706f6e7 -> 
  custom:scripting/monoscript/fileName/CustomEvent.cs: 5e78259ed3d36b8757eca6fb45d668b1 -> e882e03c3066f644b478f7801ba4f72b
  custom:scripting/monoscript/fileName/Goddess.cs: c78d2f053f97759377a4ee13e811f021 -> 
  custom:scripting/monoscript/fileName/SkipCutscene.cs: 8a94bc49eb3b0fa2d2bef4b3782e7944 -> c43346a55a349eae9ec7b54b6088a1a2
  custom:video-encoder-webm-vp8: eb34c28f22e8b96e1ab97ce403110664 -> 
  custom:audio-decoder-ogg-vorbis: bf7c407c2cedff20999df2af8eb42d56 -> 
  custom:audio-encoder-webm-vorbis: bf7c407c2cedff20999df2af8eb42d56 -> 
  custom:scripting/monoscript/fileName/CutsceneCharacterMovement.cs: d266e7130a9c0007cbb7e86424a5cebf -> bad45eee895100f51ecc1701c9ab68c2
  custom:scripting/monoscript/fileName/PlayCutscene.cs: b351b9fc28864a6275c5a25c8823f0a1 -> 82f6fb680737ab96ef8cb55f7ca42e9b
========================================================================
Received Prepare
Begin MonoManager ReloadAssembly
Symbol file LoadedFromMemory is not a mono symbol file
- Loaded All Assemblies, in  0.633 seconds
Refreshing native plugins compatible for Editor in 6.89 ms, found 3 plugins.
Native extension for WindowsStandalone target not found
Native extension for Android target not found
[Package Manager] Server::EnsureServerProcessIsRunning -- launch failed, reason: Unity was launched with the -noUpm command-line argument
[Package Manager] UpmClient::Send -- Unable to send message (not connected to UPM process).
[Package Manager] Cannot connect to Unity Package Manager local server
Mono: successfully reloaded assembly
- Finished resetting the current domain, in  2.768 seconds
Domain Reload Profiling: 3397ms
	BeginReloadAssembly (211ms)
		ExecutionOrderSort (0ms)
		DisableScriptedObjects (6ms)
		BackupInstance (0ms)
		ReleaseScriptingObjects (0ms)
		CreateAndSetChildDomain (96ms)
	RebuildCommonClasses (28ms)
	RebuildNativeTypeToScriptingClass (14ms)
	initialDomainReloadingComplete (37ms)
	LoadAllAssembliesAndSetupDomain (340ms)
		LoadAssemblies (394ms)
		RebuildTransferFunctionScriptingTraits (0ms)
		AnalyzeDomain (22ms)
			TypeCache.Refresh (5ms)
				TypeCache.ScanAssembly (0ms)
			ScanForSourceGeneratedMonoScriptInfo (0ms)
			ResolveRequiredComponents (15ms)
	FinalizeReload (2768ms)
		ReleaseScriptCaches (0ms)
		RebuildScriptCaches (0ms)
		SetupLoadedEditorAssemblies (2122ms)
			LogAssemblyErrors (0ms)
			InitializePlatformSupportModulesInManaged (30ms)
			SetLoadedEditorAssemblies (4ms)
			RefreshPlugins (0ms)
			BeforeProcessingInitializeOnLoad (128ms)
			ProcessInitializeOnLoadAttributes (1796ms)
			ProcessInitializeOnLoadMethodAttributes (149ms)
			AfterProcessingInitializeOnLoad (14ms)
			EditorAssembliesLoaded (0ms)
		ExecutionOrderSort2 (0ms)
		AwakeInstancesAfterBackupRestoration (13ms)
Refreshing native plugins compatible for Editor in 6.77 ms, found 3 plugins.
Preloading 0 native plugins for Editor in 0.00 ms.
Unloading 6293 Unused Serialized files (Serialized files now loaded: 0)
Unloading 101 unused Assets / (3.3 MB). Loaded Objects now: 7278.
Memory consumption went from 287.3 MB to 284.0 MB.
Total: 18.981900 ms (FindLiveObjects: 0.400000 ms CreateObjectMapping: 0.503700 ms MarkObjects: 16.303600 ms  DeleteObjects: 1.773400 ms)

Prepare: number of updated asset objects reloaded= 0
AssetImportParameters requested are different than current active one (requested -> active):
  custom:container-demuxer-ogg: 62fdf1f143b41e24485cea50d1cbac27 -> 
  custom:video-decoder-ogg-theora: a1e56fd34408186e4bbccfd4996cb3dc -> 
  custom:scripting/monoscript/fileName/Cutscene.cs: b48d314a7bd0254c2a6d0267e621de43 -> 
  custom:framework-win-MediaFoundation: 216162199b28c13a410421893ffa2e32 -> 
  custom:CustomObjectIndexerAttribute: 72b91833f83ae208fae7752999fa3104 -> 
  custom:container-demuxer-webm: 4f35f7cbe854078d1ac9338744f61a02 -> 
  custom:container-muxer-webm: aa71ff27fc2769a1b78a27578f13a17b -> 
  custom:video-decoder-webm-vp8: 9c59270c3fd7afecdb556c50c9e8de78 -> 
  custom:SearchIndexIgnoredProperties: e643bd26f0fe6173181afceb89e7c659 -> 
  custom:AudioImporter_EditorPlatform: d09bf68614088b80899f8185d706f6e7 -> 
  custom:scripting/monoscript/fileName/CustomEvent.cs: 5e78259ed3d36b8757eca6fb45d668b1 -> e882e03c3066f644b478f7801ba4f72b
  custom:scripting/monoscript/fileName/Goddess.cs: c78d2f053f97759377a4ee13e811f021 -> 
  custom:scripting/monoscript/fileName/SkipCutscene.cs: 8a94bc49eb3b0fa2d2bef4b3782e7944 -> c43346a55a349eae9ec7b54b6088a1a2
  custom:video-encoder-webm-vp8: eb34c28f22e8b96e1ab97ce403110664 -> 
  custom:audio-decoder-ogg-vorbis: bf7c407c2cedff20999df2af8eb42d56 -> 
  custom:audio-encoder-webm-vorbis: bf7c407c2cedff20999df2af8eb42d56 -> 
  custom:scripting/monoscript/fileName/CutsceneCharacterMovement.cs: d266e7130a9c0007cbb7e86424a5cebf -> bad45eee895100f51ecc1701c9ab68c2
  custom:scripting/monoscript/fileName/PlayCutscene.cs: b351b9fc28864a6275c5a25c8823f0a1 -> 82f6fb680737ab96ef8cb55f7ca42e9b
========================================================================
Received Prepare
Begin MonoManager ReloadAssembly
Symbol file LoadedFromMemory is not a mono symbol file
- Loaded All Assemblies, in  0.599 seconds
Refreshing native plugins compatible for Editor in 6.62 ms, found 3 plugins.
Native extension for WindowsStandalone target not found
Native extension for Android target not found
[Package Manager] Server::EnsureServerProcessIsRunning -- launch failed, reason: Unity was launched with the -noUpm command-line argument
[Package Manager] UpmClient::Send -- Unable to send message (not connected to UPM process).
[Package Manager] Cannot connect to Unity Package Manager local server
Mono: successfully reloaded assembly
- Finished resetting the current domain, in  2.538 seconds
Domain Reload Profiling: 3133ms
	BeginReloadAssembly (206ms)
		ExecutionOrderSort (0ms)
		DisableScriptedObjects (5ms)
		BackupInstance (0ms)
		ReleaseScriptingObjects (0ms)
		CreateAndSetChildDomain (97ms)
	RebuildCommonClasses (24ms)
	RebuildNativeTypeToScriptingClass (8ms)
	initialDomainReloadingComplete (35ms)
	LoadAllAssembliesAndSetupDomain (321ms)
		LoadAssemblies (371ms)
		RebuildTransferFunctionScriptingTraits (0ms)
		AnalyzeDomain (23ms)
			TypeCache.Refresh (5ms)
				TypeCache.ScanAssembly (0ms)
			ScanForSourceGeneratedMonoScriptInfo (0ms)
			ResolveRequiredComponents (16ms)
	FinalizeReload (2538ms)
		ReleaseScriptCaches (0ms)
		RebuildScriptCaches (0ms)
		SetupLoadedEditorAssemblies (1923ms)
			LogAssemblyErrors (0ms)
			InitializePlatformSupportModulesInManaged (25ms)
			SetLoadedEditorAssemblies (4ms)
			RefreshPlugins (0ms)
			BeforeProcessingInitializeOnLoad (135ms)
			ProcessInitializeOnLoadAttributes (1587ms)
			ProcessInitializeOnLoadMethodAttributes (159ms)
			AfterProcessingInitializeOnLoad (12ms)
			EditorAssembliesLoaded (0ms)
		ExecutionOrderSort2 (0ms)
		AwakeInstancesAfterBackupRestoration (14ms)
Refreshing native plugins compatible for Editor in 7.21 ms, found 3 plugins.
Preloading 0 native plugins for Editor in 0.00 ms.
Unloading 6293 Unused Serialized files (Serialized files now loaded: 0)
Unloading 101 unused Assets / (3.2 MB). Loaded Objects now: 7294.
Memory consumption went from 289.3 MB to 286.0 MB.
Total: 16.052000 ms (FindLiveObjects: 0.414400 ms CreateObjectMapping: 0.173800 ms MarkObjects: 14.355600 ms  DeleteObjects: 1.107300 ms)

Prepare: number of updated asset objects reloaded= 0
AssetImportParameters requested are different than current active one (requested -> active):
  custom:container-demuxer-ogg: 62fdf1f143b41e24485cea50d1cbac27 -> 
  custom:video-decoder-ogg-theora: a1e56fd34408186e4bbccfd4996cb3dc -> 
  custom:scripting/monoscript/fileName/Cutscene.cs: b48d314a7bd0254c2a6d0267e621de43 -> 
  custom:framework-win-MediaFoundation: 216162199b28c13a410421893ffa2e32 -> 
  custom:CustomObjectIndexerAttribute: 72b91833f83ae208fae7752999fa3104 -> 
  custom:container-demuxer-webm: 4f35f7cbe854078d1ac9338744f61a02 -> 
  custom:container-muxer-webm: aa71ff27fc2769a1b78a27578f13a17b -> 
  custom:video-decoder-webm-vp8: 9c59270c3fd7afecdb556c50c9e8de78 -> 
  custom:SearchIndexIgnoredProperties: e643bd26f0fe6173181afceb89e7c659 -> 
  custom:AudioImporter_EditorPlatform: d09bf68614088b80899f8185d706f6e7 -> 
  custom:scripting/monoscript/fileName/CustomEvent.cs: 5e78259ed3d36b8757eca6fb45d668b1 -> e882e03c3066f644b478f7801ba4f72b
  custom:scripting/monoscript/fileName/Goddess.cs: c78d2f053f97759377a4ee13e811f021 -> 
  custom:scripting/monoscript/fileName/SkipCutscene.cs: 8a94bc49eb3b0fa2d2bef4b3782e7944 -> c43346a55a349eae9ec7b54b6088a1a2
  custom:video-encoder-webm-vp8: eb34c28f22e8b96e1ab97ce403110664 -> 
  custom:audio-decoder-ogg-vorbis: bf7c407c2cedff20999df2af8eb42d56 -> 
  custom:audio-encoder-webm-vorbis: bf7c407c2cedff20999df2af8eb42d56 -> 
  custom:scripting/monoscript/fileName/CutsceneCharacterMovement.cs: d266e7130a9c0007cbb7e86424a5cebf -> bad45eee895100f51ecc1701c9ab68c2
  custom:scripting/monoscript/fileName/PlayCutscene.cs: b351b9fc28864a6275c5a25c8823f0a1 -> 82f6fb680737ab96ef8cb55f7ca42e9b
========================================================================
Received Prepare
Begin MonoManager ReloadAssembly
Symbol file LoadedFromMemory is not a mono symbol file
- Loaded All Assemblies, in  0.591 seconds
Refreshing native plugins compatible for Editor in 7.35 ms, found 3 plugins.
Native extension for WindowsStandalone target not found
Native extension for Android target not found
[Package Manager] Server::EnsureServerProcessIsRunning -- launch failed, reason: Unity was launched with the -noUpm command-line argument
[Package Manager] UpmClient::Send -- Unable to send message (not connected to UPM process).
[Package Manager] Cannot connect to Unity Package Manager local server
Mono: successfully reloaded assembly
- Finished resetting the current domain, in  2.487 seconds
Domain Reload Profiling: 3074ms
	BeginReloadAssembly (192ms)
		ExecutionOrderSort (0ms)
		DisableScriptedObjects (4ms)
		BackupInstance (0ms)
		ReleaseScriptingObjects (0ms)
		CreateAndSetChildDomain (85ms)
	RebuildCommonClasses (29ms)
	RebuildNativeTypeToScriptingClass (9ms)
	initialDomainReloadingComplete (34ms)
	LoadAllAssembliesAndSetupDomain (323ms)
		LoadAssemblies (373ms)
		RebuildTransferFunctionScriptingTraits (0ms)
		AnalyzeDomain (22ms)
			TypeCache.Refresh (6ms)
				TypeCache.ScanAssembly (0ms)
			ScanForSourceGeneratedMonoScriptInfo (0ms)
			ResolveRequiredComponents (15ms)
	FinalizeReload (2488ms)
		ReleaseScriptCaches (0ms)
		RebuildScriptCaches (0ms)
		SetupLoadedEditorAssemblies (1884ms)
			LogAssemblyErrors (0ms)
			InitializePlatformSupportModulesInManaged (25ms)
			SetLoadedEditorAssemblies (4ms)
			RefreshPlugins (0ms)
			BeforeProcessingInitializeOnLoad (117ms)
			ProcessInitializeOnLoadAttributes (1570ms)
			ProcessInitializeOnLoadMethodAttributes (155ms)
			AfterProcessingInitializeOnLoad (13ms)
			EditorAssembliesLoaded (0ms)
		ExecutionOrderSort2 (0ms)
		AwakeInstancesAfterBackupRestoration (12ms)
Refreshing native plugins compatible for Editor in 6.86 ms, found 3 plugins.
Preloading 0 native plugins for Editor in 0.00 ms.
Unloading 6293 Unused Serialized files (Serialized files now loaded: 0)
Unloading 101 unused Assets / (3.3 MB). Loaded Objects now: 7310.
Memory consumption went from 293.2 MB to 289.9 MB.
Total: 17.023300 ms (FindLiveObjects: 0.382700 ms CreateObjectMapping: 0.297800 ms MarkObjects: 15.007000 ms  DeleteObjects: 1.334800 ms)

Prepare: number of updated asset objects reloaded= 0
AssetImportParameters requested are different than current active one (requested -> active):
  custom:container-demuxer-ogg: 62fdf1f143b41e24485cea50d1cbac27 -> 
  custom:video-decoder-ogg-theora: a1e56fd34408186e4bbccfd4996cb3dc -> 
  custom:scripting/monoscript/fileName/Cutscene.cs: b48d314a7bd0254c2a6d0267e621de43 -> 
  custom:framework-win-MediaFoundation: 216162199b28c13a410421893ffa2e32 -> 
  custom:CustomObjectIndexerAttribute: 72b91833f83ae208fae7752999fa3104 -> 
  custom:container-demuxer-webm: 4f35f7cbe854078d1ac9338744f61a02 -> 
  custom:container-muxer-webm: aa71ff27fc2769a1b78a27578f13a17b -> 
  custom:video-decoder-webm-vp8: 9c59270c3fd7afecdb556c50c9e8de78 -> 
  custom:SearchIndexIgnoredProperties: e643bd26f0fe6173181afceb89e7c659 -> 
  custom:AudioImporter_EditorPlatform: d09bf68614088b80899f8185d706f6e7 -> 
  custom:scripting/monoscript/fileName/CustomEvent.cs: 5e78259ed3d36b8757eca6fb45d668b1 -> e882e03c3066f644b478f7801ba4f72b
  custom:scripting/monoscript/fileName/Goddess.cs: c78d2f053f97759377a4ee13e811f021 -> 
  custom:scripting/monoscript/fileName/SkipCutscene.cs: 8a94bc49eb3b0fa2d2bef4b3782e7944 -> c43346a55a349eae9ec7b54b6088a1a2
  custom:video-encoder-webm-vp8: eb34c28f22e8b96e1ab97ce403110664 -> 
  custom:audio-decoder-ogg-vorbis: bf7c407c2cedff20999df2af8eb42d56 -> 
  custom:audio-encoder-webm-vorbis: bf7c407c2cedff20999df2af8eb42d56 -> 
  custom:scripting/monoscript/fileName/CutsceneCharacterMovement.cs: d266e7130a9c0007cbb7e86424a5cebf -> bad45eee895100f51ecc1701c9ab68c2
  custom:scripting/monoscript/fileName/PlayCutscene.cs: b351b9fc28864a6275c5a25c8823f0a1 -> 82f6fb680737ab96ef8cb55f7ca42e9b
========================================================================
Received Import Request.
  Time since last request: 1035.710924 seconds.
  path: Assets/Materials/Shaders/Final Shaders/Super Shader/Experimental/Water.shadersubgraph
  artifactKey: Guid(5331dfff9b413b944a184069092f1b04) Importer(815301076,1909f56bfc062723c751e8b465ee728b)
Start importing Assets/Materials/Shaders/Final Shaders/Super Shader/Experimental/Water.shadersubgraph using Guid(5331dfff9b413b944a184069092f1b04) Importer(815301076,1909f56bfc062723c751e8b465ee728b)  -> (artifact id: 'e339777c1b961099533722d97ce31cf9') in 0.020935 seconds
Number of updated asset objects reloaded before import = 0
Number of asset objects unloaded after import = 1
========================================================================
Received Import Request.
  Time since last request: 156.621263 seconds.
  path: Assets/Materials/Shaders/Final Shaders/Cloud Shader/Cloud Shader.shadergraph
  artifactKey: Guid(b295a8c36ee25ee4b894fea3c61d4126) Importer(815301076,1909f56bfc062723c751e8b465ee728b)
Start importing Assets/Materials/Shaders/Final Shaders/Cloud Shader/Cloud Shader.shadergraph using Guid(b295a8c36ee25ee4b894fea3c61d4126) Importer(815301076,1909f56bfc062723c751e8b465ee728b)  -> (artifact id: '398592246ae6d4725ab8382926b81bb7') in 0.334970 seconds
Number of updated asset objects reloaded before import = 0
Number of asset objects unloaded after import = 21
========================================================================
Received Import Request.
  Time since last request: 108.545897 seconds.
  path: Assets/Materials/Shaders/Final Shaders/Super Shader/Super Shader.shadergraph
  artifactKey: Guid(6d8a9c94eeb3591409c5dcc5da77314c) Importer(815301076,1909f56bfc062723c751e8b465ee728b)
Start importing Assets/Materials/Shaders/Final Shaders/Super Shader/Super Shader.shadergraph using Guid(6d8a9c94eeb3591409c5dcc5da77314c) Importer(815301076,1909f56bfc062723c751e8b465ee728b)  -> (artifact id: 'cb191a6144a8cd9f6765f85f8643e432') in 0.234826 seconds
Number of updated asset objects reloaded before import = 0
Number of asset objects unloaded after import = 4
========================================================================
Received Prepare
Begin MonoManager ReloadAssembly
Symbol file LoadedFromMemory is not a mono symbol file
- Loaded All Assemblies, in  0.622 seconds
Refreshing native plugins compatible for Editor in 7.16 ms, found 3 plugins.
Native extension for WindowsStandalone target not found
Native extension for Android target not found
[Package Manager] Server::EnsureServerProcessIsRunning -- launch failed, reason: Unity was launched with the -noUpm command-line argument
[Package Manager] UpmClient::Send -- Unable to send message (not connected to UPM process).
[Package Manager] Cannot connect to Unity Package Manager local server
Mono: successfully reloaded assembly
- Finished resetting the current domain, in  2.522 seconds
Domain Reload Profiling: 3140ms
	BeginReloadAssembly (215ms)
		ExecutionOrderSort (0ms)
		DisableScriptedObjects (11ms)
		BackupInstance (0ms)
		ReleaseScriptingObjects (0ms)
		CreateAndSetChildDomain (89ms)
	RebuildCommonClasses (30ms)
	RebuildNativeTypeToScriptingClass (14ms)
	initialDomainReloadingComplete (45ms)
	LoadAllAssembliesAndSetupDomain (313ms)
		LoadAssemblies (374ms)
		RebuildTransferFunctionScriptingTraits (0ms)
		AnalyzeDomain (22ms)
			TypeCache.Refresh (6ms)
				TypeCache.ScanAssembly (0ms)
			ScanForSourceGeneratedMonoScriptInfo (0ms)
			ResolveRequiredComponents (15ms)
	FinalizeReload (2523ms)
		ReleaseScriptCaches (0ms)
		RebuildScriptCaches (0ms)
		SetupLoadedEditorAssemblies (1900ms)
			LogAssemblyErrors (0ms)
			InitializePlatformSupportModulesInManaged (24ms)
			SetLoadedEditorAssemblies (5ms)
			RefreshPlugins (0ms)
			BeforeProcessingInitializeOnLoad (135ms)
			ProcessInitializeOnLoadAttributes (1554ms)
			ProcessInitializeOnLoadMethodAttributes (167ms)
			AfterProcessingInitializeOnLoad (15ms)
			EditorAssembliesLoaded (1ms)
		ExecutionOrderSort2 (0ms)
		AwakeInstancesAfterBackupRestoration (17ms)
Refreshing native plugins compatible for Editor in 9.42 ms, found 3 plugins.
Preloading 0 native plugins for Editor in 0.00 ms.
Unloading 6294 Unused Serialized files (Serialized files now loaded: 0)
Unloading 101 unused Assets / (3.3 MB). Loaded Objects now: 7406.
Memory consumption went from 296.3 MB to 293.0 MB.
Total: 17.300600 ms (FindLiveObjects: 0.434000 ms CreateObjectMapping: 0.285200 ms MarkObjects: 15.285900 ms  DeleteObjects: 1.294700 ms)

Prepare: number of updated asset objects reloaded= 0
AssetImportParameters requested are different than current active one (requested -> active):
  custom:container-demuxer-ogg: 62fdf1f143b41e24485cea50d1cbac27 -> 
  custom:video-decoder-ogg-theora: a1e56fd34408186e4bbccfd4996cb3dc -> 
  custom:scripting/monoscript/fileName/Cutscene.cs: b48d314a7bd0254c2a6d0267e621de43 -> 
  custom:framework-win-MediaFoundation: 216162199b28c13a410421893ffa2e32 -> 
  custom:CustomObjectIndexerAttribute: 72b91833f83ae208fae7752999fa3104 -> 
  custom:container-demuxer-webm: 4f35f7cbe854078d1ac9338744f61a02 -> 
  custom:container-muxer-webm: aa71ff27fc2769a1b78a27578f13a17b -> 
  custom:video-decoder-webm-vp8: 9c59270c3fd7afecdb556c50c9e8de78 -> 
  custom:SearchIndexIgnoredProperties: e643bd26f0fe6173181afceb89e7c659 -> 
  custom:AudioImporter_EditorPlatform: d09bf68614088b80899f8185d706f6e7 -> 
  custom:scripting/monoscript/fileName/CustomEvent.cs: 5e78259ed3d36b8757eca6fb45d668b1 -> e882e03c3066f644b478f7801ba4f72b
  custom:scripting/monoscript/fileName/Goddess.cs: c78d2f053f97759377a4ee13e811f021 -> 
  custom:scripting/monoscript/fileName/SkipCutscene.cs: 8a94bc49eb3b0fa2d2bef4b3782e7944 -> c43346a55a349eae9ec7b54b6088a1a2
  custom:video-encoder-webm-vp8: eb34c28f22e8b96e1ab97ce403110664 -> 
  custom:audio-decoder-ogg-vorbis: bf7c407c2cedff20999df2af8eb42d56 -> 
  custom:audio-encoder-webm-vorbis: bf7c407c2cedff20999df2af8eb42d56 -> 
  custom:scripting/monoscript/fileName/CutsceneCharacterMovement.cs: d266e7130a9c0007cbb7e86424a5cebf -> bad45eee895100f51ecc1701c9ab68c2
  custom:scripting/monoscript/fileName/PlayCutscene.cs: b351b9fc28864a6275c5a25c8823f0a1 -> 82f6fb680737ab96ef8cb55f7ca42e9b
========================================================================
Received Import Request.
  Time since last request: 25113.417039 seconds.
  path: Assets/Scenes/Maps/Titanias Cave.unity
  artifactKey: Guid(589c8f3b3241469418600e0187a9299e) Importer(815301076,1909f56bfc062723c751e8b465ee728b)
Start importing Assets/Scenes/Maps/Titanias Cave.unity using Guid(589c8f3b3241469418600e0187a9299e) Importer(815301076,1909f56bfc062723c751e8b465ee728b)  -> (artifact id: 'ef6afc233d0524849d80fd9a618a2298') in 0.065804 seconds
Number of updated asset objects reloaded before import = 0
Number of asset objects unloaded after import = 0
========================================================================
Received Prepare
Begin MonoManager ReloadAssembly
Symbol file LoadedFromMemory is not a mono symbol file
- Loaded All Assemblies, in  0.988 seconds
Refreshing native plugins compatible for Editor in 6.31 ms, found 3 plugins.
Native extension for WindowsStandalone target not found
Native extension for Android target not found
[Package Manager] Server::EnsureServerProcessIsRunning -- launch failed, reason: Unity was launched with the -noUpm command-line argument
[Package Manager] UpmClient::Send -- Unable to send message (not connected to UPM process).
[Package Manager] Cannot connect to Unity Package Manager local server
Mono: successfully reloaded assembly
- Finished resetting the current domain, in 37.317 seconds
Domain Reload Profiling: 38301ms
	BeginReloadAssembly (275ms)
		ExecutionOrderSort (0ms)
		DisableScriptedObjects (13ms)
		BackupInstance (0ms)
		ReleaseScriptingObjects (0ms)
		CreateAndSetChildDomain (135ms)
	RebuildCommonClasses (25ms)
	RebuildNativeTypeToScriptingClass (8ms)
	initialDomainReloadingComplete (39ms)
	LoadAllAssembliesAndSetupDomain (636ms)
		LoadAssemblies (656ms)
		RebuildTransferFunctionScriptingTraits (0ms)
		AnalyzeDomain (63ms)
			TypeCache.Refresh (16ms)
				TypeCache.ScanAssembly (5ms)
			ScanForSourceGeneratedMonoScriptInfo (31ms)
			ResolveRequiredComponents (15ms)
	FinalizeReload (37318ms)
		ReleaseScriptCaches (0ms)
		RebuildScriptCaches (0ms)
		SetupLoadedEditorAssemblies (1684ms)
			LogAssemblyErrors (0ms)
			InitializePlatformSupportModulesInManaged (25ms)
			SetLoadedEditorAssemblies (5ms)
			RefreshPlugins (0ms)
			BeforeProcessingInitializeOnLoad (130ms)
			ProcessInitializeOnLoadAttributes (1362ms)
			ProcessInitializeOnLoadMethodAttributes (150ms)
			AfterProcessingInitializeOnLoad (12ms)
			EditorAssembliesLoaded (0ms)
		ExecutionOrderSort2 (0ms)
		AwakeInstancesAfterBackupRestoration (13ms)
Script is not up to date after domain reload: guid(05bc817d1b5dff4459aa183c88975a41) path("Assets/Scripts/Game Scripts/Camera/CameraNetworkTargetGroup.cs") state(2)
Refreshing native plugins compatible for Editor in 6.52 ms, found 3 plugins.
Preloading 0 native plugins for Editor in 0.00 ms.
Unloading 6292 Unused Serialized files (Serialized files now loaded: 0)
Unloading 101 unused Assets / (3.3 MB). Loaded Objects now: 7421.
Memory consumption went from 297.9 MB to 294.6 MB.
Total: 17.526800 ms (FindLiveObjects: 0.405600 ms CreateObjectMapping: 0.305300 ms MarkObjects: 15.562300 ms  DeleteObjects: 1.252700 ms)

Prepare: number of updated asset objects reloaded= 0
AssetImportParameters requested are different than current active one (requested -> active):
  custom:container-demuxer-ogg: 62fdf1f143b41e24485cea50d1cbac27 -> 
  custom:video-decoder-ogg-theora: a1e56fd34408186e4bbccfd4996cb3dc -> 
  custom:scripting/monoscript/fileName/Cutscene.cs: b48d314a7bd0254c2a6d0267e621de43 -> 
  custom:framework-win-MediaFoundation: 216162199b28c13a410421893ffa2e32 -> 
  custom:CustomObjectIndexerAttribute: 72b91833f83ae208fae7752999fa3104 -> 
  custom:container-demuxer-webm: 4f35f7cbe854078d1ac9338744f61a02 -> 
  custom:container-muxer-webm: aa71ff27fc2769a1b78a27578f13a17b -> 
  custom:video-decoder-webm-vp8: 9c59270c3fd7afecdb556c50c9e8de78 -> 
  custom:SearchIndexIgnoredProperties: e643bd26f0fe6173181afceb89e7c659 -> 
  custom:AudioImporter_EditorPlatform: d09bf68614088b80899f8185d706f6e7 -> 
  custom:scripting/monoscript/fileName/CustomEvent.cs: 5e78259ed3d36b8757eca6fb45d668b1 -> e882e03c3066f644b478f7801ba4f72b
  custom:scripting/monoscript/fileName/Goddess.cs: c78d2f053f97759377a4ee13e811f021 -> 
  custom:scripting/monoscript/fileName/SkipCutscene.cs: 8a94bc49eb3b0fa2d2bef4b3782e7944 -> c43346a55a349eae9ec7b54b6088a1a2
  custom:video-encoder-webm-vp8: eb34c28f22e8b96e1ab97ce403110664 -> 
  custom:audio-decoder-ogg-vorbis: bf7c407c2cedff20999df2af8eb42d56 -> 
  custom:audio-encoder-webm-vorbis: bf7c407c2cedff20999df2af8eb42d56 -> 
  custom:scripting/monoscript/fileName/CutsceneCharacterMovement.cs: d266e7130a9c0007cbb7e86424a5cebf -> bad45eee895100f51ecc1701c9ab68c2
  custom:scripting/monoscript/fileName/PlayCutscene.cs: b351b9fc28864a6275c5a25c8823f0a1 -> 82f6fb680737ab96ef8cb55f7ca42e9b
========================================================================
Received Prepare
Begin MonoManager ReloadAssembly
Symbol file LoadedFromMemory is not a mono symbol file
- Loaded All Assemblies, in  0.568 seconds
Refreshing native plugins compatible for Editor in 6.42 ms, found 3 plugins.
Native extension for WindowsStandalone target not found
Native extension for Android target not found
[Package Manager] Server::EnsureServerProcessIsRunning -- launch failed, reason: Unity was launched with the -noUpm command-line argument
[Package Manager] UpmClient::Send -- Unable to send message (not connected to UPM process).
[Package Manager] Cannot connect to Unity Package Manager local server
Mono: successfully reloaded assembly
- Finished resetting the current domain, in  2.145 seconds
Domain Reload Profiling: 2709ms
	BeginReloadAssembly (171ms)
		ExecutionOrderSort (0ms)
		DisableScriptedObjects (5ms)
		BackupInstance (0ms)
		ReleaseScriptingObjects (0ms)
		CreateAndSetChildDomain (68ms)
	RebuildCommonClasses (23ms)
	RebuildNativeTypeToScriptingClass (8ms)
	initialDomainReloadingComplete (31ms)
	LoadAllAssembliesAndSetupDomain (330ms)
		LoadAssemblies (344ms)
		RebuildTransferFunctionScriptingTraits (0ms)
		AnalyzeDomain (53ms)
			TypeCache.Refresh (14ms)
				TypeCache.ScanAssembly (5ms)
			ScanForSourceGeneratedMonoScriptInfo (24ms)
			ResolveRequiredComponents (14ms)
	FinalizeReload (2145ms)
		ReleaseScriptCaches (0ms)
		RebuildScriptCaches (0ms)
		SetupLoadedEditorAssemblies (1591ms)
			LogAssemblyErrors (0ms)
			InitializePlatformSupportModulesInManaged (23ms)
			SetLoadedEditorAssemblies (4ms)
			RefreshPlugins (0ms)
			BeforeProcessingInitializeOnLoad (116ms)
			ProcessInitializeOnLoadAttributes (1298ms)
			ProcessInitializeOnLoadMethodAttributes (138ms)
			AfterProcessingInitializeOnLoad (12ms)
			EditorAssembliesLoaded (0ms)
		ExecutionOrderSort2 (0ms)
		AwakeInstancesAfterBackupRestoration (13ms)
Refreshing native plugins compatible for Editor in 6.25 ms, found 3 plugins.
Preloading 0 native plugins for Editor in 0.00 ms.
Unloading 6293 Unused Serialized files (Serialized files now loaded: 0)
Unloading 101 unused Assets / (3.3 MB). Loaded Objects now: 7438.
Memory consumption went from 299.7 MB to 296.4 MB.
Total: 14.913400 ms (FindLiveObjects: 0.371000 ms CreateObjectMapping: 0.262200 ms MarkObjects: 13.239700 ms  DeleteObjects: 1.039700 ms)

Prepare: number of updated asset objects reloaded= 0
AssetImportParameters requested are different than current active one (requested -> active):
  custom:container-demuxer-ogg: 62fdf1f143b41e24485cea50d1cbac27 -> 
  custom:video-decoder-ogg-theora: a1e56fd34408186e4bbccfd4996cb3dc -> 
  custom:scripting/monoscript/fileName/Cutscene.cs: b48d314a7bd0254c2a6d0267e621de43 -> 
  custom:framework-win-MediaFoundation: 216162199b28c13a410421893ffa2e32 -> 
  custom:CustomObjectIndexerAttribute: 72b91833f83ae208fae7752999fa3104 -> 
  custom:container-demuxer-webm: 4f35f7cbe854078d1ac9338744f61a02 -> 
  custom:container-muxer-webm: aa71ff27fc2769a1b78a27578f13a17b -> 
  custom:video-decoder-webm-vp8: 9c59270c3fd7afecdb556c50c9e8de78 -> 
  custom:SearchIndexIgnoredProperties: e643bd26f0fe6173181afceb89e7c659 -> 
  custom:AudioImporter_EditorPlatform: d09bf68614088b80899f8185d706f6e7 -> 
  custom:scripting/monoscript/fileName/CustomEvent.cs: 5e78259ed3d36b8757eca6fb45d668b1 -> e882e03c3066f644b478f7801ba4f72b
  custom:scripting/monoscript/fileName/Goddess.cs: c78d2f053f97759377a4ee13e811f021 -> 
  custom:scripting/monoscript/fileName/SkipCutscene.cs: 8a94bc49eb3b0fa2d2bef4b3782e7944 -> c43346a55a349eae9ec7b54b6088a1a2
  custom:video-encoder-webm-vp8: eb34c28f22e8b96e1ab97ce403110664 -> 
  custom:audio-decoder-ogg-vorbis: bf7c407c2cedff20999df2af8eb42d56 -> 
  custom:audio-encoder-webm-vorbis: bf7c407c2cedff20999df2af8eb42d56 -> 
  custom:scripting/monoscript/fileName/CutsceneCharacterMovement.cs: d266e7130a9c0007cbb7e86424a5cebf -> bad45eee895100f51ecc1701c9ab68c2
  custom:scripting/monoscript/fileName/PlayCutscene.cs: b351b9fc28864a6275c5a25c8823f0a1 -> 82f6fb680737ab96ef8cb55f7ca42e9b
========================================================================
Received Prepare
Begin MonoManager ReloadAssembly
Symbol file LoadedFromMemory is not a mono symbol file
- Loaded All Assemblies, in  0.633 seconds
Refreshing native plugins compatible for Editor in 6.77 ms, found 3 plugins.
Native extension for WindowsStandalone target not found
Native extension for Android target not found
[Package Manager] Server::EnsureServerProcessIsRunning -- launch failed, reason: Unity was launched with the -noUpm command-line argument
[Package Manager] UpmClient::Send -- Unable to send message (not connected to UPM process).
[Package Manager] Cannot connect to Unity Package Manager local server
Mono: successfully reloaded assembly
- Finished resetting the current domain, in  2.164 seconds
Domain Reload Profiling: 2792ms
	BeginReloadAssembly (204ms)
		ExecutionOrderSort (0ms)
		DisableScriptedObjects (7ms)
		BackupInstance (0ms)
		ReleaseScriptingObjects (0ms)
		CreateAndSetChildDomain (81ms)
	RebuildCommonClasses (26ms)
	RebuildNativeTypeToScriptingClass (9ms)
	initialDomainReloadingComplete (38ms)
	LoadAllAssembliesAndSetupDomain (350ms)
		LoadAssemblies (372ms)
		RebuildTransferFunctionScriptingTraits (0ms)
		AnalyzeDomain (64ms)
			TypeCache.Refresh (15ms)
				TypeCache.ScanAssembly (5ms)
			ScanForSourceGeneratedMonoScriptInfo (34ms)
			ResolveRequiredComponents (14ms)
	FinalizeReload (2164ms)
		ReleaseScriptCaches (0ms)
		RebuildScriptCaches (0ms)
		SetupLoadedEditorAssemblies (1614ms)
			LogAssemblyErrors (0ms)
			InitializePlatformSupportModulesInManaged (23ms)
			SetLoadedEditorAssemblies (4ms)
			RefreshPlugins (0ms)
			BeforeProcessingInitializeOnLoad (119ms)
			ProcessInitializeOnLoadAttributes (1324ms)
			ProcessInitializeOnLoadMethodAttributes (131ms)
			AfterProcessingInitializeOnLoad (12ms)
			EditorAssembliesLoaded (0ms)
		ExecutionOrderSort2 (0ms)
		AwakeInstancesAfterBackupRestoration (12ms)
Refreshing native plugins compatible for Editor in 6.76 ms, found 3 plugins.
Preloading 0 native plugins for Editor in 0.00 ms.
Unloading 6293 Unused Serialized files (Serialized files now loaded: 0)
Unloading 101 unused Assets / (3.3 MB). Loaded Objects now: 7454.
Memory consumption went from 301.7 MB to 298.4 MB.
Total: 16.412300 ms (FindLiveObjects: 0.426800 ms CreateObjectMapping: 0.157700 ms MarkObjects: 14.580600 ms  DeleteObjects: 1.246300 ms)

Prepare: number of updated asset objects reloaded= 0
AssetImportParameters requested are different than current active one (requested -> active):
  custom:container-demuxer-ogg: 62fdf1f143b41e24485cea50d1cbac27 -> 
  custom:video-decoder-ogg-theora: a1e56fd34408186e4bbccfd4996cb3dc -> 
  custom:scripting/monoscript/fileName/Cutscene.cs: b48d314a7bd0254c2a6d0267e621de43 -> 
  custom:framework-win-MediaFoundation: 216162199b28c13a410421893ffa2e32 -> 
  custom:CustomObjectIndexerAttribute: 72b91833f83ae208fae7752999fa3104 -> 
  custom:container-demuxer-webm: 4f35f7cbe854078d1ac9338744f61a02 -> 
  custom:container-muxer-webm: aa71ff27fc2769a1b78a27578f13a17b -> 
  custom:video-decoder-webm-vp8: 9c59270c3fd7afecdb556c50c9e8de78 -> 
  custom:SearchIndexIgnoredProperties: e643bd26f0fe6173181afceb89e7c659 -> 
  custom:AudioImporter_EditorPlatform: d09bf68614088b80899f8185d706f6e7 -> 
  custom:scripting/monoscript/fileName/CustomEvent.cs: 5e78259ed3d36b8757eca6fb45d668b1 -> e882e03c3066f644b478f7801ba4f72b
  custom:scripting/monoscript/fileName/Goddess.cs: c78d2f053f97759377a4ee13e811f021 -> 
  custom:scripting/monoscript/fileName/SkipCutscene.cs: 8a94bc49eb3b0fa2d2bef4b3782e7944 -> c43346a55a349eae9ec7b54b6088a1a2
  custom:video-encoder-webm-vp8: eb34c28f22e8b96e1ab97ce403110664 -> 
  custom:audio-decoder-ogg-vorbis: bf7c407c2cedff20999df2af8eb42d56 -> 
  custom:audio-encoder-webm-vorbis: bf7c407c2cedff20999df2af8eb42d56 -> 
  custom:scripting/monoscript/fileName/CutsceneCharacterMovement.cs: d266e7130a9c0007cbb7e86424a5cebf -> bad45eee895100f51ecc1701c9ab68c2
  custom:scripting/monoscript/fileName/PlayCutscene.cs: b351b9fc28864a6275c5a25c8823f0a1 -> 82f6fb680737ab96ef8cb55f7ca42e9b
========================================================================
Received Prepare
Begin MonoManager ReloadAssembly
Symbol file LoadedFromMemory is not a mono symbol file
- Loaded All Assemblies, in  0.571 seconds
Refreshing native plugins compatible for Editor in 6.49 ms, found 3 plugins.
Native extension for WindowsStandalone target not found
Native extension for Android target not found
[Package Manager] Server::EnsureServerProcessIsRunning -- launch failed, reason: Unity was launched with the -noUpm command-line argument
[Package Manager] UpmClient::Send -- Unable to send message (not connected to UPM process).
[Package Manager] Cannot connect to Unity Package Manager local server
Mono: successfully reloaded assembly
- Finished resetting the current domain, in  2.294 seconds
Domain Reload Profiling: 2859ms
	BeginReloadAssembly (181ms)
		ExecutionOrderSort (0ms)
		DisableScriptedObjects (5ms)
		BackupInstance (0ms)
		ReleaseScriptingObjects (0ms)
		CreateAndSetChildDomain (80ms)
	RebuildCommonClasses (23ms)
	RebuildNativeTypeToScriptingClass (8ms)
	initialDomainReloadingComplete (37ms)
	LoadAllAssembliesAndSetupDomain (315ms)
		LoadAssemblies (331ms)
		RebuildTransferFunctionScriptingTraits (0ms)
		AnalyzeDomain (52ms)
			TypeCache.Refresh (13ms)
				TypeCache.ScanAssembly (4ms)
			ScanForSourceGeneratedMonoScriptInfo (24ms)
			ResolveRequiredComponents (14ms)
	FinalizeReload (2294ms)
		ReleaseScriptCaches (0ms)
		RebuildScriptCaches (0ms)
		SetupLoadedEditorAssemblies (1721ms)
			LogAssemblyErrors (0ms)
			InitializePlatformSupportModulesInManaged (24ms)
			SetLoadedEditorAssemblies (5ms)
			RefreshPlugins (0ms)
			BeforeProcessingInitializeOnLoad (114ms)
			ProcessInitializeOnLoadAttributes (1426ms)
			ProcessInitializeOnLoadMethodAttributes (141ms)
			AfterProcessingInitializeOnLoad (12ms)
			EditorAssembliesLoaded (0ms)
		ExecutionOrderSort2 (0ms)
		AwakeInstancesAfterBackupRestoration (13ms)
Refreshing native plugins compatible for Editor in 6.67 ms, found 3 plugins.
Preloading 0 native plugins for Editor in 0.00 ms.
Unloading 6293 Unused Serialized files (Serialized files now loaded: 0)
Unloading 101 unused Assets / (3.3 MB). Loaded Objects now: 7470.
Memory consumption went from 303.7 MB to 300.4 MB.
Total: 14.237200 ms (FindLiveObjects: 0.415200 ms CreateObjectMapping: 0.142200 ms MarkObjects: 12.513900 ms  DeleteObjects: 1.164800 ms)

Prepare: number of updated asset objects reloaded= 0
AssetImportParameters requested are different than current active one (requested -> active):
  custom:container-demuxer-ogg: 62fdf1f143b41e24485cea50d1cbac27 -> 
  custom:video-decoder-ogg-theora: a1e56fd34408186e4bbccfd4996cb3dc -> 
  custom:scripting/monoscript/fileName/Cutscene.cs: b48d314a7bd0254c2a6d0267e621de43 -> 
  custom:framework-win-MediaFoundation: 216162199b28c13a410421893ffa2e32 -> 
  custom:CustomObjectIndexerAttribute: 72b91833f83ae208fae7752999fa3104 -> 
  custom:container-demuxer-webm: 4f35f7cbe854078d1ac9338744f61a02 -> 
  custom:container-muxer-webm: aa71ff27fc2769a1b78a27578f13a17b -> 
  custom:video-decoder-webm-vp8: 9c59270c3fd7afecdb556c50c9e8de78 -> 
  custom:SearchIndexIgnoredProperties: e643bd26f0fe6173181afceb89e7c659 -> 
  custom:AudioImporter_EditorPlatform: d09bf68614088b80899f8185d706f6e7 -> 
  custom:scripting/monoscript/fileName/CustomEvent.cs: 5e78259ed3d36b8757eca6fb45d668b1 -> e882e03c3066f644b478f7801ba4f72b
  custom:scripting/monoscript/fileName/Goddess.cs: c78d2f053f97759377a4ee13e811f021 -> 
  custom:scripting/monoscript/fileName/SkipCutscene.cs: 8a94bc49eb3b0fa2d2bef4b3782e7944 -> c43346a55a349eae9ec7b54b6088a1a2
  custom:video-encoder-webm-vp8: eb34c28f22e8b96e1ab97ce403110664 -> 
  custom:audio-decoder-ogg-vorbis: bf7c407c2cedff20999df2af8eb42d56 -> 
  custom:audio-encoder-webm-vorbis: bf7c407c2cedff20999df2af8eb42d56 -> 
  custom:scripting/monoscript/fileName/CutsceneCharacterMovement.cs: d266e7130a9c0007cbb7e86424a5cebf -> bad45eee895100f51ecc1701c9ab68c2
  custom:scripting/monoscript/fileName/PlayCutscene.cs: b351b9fc28864a6275c5a25c8823f0a1 -> 82f6fb680737ab96ef8cb55f7ca42e9b
========================================================================
Received Prepare
Begin MonoManager ReloadAssembly
Symbol file LoadedFromMemory is not a mono symbol file
- Loaded All Assemblies, in  0.593 seconds
Refreshing native plugins compatible for Editor in 6.47 ms, found 3 plugins.
Native extension for WindowsStandalone target not found
Native extension for Android target not found
[Package Manager] Server::EnsureServerProcessIsRunning -- launch failed, reason: Unity was launched with the -noUpm command-line argument
[Package Manager] UpmClient::Send -- Unable to send message (not connected to UPM process).
[Package Manager] Cannot connect to Unity Package Manager local server
Mono: successfully reloaded assembly
- Finished resetting the current domain, in  2.093 seconds
Domain Reload Profiling: 2682ms
	BeginReloadAssembly (184ms)
		ExecutionOrderSort (0ms)
		DisableScriptedObjects (5ms)
		BackupInstance (0ms)
		ReleaseScriptingObjects (0ms)
		CreateAndSetChildDomain (73ms)
	RebuildCommonClasses (32ms)
	RebuildNativeTypeToScriptingClass (10ms)
	initialDomainReloadingComplete (34ms)
	LoadAllAssembliesAndSetupDomain (328ms)
		LoadAssemblies (352ms)
		RebuildTransferFunctionScriptingTraits (0ms)
		AnalyzeDomain (51ms)
			TypeCache.Refresh (13ms)
				TypeCache.ScanAssembly (4ms)
			ScanForSourceGeneratedMonoScriptInfo (24ms)
			ResolveRequiredComponents (14ms)
	FinalizeReload (2093ms)
		ReleaseScriptCaches (0ms)
		RebuildScriptCaches (0ms)
		SetupLoadedEditorAssemblies (1549ms)
			LogAssemblyErrors (0ms)
			InitializePlatformSupportModulesInManaged (23ms)
			SetLoadedEditorAssemblies (4ms)
			RefreshPlugins (0ms)
			BeforeProcessingInitializeOnLoad (125ms)
			ProcessInitializeOnLoadAttributes (1254ms)
			ProcessInitializeOnLoadMethodAttributes (131ms)
			AfterProcessingInitializeOnLoad (12ms)
			EditorAssembliesLoaded (0ms)
		ExecutionOrderSort2 (0ms)
		AwakeInstancesAfterBackupRestoration (13ms)
Refreshing native plugins compatible for Editor in 6.29 ms, found 3 plugins.
Preloading 0 native plugins for Editor in 0.00 ms.
Unloading 6293 Unused Serialized files (Serialized files now loaded: 0)
Unloading 101 unused Assets / (3.3 MB). Loaded Objects now: 7486.
Memory consumption went from 305.6 MB to 302.3 MB.
Total: 14.915800 ms (FindLiveObjects: 0.394300 ms CreateObjectMapping: 0.260200 ms MarkObjects: 13.226600 ms  DeleteObjects: 1.034000 ms)

Prepare: number of updated asset objects reloaded= 0
AssetImportParameters requested are different than current active one (requested -> active):
  custom:container-demuxer-ogg: 62fdf1f143b41e24485cea50d1cbac27 -> 
  custom:video-decoder-ogg-theora: a1e56fd34408186e4bbccfd4996cb3dc -> 
  custom:scripting/monoscript/fileName/Cutscene.cs: b48d314a7bd0254c2a6d0267e621de43 -> 
  custom:framework-win-MediaFoundation: 216162199b28c13a410421893ffa2e32 -> 
  custom:CustomObjectIndexerAttribute: 72b91833f83ae208fae7752999fa3104 -> 
  custom:container-demuxer-webm: 4f35f7cbe854078d1ac9338744f61a02 -> 
  custom:container-muxer-webm: aa71ff27fc2769a1b78a27578f13a17b -> 
  custom:video-decoder-webm-vp8: 9c59270c3fd7afecdb556c50c9e8de78 -> 
  custom:SearchIndexIgnoredProperties: e643bd26f0fe6173181afceb89e7c659 -> 
  custom:AudioImporter_EditorPlatform: d09bf68614088b80899f8185d706f6e7 -> 
  custom:scripting/monoscript/fileName/CustomEvent.cs: 5e78259ed3d36b8757eca6fb45d668b1 -> e882e03c3066f644b478f7801ba4f72b
  custom:scripting/monoscript/fileName/Goddess.cs: c78d2f053f97759377a4ee13e811f021 -> 
  custom:scripting/monoscript/fileName/SkipCutscene.cs: 8a94bc49eb3b0fa2d2bef4b3782e7944 -> c43346a55a349eae9ec7b54b6088a1a2
  custom:video-encoder-webm-vp8: eb34c28f22e8b96e1ab97ce403110664 -> 
  custom:audio-decoder-ogg-vorbis: bf7c407c2cedff20999df2af8eb42d56 -> 
  custom:audio-encoder-webm-vorbis: bf7c407c2cedff20999df2af8eb42d56 -> 
  custom:scripting/monoscript/fileName/CutsceneCharacterMovement.cs: d266e7130a9c0007cbb7e86424a5cebf -> bad45eee895100f51ecc1701c9ab68c2
  custom:scripting/monoscript/fileName/PlayCutscene.cs: b351b9fc28864a6275c5a25c8823f0a1 -> 82f6fb680737ab96ef8cb55f7ca42e9b
